sequence	value	source_row	exclusion_reason	nearest_test_hamming_distance	nearest_validation_hamming_distance
AETIAAVL	0.100607	26	too_close_to_test	1.0	
KEHSDAKK	-0.38397	2397	too_close_to_test	1.0	
KETIAASL	0.357026	1198	too_close_to_test	1.0	
KETNAVKQ	-0.17009	2283	too_close_to_test	1.0	
LESTASKL	0.276313	1733	too_close_to_test	1.0	
KESVASDL	0.434976	1089	too_close_to_test	1.0	
HETTAVKK	0.445151	601	too_close_to_test	1.0	
EESNAAKL	1.172333	175	too_close_to_test	1.0	
KESNAVKV	0.308721	911	too_close_to_test	1.0	
RESTGVKK	0.190061	2057	too_close_to_test	1.0	
KESSGSKL	0.236283	1021	too_close_to_test	1.0	
RETTAVKR	0.474458	2134	too_close_to_test	1.0	
RETVASKL	0.897632	2148	too_close_to_test	1.0	
KETRASNL	0.1807	1301	too_close_to_test	1.0	
NETWGVKK	-0.068815	2263	too_close_to_test	1.0	
EETFAAKL	0.87458	332	too_close_to_test	1.0	
QESRASKL	0.034725	1842	too_close_to_test	1.0	
KETIGSKK	0.414058	1224	too_close_to_test	1.0	
KASRAADL	0.021796	651	too_close_to_test	1.0	
EDTTAAKL	0.273608	106	too_close_to_test	1.0	
LESSAVKL	0.113028	1730	too_close_to_test	1.0	
KETYASKL	0.349884	1448	too_close_to_test	1.0	
KESNAVTL	0.088742	920	too_close_to_test	1.0	
RETTAVKQ	0.28912	2133	too_close_to_test	1.0	
RPNTAVKK	0.277212	2159	too_close_to_test	1.0	
RDTSASKE	-0.571491	3565	too_close_to_test	1.0	
NESTAVKK	0.079788	1787	too_close_to_test	1.0	
EESRAVKK	0.642823	210	too_close_to_test	1.0	
KESSASTL	0.13608	999	too_close_to_test	1.0	
KESAAAKK	0.231055	784	too_close_to_test	1.0	
KSTSAVKK	0.176698	1681	too_close_to_test	1.0	
KETKESKR	-0.320627	2355	too_close_to_test	1.0	
GETSASKK	-1.147398	4460	too_close_to_test	1.0	
KETEAAKK	0.051759	1153	too_close_to_test	1.0	
QETDASKK	0.17535	1877	too_close_to_test	1.0	
EENNAVKL	0.740071	115	too_close_to_test	1.0	
EETTGAKL	0.088276	441	too_close_to_test	1.0	
EETSDAKR	0.186457	412	too_close_to_test	1.0	
EESNAADL	0.93825	172	too_close_to_test	1.0	
LESNAVDL	0.006001	1719	too_close_to_test	1.0	
EETSAAKI	0.069488	401	too_close_to_test	1.0	
EETEATKK	0.165702	329	too_close_to_test	1.0	
QATTASQE	-0.861091	4350	too_close_to_test	1.0	
EETRASKL	1.253376	385	too_close_to_test	1.0	
RETSAVKI	0.363784	2115	too_close_to_test	1.0	
RETVAADL	0.037036	2144	too_close_to_test	1.0	
KETTAAKA	-0.550301	3305	too_close_to_test	1.0	
LETRASKK	-0.62402	3847	too_close_to_test	1.0	
IESAAVKK	0.193088	612	too_close_to_test	1.0	
KESRAEKL	0.13094	954	too_close_to_test	1.0	
EESIASVT	0.788517	162	too_close_to_test	1.0	
KETSASDL	0.16858	1337	too_close_to_test	1.0	
KQTDGSKK	0.625047	1624	too_close_to_test	1.0	
QQSRAAKK	0.514157	1939	too_close_to_test	1.0	
KETDASDL	0.024607	1143	too_close_to_test	1.0	
AESIAVKK	0.003986	3	too_close_to_test	1.0	
KETAAVKL	1.129213	1136	too_close_to_test	1.0	
KESSGAKL	0.086521	1019	too_close_to_test	1.0	
KESRAVKL	0.718173	966	too_close_to_test	1.0	
EQSSAAKI	0.224621	493	too_close_to_test	1.0	
HETRAAKL	0.016997	592	too_close_to_test	1.0	
KESSASVL	0.168264	1000	too_close_to_test	1.0	
KESFAVKK	1.749646	824	too_close_to_test	1.0	
LETLASKL	-0.3227	2358	too_close_to_test	1.0	
KESEAVKK	0.498917	810	too_close_to_test	1.0	
QDTTASDL	-0.571491	3528	too_close_to_test	1.0	
KESVAAKK	1.180113	1086	too_close_to_test	1.0	
KETVAVKI	0.506373	1433	too_close_to_test	1.0	
EESNASKL	1.010004	179	too_close_to_test	1.0	
KDTIAAKL	0.076582	720	too_close_to_test	1.0	
EQTEAVKK	0.051759	521	too_close_to_test	1.0	
NESWGSKL	0.455451	1789	too_close_to_test	1.0	
KETIATKL	0.07524	1211	too_close_to_test	1.0	
EESTGVKL	-0.249271	2308	too_close_to_test	1.0	
EESSVSKL	0.500391	268	too_close_to_test	1.0	
KESAAVKL	0.744098	794	too_close_to_test	1.0	
DETRAVKI	0.154421	57	too_close_to_test	1.0	
KETRASDL	0.662774	1298	too_close_to_test	1.0	
SESFAVKK	0.026935	2190	too_close_to_test	1.0	
KESWGSVK	0.327965	1116	too_close_to_test	1.0	
TETRAVKI	0.624912	2225	too_close_to_test	1.0	
TESNAVKK	0.104177	2213	too_close_to_test	1.0	
QPTGAVKK	0.352789	1932	too_close_to_test	1.0	
KHSIAAKK	0.085183	1482	too_close_to_test	1.0	
DETTASKT	-0.387574	2416	too_close_to_test	1.0	
NESWGSKK	0.729298	1788	too_close_to_test	1.0	
KSTAAAKL	-0.260552	2317	too_close_to_test	1.0	
KETTAAVL	0.261018	1381	too_close_to_test	1.0	
KETRAVKL	2.111757	1309	too_close_to_test	1.0	
RESGGVKK	0.089547	1999	too_close_to_test	1.0	
EESSAADL	1.678631	217	too_close_to_test	1.0	
HETRAVKI	0.964609	594	too_close_to_test	1.0	
HETIAVKK	0.037036	590	too_close_to_test	1.0	
KETNAVKR	0.204726	1272	too_close_to_test	1.0	
KGATAVKK	-0.425362	2446	too_close_to_test	1.0	
KESSAAKI	0.448172	982	too_close_to_test	1.0	
EETRESKR	0.520017	398	too_close_to_test	1.0	
KPNTGVKK	0.077313	1515	too_close_to_test	1.0	
RATIAAKL	0.084288	1960	too_close_to_test	1.0	
KESYAVKK	0.106116	1126	too_close_to_test	1.0	
QESVAAKL	0.501728	1866	too_close_to_test	1.0	
LETRAAKL	0.008293	1748	too_close_to_test	1.0	
KESAATKL	0.079788	790	too_close_to_test	1.0	
KESFAARL	-0.425362	2442	too_close_to_test	1.0	
KESGAVKK	0.14544	829	too_close_to_test	1.0	
SESTAVKL	0.255879	2196	too_close_to_test	1.0	
IETTAVKK	0.332202	636	too_close_to_test	1.0	
RETRAVKL	0.855146	2110	too_close_to_test	1.0	
KENNAVKM	0.038395	761	too_close_to_test	1.0	
EESIAAKK	0.706431	153	too_close_to_test	1.0	
KESEASKK	0.21483	808	too_close_to_test	1.0	
RETAAPKK	-0.680635	4100	too_close_to_test	1.0	
KESDSSEK	-0.504544	2934	too_close_to_test	1.0	
KQIDAVKK	0.026935	1541	too_close_to_test	1.0	
EETVASKL	1.657612	452	too_close_to_test	1.0	
HESNAVKL	0.658618	562	too_close_to_test	1.0	
AETEASKL	-0.425362	2431	too_close_to_test	1.0	
KESTGAKK	0.365417	1073	too_close_to_test	1.0	
KESNAIKK	0.384503	886	too_close_to_test	1.0	
IESIASKI	0.187421	617	too_close_to_test	1.0	
LETAAVKK	0.032015	1741	too_close_to_test	1.0	
EESAAVKI	0.237395	126	too_close_to_test	1.0	
HGTSASYK	-0.466755	2534	too_close_to_test	1.0	
QETTAADL	0.319365	1909	too_close_to_test	1.0	
EESTGSDL	-0.211483	2294	too_close_to_test	1.0	
EEAFAAKL	-0.346181	2363	too_close_to_test	1.0	
QESSAVKI	0.024607	1851	too_close_to_test	1.0	
KETSDSKL	0.14137	1362	too_close_to_test	1.0	
QIATASKK	-1.016427	4427	too_close_to_test	1.0	
EESRAAKL	1.952922	204	too_close_to_test	1.0	
LESVAAKL	0.741728	1737	too_close_to_test	1.0	
QQTDAVDL	0.093151	1946	too_close_to_test	1.0	
KESSVSKL	0.203026	1027	too_close_to_test	1.0	
QETAASYK	-0.930512	4393	too_close_to_test	1.0	
RETTAVQK	0.124309	2138	too_close_to_test	1.0	
QEVSASTQ	-0.571491	3542	too_close_to_test	1.0	
EQTDAAKL	0.419736	512	too_close_to_test	1.0	
QQSRAAKL	0.837647	1940	too_close_to_test	1.0	
NQTDAVKL	0.065999	1803	too_close_to_test	1.0	
KESSAVKM	0.160903	1008	too_close_to_test	1.0	
KDSWGSKR	0.000606	717	too_close_to_test	1.0	
RETTATKL	0.176698	2125	too_close_to_test	1.0	
RETNATKL	-0.466755	2775	too_close_to_test	1.0	
RESNAVKK	1.052066	2019	too_close_to_test	1.0	
RQSHAAKL	-0.103143	2269	too_close_to_test	1.0	
RETMAVKK	0.006001	2097	too_close_to_test	1.0	
KESVGVKK	0.004762	1100	too_close_to_test	1.0	
KESRSSKL	0.150369	980	too_close_to_test	1.0	
PEAIASRT	-0.504544	3006	too_close_to_test	1.0	
KQTDAVKT	0.552361	1612	too_close_to_test	1.0	
EETSAAKL	1.065999	403	too_close_to_test	1.0	
IESVAVKK	0.057291	628	too_close_to_test	1.0	
KESVASVL	0.266308	1094	too_close_to_test	1.0	
KDTVASKL	0.192686	732	too_close_to_test	1.0	
EESSASSL	0.237395	240	too_close_to_test	1.0	
QESTAVKI	0.361222	1860	too_close_to_test	1.0	
KESWGSRK	0.021796	1115	too_close_to_test	1.0	
GETRAVKI	0.079788	549	too_close_to_test	1.0	
EESSASKI	1.04827	229	too_close_to_test	1.0	
KVRSASVK	-0.704116	4137	too_close_to_test	1.0	
KESWGSKL	1.720507	1111	too_close_to_test	1.0	
KESRAANL	0.208106	952	too_close_to_test	1.0	
KQTDAVKQ	0.563642	1609	too_close_to_test	1.0	
KGSTAAKL	0.154421	1461	too_close_to_test	1.0	
NETRAVKI	0.707644	1793	too_close_to_test	1.0	
KSSVAAKK	-0.146609	2278	too_close_to_test	1.0	
EGSTAVKL	0.449699	464	too_close_to_test	1.0	
KETIAEDL	0.553882	1203	too_close_to_test	1.0	
KETIAVDL	0.462664	1212	too_close_to_test	1.0	
EESHASKL	0.194426	150	too_close_to_test	1.0	
EESSATKL	0.187421	245	too_close_to_test	1.0	
RETIAAKI	0.277538	2084	too_close_to_test	1.0	
EETDATKK	0.645993	324	too_close_to_test	1.0	
KETKAVKI	0.021796	1237	too_close_to_test	1.0	
LESRAADL	0.264834	1722	too_close_to_test	1.0	
KETMATKL	0.628995	1255	too_close_to_test	1.0	
KESSNAKL	0.737365	1024	too_close_to_test	1.0	
PGSAASKK	-0.875331	4361	too_close_to_test	1.0	
KETSDVKK	0.750729	1365	too_close_to_test	1.0	
RESNAVKR	0.273608	2022	too_close_to_test	1.0	
RESSASKI	0.176698	2036	too_close_to_test	1.0	
TVTAASYK	-0.571491	3630	too_close_to_test	1.0	
DETSAVKK	0.35932	58	too_close_to_test	1.0	
EESDSSKK	0.154421	131	too_close_to_test	1.0	
EETAAAKK	0.039524	310	too_close_to_test	1.0	
RETTAVKM	0.611276	2131	too_close_to_test	1.0	
KESWGAKL	0.13094	1107	too_close_to_test	1.0	
EESSAAKK	0.961519	219	too_close_to_test	1.0	
QESNAVKK	0.552666	1836	too_close_to_test	1.0	
KETDAADL	0.165702	1141	too_close_to_test	1.0	
KETSAVKR	0.799372	1350	too_close_to_test	1.0	
KDTTAVKI	0.41558	728	too_close_to_test	1.0	
KEAPASRN	-0.504544	2923	too_close_to_test	1.0	
KPTTAVKI	0.501728	1535	too_close_to_test	1.0	
EQTHAAKL	0.338066	522	too_close_to_test	1.0	
EETTATKL	0.43761	428	too_close_to_test	1.0	
EQTTAAKL	0.296673	529	too_close_to_test	1.0	
KQTDAVKI	1.556909	1604	too_close_to_test	1.0	
KETKAAKL	0.781763	1233	too_close_to_test	1.0	
RESTASNK	-1.412134	4489	too_close_to_test	1.0	
KETTAAKL	0.813295	1373	too_close_to_test	1.0	
VETRAVKI	0.13094	2245	too_close_to_test	1.0	
EETSDTKL	0.21809	413	too_close_to_test	1.0	
KETSASRL	-0.492309	2846	too_close_to_test	1.0	
KATVAAKK	0.778758	681	too_close_to_test	1.0	
KGTIAAKL	0.393407	1471	too_close_to_test	1.0	
KESDAAKK	0.419736	799	too_close_to_test	1.0	
KETTATDL	0.622561	1385	too_close_to_test	1.0	
KATTAVKL	0.184384	679	too_close_to_test	1.0	
KETVVSKL	0.037036	1442	too_close_to_test	1.0	
RESFAADL	0.726369	1984	too_close_to_test	1.0	
KKSNAVKK	0.214486	1487	too_close_to_test	1.0	
EETDASKL	0.682271	323	too_close_to_test	1.0	
EESIAAKL	1.044892	154	too_close_to_test	1.0	
KETTATKL	0.911188	1387	too_close_to_test	1.0	
KQSTASTN	-0.571491	3447	too_close_to_test	1.0	
KETSAVRK	0.158214	1355	too_close_to_test	1.0	
QETSASNR	-0.57663	3643	too_close_to_test	1.0	
KETIATKK	0.043159	1210	too_close_to_test	1.0	
RETAAVKL	0.282208	2072	too_close_to_test	1.0	
IESWGSKL	0.176698	630	too_close_to_test	1.0	
KETSDAKR	0.595827	1361	too_close_to_test	1.0	
KESSDAKL	0.619308	1013	too_close_to_test	1.0	
KESSAVRK	0.081722	1011	too_close_to_test	1.0	
KQTDAVEK	0.089547	1602	too_close_to_test	1.0	
RESTAADL	0.567338	2044	too_close_to_test	1.0	
KATNAVKL	0.093151	676	too_close_to_test	1.0	
KETTGAKK	0.104758	1406	too_close_to_test	1.0	
SESRAAKL	0.041293	2193	too_close_to_test	1.0	
KESNGADL	-0.249271	2311	too_close_to_test	1.0	
KESDAAKL	0.22785	800	too_close_to_test	1.0	
QETEASKL	0.260035	1881	too_close_to_test	1.0	
EETSAVKI	0.766241	407	too_close_to_test	1.0	
KQTDAVKV	0.124309	1613	too_close_to_test	1.0	
KESFATKS	0.158969	821	too_close_to_test	1.0	
EESSGAKL	0.419736	259	too_close_to_test	1.0	
RESSAVKR	0.026935	2042	too_close_to_test	1.0	
KQGDASKK	-0.530098	3123	too_close_to_test	1.0	
KETDATDL	0.142839	1146	too_close_to_test	1.0	
KETNGVKL	-0.311419	2348	too_close_to_test	1.0	
KAATASKD	-0.504544	2907	too_close_to_test	1.0	
QETSASES	-0.504544	3033	too_close_to_test	1.0	
EETWGSKK	0.028896	458	too_close_to_test	1.0	
KESVASKI	0.00734	1090	too_close_to_test	1.0	
EESNAAKK	0.52888	174	too_close_to_test	1.0	
RESTAVKL	1.1407	2053	too_close_to_test	1.0	
KETAAAKI	0.003067	1128	too_close_to_test	1.0	
RQTTAVKK	0.237834	2181	too_close_to_test	1.0	
KDSTAVKL	0.321531	706	too_close_to_test	1.0	
EETEASKL	0.176698	328	too_close_to_test	1.0	
RESTAAKI	0.553207	2045	too_close_to_test	1.0	
DESSAVKK	0.357588	50	too_close_to_test	1.0	
HETRASKL	0.176698	593	too_close_to_test	1.0	
KEAAAVKK	0.184384	733	too_close_to_test	1.0	
IETNASKL	0.099093	631	too_close_to_test	1.0	
QESNAAKL	0.21146	1832	too_close_to_test	1.0	
QESTAAKK	-0.001428	2253	too_close_to_test	1.0	
KDTSGSSK	-0.504544	2920	too_close_to_test	1.0	
KETRAAKL	1.23024	1296	too_close_to_test	1.0	
KETMAVKK	0.678319	1258	too_close_to_test	1.0	
KDTGASAI	-0.466755	2570	too_close_to_test	1.0	
KDSVASKL	0.13094	714	too_close_to_test	1.0	
EESYAAKM	-0.279234	2324	too_close_to_test	1.0	
KGTPASMK	-0.601454	3719	too_close_to_test	1.0	
KESWGSKS	0.197887	1113	too_close_to_test	1.0	
KATIAAKK	0.11511	668	too_close_to_test	1.0	
KEPVASKL	-0.140127	2275	too_close_to_test	1.0	
QESSGSKL	-0.290664	2339	too_close_to_test	1.0	
LETTAVKK	0.559615	1762	too_close_to_test	1.0	
RPTGGVKL	0.205343	2161	too_close_to_test	1.0	
NESRASKL	0.073893	1786	too_close_to_test	1.0	
KETNGADL	0.425339	1275	too_close_to_test	1.0	
EQSVAAKL	0.508294	508	too_close_to_test	1.0	
KQTDAAKK	1.026005	1594	too_close_to_test	1.0	
RESFAVKL	1.848465	1992	too_close_to_test	1.0	
EETVASDL	0.498917	449	too_close_to_test	1.0	
KESRAAKM	0.232215	949	too_close_to_test	1.0	
KQTSAVKK	0.542779	1648	too_close_to_test	1.0	
KQSTAAKK	0.518233	1577	too_close_to_test	1.0	
KESNAVDK	0.168264	897	too_close_to_test	1.0	
KESNAVKM	0.915082	904	too_close_to_test	1.0	
HETRAVKK	0.203026	595	too_close_to_test	1.0	
EESNASTK	-0.451691	2464	too_close_to_test	1.0	
AESWGSKK	0.196003	19	too_close_to_test	1.0	
KESVAAKM	0.779605	1088	too_close_to_test	1.0	
KESTDVKK	0.560849	1066	too_close_to_test	1.0	
KETMATKR	0.13094	1256	too_close_to_test	1.0	
EESFAAKK	0.118706	139	too_close_to_test	1.0	
RESKAVKK	0.156494	2009	too_close_to_test	1.0	
KQTDASKL	1.679466	1599	too_close_to_test	1.0	
MESNAVKI	0.192492	1774	too_close_to_test	1.0	
QEPSASHK	-0.571491	3534	too_close_to_test	1.0	
KETRESKK	0.475551	1325	too_close_to_test	1.0	
EETVGSKL	0.201521	457	too_close_to_test	1.0	
KESSASDL	1.718767	988	too_close_to_test	1.0	
VETTAVKK	0.158214	2246	too_close_to_test	1.0	
KETAAVRK	0.890995	1137	too_close_to_test	1.0	
EETAAVKK	1.098239	316	too_close_to_test	1.0	
KQTEASKK	0.040478	1628	too_close_to_test	1.0	
KQTDAVKN	0.472764	1608	too_close_to_test	1.0	
KESTAAKL	0.630673	1033	too_close_to_test	1.0	
HETIAAKL	0.377411	589	too_close_to_test	1.0	
GETTAVKK	-0.037182	2258	too_close_to_test	1.0	
RETAATKK	0.645701	2068	too_close_to_test	1.0	
EATIAAKK	0.627396	79	too_close_to_test	1.0	
QESIAAKL	0.109751	1827	too_close_to_test	1.0	
RETTASKL	0.350764	2124	too_close_to_test	1.0	
KESRASDL	0.979672	955	too_close_to_test	1.0	
KQSRAADL	0.065999	1562	too_close_to_test	1.0	
KESNAVVL	0.506373	922	too_close_to_test	1.0	
KETTAATL	0.282656	1380	too_close_to_test	1.0	
KETSAVTK	0.091267	1357	too_close_to_test	1.0	
KESNSSKL	0.827491	936	too_close_to_test	1.0	
KHSRAAKK	0.341508	1484	too_close_to_test	1.0	
LQTKASKL	-0.346181	2371	too_close_to_test	1.0	
NETTAVKL	0.086521	1798	too_close_to_test	1.0	
KQTDAVKM	0.605127	1607	too_close_to_test	1.0	
HESNAVKI	0.024607	560	too_close_to_test	1.0	
KESSAVDL	0.400213	1004	too_close_to_test	1.0	
EETMAVKK	0.472265	368	too_close_to_test	1.0	
KETNDAKL	0.21146	1274	too_close_to_test	1.0	
RETTAVKN	0.251331	2132	too_close_to_test	1.0	
KETAASKL	0.086227	1131	too_close_to_test	1.0	
KETFAAKI	0.216569	1164	too_close_to_test	1.0	
EETEASKK	0.463939	327	too_close_to_test	1.0	
EETKAVKK	0.051759	359	too_close_to_test	1.0	
KETTDVKK	0.380817	1403	too_close_to_test	1.0	
EETTAAKI	0.695558	416	too_close_to_test	1.0	
EESVAAKK	0.467743	294	too_close_to_test	1.0	
RETTAVKS	0.486682	2135	too_close_to_test	1.0	
KESRASKI	0.107875	956	too_close_to_test	1.0	
KETVAANL	0.193088	1419	too_close_to_test	1.0	
NETRAVKL	0.038395	1795	too_close_to_test	1.0	
HKTTASNK	-0.571491	3362	too_close_to_test	1.0	
NESNAVKL	0.284331	1784	too_close_to_test	1.0	
KATVASKL	0.842647	684	too_close_to_test	1.0	
WETTAVKK	0.016997	2248	too_close_to_test	1.0	
KERSAVKK	0.086521	777	too_close_to_test	1.0	
KDTSAVKK	0.008293	723	too_close_to_test	1.0	
EESRASTK	-0.466755	2506	too_close_to_test	1.0	
KEHSAVKL	0.083943	743	too_close_to_test	1.0	
KSTIAAKK	0.109751	1679	too_close_to_test	1.0	
KESRAAKK	1.969877	947	too_close_to_test	1.0	
KESHAVKK	0.42793	834	too_close_to_test	1.0	
KETTAAKR	0.071237	1375	too_close_to_test	1.0	
HETIAAKK	0.089083	588	too_close_to_test	1.0	
KESVAVKI	0.101447	1096	too_close_to_test	1.0	
KETIASDL	0.505399	1205	too_close_to_test	1.0	
EESNAVKL	2.087944	184	too_close_to_test	1.0	
KQTDAADL	1.408422	1592	too_close_to_test	1.0	
KESNAVKL	2.171636	903	too_close_to_test	1.0	
KETVAVKK	1.117431	1434	too_close_to_test	1.0	
IETTAVKL	0.086521	637	too_close_to_test	1.0	
KESNAVKR	0.814142	908	too_close_to_test	1.0	
EESNGVKK	0.34549	197	too_close_to_test	1.0	
QETDAVKK	0.42793	1879	too_close_to_test	1.0	
EQTDAVKR	0.079788	519	too_close_to_test	1.0	
KESTAAKK	0.792016	1032	too_close_to_test	1.0	
EESTAAKI	1.193608	270	too_close_to_test	1.0	
IAASASKK	-0.688604	4116	too_close_to_test	1.0	
NESWGSKR	0.836213	1790	too_close_to_test	1.0	
KQSDAVKK	0.578568	1551	too_close_to_test	1.0	
EETIAAKI	0.555332	341	too_close_to_test	1.0	
EESIASKL	1.054165	159	too_close_to_test	1.0	
KESNALKK	0.782362	887	too_close_to_test	1.0	
KQTVAADL	0.214486	1658	too_close_to_test	1.0	
KESWGTKK	0.933207	1118	too_close_to_test	1.0	
KDTDAAKK	0.038395	718	too_close_to_test	1.0	
RESSASDL	0.699576	2035	too_close_to_test	1.0	
KESKAAKL	0.837879	858	too_close_to_test	1.0	
KETLAAKI	0.336019	1242	too_close_to_test	1.0	
KESTATKK	0.539044	1051	too_close_to_test	1.0	
KQSSAAKI	0.113907	1569	too_close_to_test	1.0	
KATVASIK	-0.425362	2439	too_close_to_test	1.0	
LETRASVL	-0.393178	2427	too_close_to_test	1.0	
KETIAVKK	1.251259	1214	too_close_to_test	1.0	
EPTGGVKK	0.575373	480	too_close_to_test	1.0	
EQTTAVKL	0.176698	533	too_close_to_test	1.0	
RESNAVKL	1.541561	2020	too_close_to_test	1.0	
KQTTAVKL	0.598771	1655	too_close_to_test	1.0	
QETIAVKL	0.021796	1891	too_close_to_test	1.0	
QEPSASLK	-0.504544	3028	too_close_to_test	1.0	
RESTAVKK	0.968147	2052	too_close_to_test	1.0	
RKASASKK	-0.463151	2487	too_close_to_test	1.0	
KETAAVRL	0.536849	1138	too_close_to_test	1.0	
KESNGVKL	0.457524	932	too_close_to_test	1.0	
KETTATKK	0.428509	1386	too_close_to_test	1.0	
KESIAAKK	0.649963	837	too_close_to_test	1.0	
QENWGVKK	0.265639	1820	too_close_to_test	1.0	
KESTATDL	0.30837	1050	too_close_to_test	1.0	
HETRATKK	-0.457547	2466	too_close_to_test	1.0	
EESVASKI	0.011887	297	too_close_to_test	1.0	
QNTVAVKL	0.187421	1929	too_close_to_test	1.0	
KGTTAVKL	0.21146	1480	too_close_to_test	1.0	
EESRAADL	0.664543	201	too_close_to_test	1.0	
KESSASKM	0.509697	992	too_close_to_test	1.0	
KESRGAKL	0.545781	976	too_close_to_test	1.0	
EESTASKK	0.580634	276	too_close_to_test	1.0	
KETFAAKK	0.873248	1165	too_close_to_test	1.0	
PESFAVKK	-0.512513	3108	too_close_to_test	1.0	
KESNAAKL	1.311463	881	too_close_to_test	1.0	
EQSHAAKL	0.118706	488	too_close_to_test	1.0	
EESSATKK	0.4424	244	too_close_to_test	1.0	
KEGSASKL	0.203026	739	too_close_to_test	1.0	
EGSSASKL	0.249805	462	too_close_to_test	1.0	
EESNAVKT	0.185652	190	too_close_to_test	1.0	
EESLASKL	0.066736	170	too_close_to_test	1.0	
LETSAVKL	0.213839	1754	too_close_to_test	1.0	
EETTAAKR	0.071962	420	too_close_to_test	1.0	
KESTGAKI	0.095703	1072	too_close_to_test	1.0	
KQSNAVKK	0.61603	1559	too_close_to_test	1.0	
EESAASKL	0.277538	124	too_close_to_test	1.0	
EETIAADL	1.38269	340	too_close_to_test	1.0	
RETTAAKK	0.275252	2121	too_close_to_test	1.0	
KETIAAEL	0.101447	1188	too_close_to_test	1.0	
KSPTAAKK	-0.571491	3453	too_close_to_test	1.0	
EPTGGVKL	0.515516	481	too_close_to_test	1.0	
EASSASKK	-0.767785	4244	too_close_to_test	1.0	
EESIASDL	0.021796	157	too_close_to_test	1.0	
EQSRAAKK	0.296673	489	too_close_to_test	1.0	
AESIASKL	0.238845	2	too_close_to_test	1.0	
TESRAAKL	0.467924	2217	too_close_to_test	1.0	
KASIAVKK	0.167554	648	too_close_to_test	1.0	
RESTAVKR	0.407944	2054	too_close_to_test	1.0	
KESMAVKR	0.142839	876	too_close_to_test	1.0	
EESNAVTK	0.106116	193	too_close_to_test	1.0	
KECSASKL	0.093151	737	too_close_to_test	1.0	
NETIASKL	0.099183	1792	too_close_to_test	1.0	
KVSRAAKL	1.03876	1696	too_close_to_test	1.0	
RESTAVDL	0.322826	2050	too_close_to_test	1.0	
KDSVAAKL	1.090511	713	too_close_to_test	1.0	
KETTAADL	1.344944	1370	too_close_to_test	1.0	
EQTDAVKI	0.708176	516	too_close_to_test	1.0	
KGPTASRQ	-0.601454	3717	too_close_to_test	1.0	
SDTVASKL	-0.062185	2261	too_close_to_test	1.0	
KETRAVKS	0.714517	1313	too_close_to_test	1.0	
KETYAVKK	0.524471	1449	too_close_to_test	1.0	
KQSAAVKK	0.266874	1546	too_close_to_test	1.0	
RESWGSKL	0.805086	2064	too_close_to_test	1.0	
SQTVAAKL	0.051759	2206	too_close_to_test	1.0	
EESVAVKK	0.574638	299	too_close_to_test	1.0	
IESVASKL	0.051759	627	too_close_to_test	1.0	
QETDASDL	0.118706	1875	too_close_to_test	1.0	
RQTDAVKL	1.116217	2180	too_close_to_test	1.0	
AESSASKK	0.1807	10	too_close_to_test	1.0	
NESRAAKL	0.183876	1785	too_close_to_test	1.0	
EESSASQL	0.599461	238	too_close_to_test	1.0	
KKPTAAKK	-0.571491	3436	too_close_to_test	1.0	
TGSIATKL	0.271934	2238	too_close_to_test	1.0	
KESRDAKK	0.509912	968	too_close_to_test	1.0	
EETSAAKK	0.164463	402	too_close_to_test	1.0	
EESNAVKN	0.196003	186	too_close_to_test	1.0	
REKIAADL	0.006001	1974	too_close_to_test	1.0	
KRSTASKL	-0.387574	2420	too_close_to_test	1.0	
KESFASKK	0.398546	819	too_close_to_test	1.0	
KQTEAVKK	0.759329	1629	too_close_to_test	1.0	
RESAAVDL	0.051759	1979	too_close_to_test	1.0	
KESEAVVK	0.560849	812	too_close_to_test	1.0	
KESTGSKL	0.377674	1076	too_close_to_test	1.0	
EETTASIG	-0.539306	3142	too_close_to_test	1.0	
METTAVKK	0.326686	1779	too_close_to_test	1.0	
EESSAVKL	1.203157	249	too_close_to_test	1.0	
EESSSSKK	0.208106	265	too_close_to_test	1.0	
QESTAAVL	0.302484	1856	too_close_to_test	1.0	
EETTAEKL	0.038395	422	too_close_to_test	1.0	
KETRAADL	1.450225	1293	too_close_to_test	1.0	
DQTDAVKK	0.214486	63	too_close_to_test	1.0	
KESTASHK	-0.948241	4400	too_close_to_test	1.0	
KEATATRK	-0.466755	2577	too_close_to_test	1.0	
IETHAAKL	-0.320627	2354	too_close_to_test	1.0	
EDSVAVKK	0.794746	102	too_close_to_test	1.0	
KETTAAKM	0.871381	1374	too_close_to_test	1.0	
RESNAVNK	-0.279234	2334	too_close_to_test	1.0	
KETSAVKN	0.364688	1348	too_close_to_test	1.0	
RESWGSNK	0.088276	2066	too_close_to_test	1.0	
EETRAVKL	1.362924	391	too_close_to_test	1.0	
EASIAAKL	0.786567	68	too_close_to_test	1.0	
IESRASKN	-0.466755	2544	too_close_to_test	1.0	
KETTDAKL	1.028635	1401	too_close_to_test	1.0	
EQSSAAKK	1.032454	494	too_close_to_test	1.0	
KESSDVKI	0.106116	1017	too_close_to_test	1.0	
QESWGSKK	0.944994	1869	too_close_to_test	1.0	
KQSWGSKK	0.647188	1587	too_close_to_test	1.0	
KETDATKL	0.798063	1149	too_close_to_test	1.0	
EETTATKR	0.869104	429	too_close_to_test	1.0	
AETAAVKK	0.138909	20	too_close_to_test	1.0	
KESNGSKK	0.935578	929	too_close_to_test	1.0	
RPTTAVKK	0.438418	2162	too_close_to_test	1.0	
KESNATKK	0.785491	894	too_close_to_test	1.0	
KERTAVKK	0.197887	778	too_close_to_test	1.0	
TETRAVKL	0.273608	2227	too_close_to_test	1.0	
KKSSAVKK	0.186457	1490	too_close_to_test	1.0	
QESVAVKL	-0.346181	2372	too_close_to_test	1.0	
EESIAVKK	0.504056	163	too_close_to_test	1.0	
KESTASDR	-0.560061	3312	too_close_to_test	1.0	
RASWGSKK	0.061978	1959	too_close_to_test	1.0	
QESTAVKR	0.000606	1863	too_close_to_test	1.0	
EESWASKL	0.064724	300	too_close_to_test	1.0	
EETMATKL	0.079788	367	too_close_to_test	1.0	
EETTAVKL	1.497437	433	too_close_to_test	1.0	
KESVAADL	0.701742	1084	too_close_to_test	1.0	
EESTAVKL	0.878995	284	too_close_to_test	1.0	
KASIAAKK	0.855292	646	too_close_to_test	1.0	
EPTTAVKL	0.307031	483	too_close_to_test	1.0	
KESTAAQL	0.063658	1037	too_close_to_test	1.0	
RQSVAAKL	0.093151	2172	too_close_to_test	1.0	
KESVAVKL	0.591671	1098	too_close_to_test	1.0	
LETRAVKK	0.43197	1751	too_close_to_test	1.0	
KQSRAVKK	0.101447	1566	too_close_to_test	1.0	
KETVASKL	1.742987	1424	too_close_to_test	1.0	
KETIAVKV	0.273608	1219	too_close_to_test	1.0	
NEAPASKI	-0.504544	2990	too_close_to_test	1.0	
QESTAVKL	0.552361	1862	too_close_to_test	1.0	
EESSASKL	1.010297	231	too_close_to_test	1.0	
KESTAVDL	0.82015	1054	too_close_to_test	1.0	
AETDASKL	0.077313	22	too_close_to_test	1.0	
QETKASKL	0.0022	1892	too_close_to_test	1.0	
KETIAAVL	0.511654	1200	too_close_to_test	1.0	
KESFAAKK	0.846811	817	too_close_to_test	1.0	
QENNAVKK	0.434262	1819	too_close_to_test	1.0	
EQTSAVKK	0.127479	527	too_close_to_test	1.0	
TESDAVKK	0.019574	2209	too_close_to_test	1.0	
EDSTASKL	0.219732	92	too_close_to_test	1.0	
QDSIAAKL	0.214486	1811	too_close_to_test	1.0	
HETRAVKL	0.21809	596	too_close_to_test	1.0	
KDSAASKL	1.10477	691	too_close_to_test	1.0	
EETRAVKI	2.159195	389	too_close_to_test	1.0	
RETTASTK	-1.460476	4492	too_close_to_test	1.0	
KETEASKL	0.632177	1157	too_close_to_test	1.0	
RQTVAAKL	0.659809	2184	too_close_to_test	1.0	
QESTASKL	0.365719	1859	too_close_to_test	1.0	
HESTESKK	-0.279234	2326	too_close_to_test	1.0	
LESRAVKK	0.079788	1726	too_close_to_test	1.0	
KESAASTK	0.563533	788	too_close_to_test	1.0	
KESNASKL	1.287381	892	too_close_to_test	1.0	
RESSAAKL	0.239749	2034	too_close_to_test	1.0	
QETTAVKK	0.530697	1913	too_close_to_test	1.0	
IETRAVKI	0.424145	633	too_close_to_test	1.0	
KDNTASNV	-0.466755	2566	too_close_to_test	1.0	
NETVASKL	0.067134	1799	too_close_to_test	1.0	
QETRAVKI	1.09015	1901	too_close_to_test	1.0	
HETSASDT	-0.601454	3677	too_close_to_test	1.0	
KETLAVKR	0.315	1251	too_close_to_test	1.0	
RETFAAKL	0.61603	2078	too_close_to_test	1.0	
EQTVAARL	0.165702	538	too_close_to_test	1.0	
QETTAVKL	0.756649	1914	too_close_to_test	1.0	
AETIASKL	-0.367371	2383	too_close_to_test	1.0	
EETTDAKK	1.037036	437	too_close_to_test	1.0	
EESWGVKK	0.59926	307	too_close_to_test	1.0	
HESTASKL	0.010004	569	too_close_to_test	1.0	
KESNGAKL	0.497931	928	too_close_to_test	1.0	
EETRAAKK	0.149825	382	too_close_to_test	1.0	
KQTHAVKK	0.051759	1632	too_close_to_test	1.0	
LESNAVKK	0.511393	1720	too_close_to_test	1.0	
KKTSAVKK	0.07524	1493	too_close_to_test	1.0	
QETNASKL	0.381702	1896	too_close_to_test	1.0	
QDNTASKK	-0.823302	4317	too_close_to_test	1.0	
EESAAVKL	0.531172	128	too_close_to_test	1.0	
EQSTAADL	0.805086	500	too_close_to_test	1.0	
IQTDAVKL	0.037036	641	too_close_to_test	1.0	
KESTGTKL	0.021796	1078	too_close_to_test	1.0	
EESSAPKL	0.280786	225	too_close_to_test	1.0	
KETNAVKL	0.769614	1271	too_close_to_test	1.0	
KESQAAKL	0.246735	941	too_close_to_test	1.0	
EQTDAVKL	1.51642	518	too_close_to_test	1.0	
RESMAAKL	0.196003	2011	too_close_to_test	1.0	
RETEASKK	0.264653	2076	too_close_to_test	1.0	
EETRAAKL	1.144791	383	too_close_to_test	1.0	
EESSASEL	0.230382	227	too_close_to_test	1.0	
KESTGTKK	0.176698	1077	too_close_to_test	1.0	
TETAAVKK	0.151874	2222	too_close_to_test	1.0	
KETIAVKP	0.089547	1217	too_close_to_test	1.0	
LASIAAKL	0.106116	1711	too_close_to_test	1.0	
EETTATKK	0.378874	427	too_close_to_test	1.0	
QETSAVKK	0.704109	1907	too_close_to_test	1.0	
AQTDAVKK	0.678441	43	too_close_to_test	1.0	
QASVAAKK	0.118706	1806	too_close_to_test	1.0	
RESKAAKL	0.747824	2008	too_close_to_test	1.0	
HESWAAKL	0.13094	572	too_close_to_test	1.0	
RETIAADL	0.576336	2083	too_close_to_test	1.0	
KETRGSKK	-0.998465	4421	too_close_to_test	1.0	
KENNAAKL	0.547765	755	too_close_to_test	1.0	
KESSASKS	0.588426	995	too_close_to_test	1.0	
KQTSAVKL	0.307031	1649	too_close_to_test	1.0	
RESNAVKS	0.104147	2023	too_close_to_test	1.0	
EETIAVKK	0.909315	353	too_close_to_test	1.0	
RESIAVKK	0.369822	2006	too_close_to_test	1.0	
KESRAAKF	0.006001	945	too_close_to_test	1.0	
RETVAAKK	0.157392	2145	too_close_to_test	1.0	
KETNSSKI	0.734852	1283	too_close_to_test	1.0	
NESNAVKK	0.040478	1783	too_close_to_test	1.0	
KETTAVKI	1.181449	1390	too_close_to_test	1.0	
TETTAANK	-1.099973	4451	too_close_to_test	1.0	
KSSRAADL	0.330512	1668	too_close_to_test	1.0	
KETVAVKR	0.069488	1436	too_close_to_test	1.0	
KESWGVDL	0.037036	1120	too_close_to_test	1.0	
KGSNAVKK	0.459244	1457	too_close_to_test	1.0	
EASTAVKK	0.142839	73	too_close_to_test	1.0	
KTSSDAKK	0.118706	1685	too_close_to_test	1.0	
KQTTDAKK	0.427422	1656	too_close_to_test	1.0	
KESRAVDL	0.089547	962	too_close_to_test	1.0	
KPTTAVKK	1.023336	1536	too_close_to_test	1.0	
KESSALKL	0.065999	986	too_close_to_test	1.0	
EETAASKL	0.168357	312	too_close_to_test	1.0	
KETTGVKK	0.204726	1410	too_close_to_test	1.0	
EETYAAKL	0.063658	459	too_close_to_test	1.0	
KESNASKH	-0.659446	4049	too_close_to_test	1.0	
KESTDSKK	0.117438	1065	too_close_to_test	1.0	
KDSDAVKK	0.000606	693	too_close_to_test	1.0	
EETIASDL	0.037036	350	too_close_to_test	1.0	
QETNAVKK	0.067553	1897	too_close_to_test	1.0	
KETRAVKI	2.250534	1307	too_close_to_test	1.0	
RESFAAKK	0.491091	1985	too_close_to_test	1.0	
KETRAVDL	1.495283	1305	too_close_to_test	1.0	
KESVASTL	0.414534	1093	too_close_to_test	1.0	
EQSSAAKL	1.039482	495	too_close_to_test	1.0	
RETRAAKL	0.627929	2105	too_close_to_test	1.0	
KNSIAAKL	0.315	1500	too_close_to_test	1.0	
EESSAVKK	1.846396	248	too_close_to_test	1.0	
RESSASKK	0.328037	2037	too_close_to_test	1.0	
EETTASKL	0.835775	424	too_close_to_test	1.0	
KESTAAKI	1.285113	1031	too_close_to_test	1.0	
HESSAVKK	0.365754	568	too_close_to_test	1.0	
ESTSAVKK	-0.17009	2282	too_close_to_test	1.0	
EESRGSKK	0.176698	215	too_close_to_test	1.0	
TETHAVKK	0.280786	2224	too_close_to_test	1.0	
RETIAAKL	0.854592	2086	too_close_to_test	1.0	
RETNSTKK	0.155014	2101	too_close_to_test	1.0	
KESLAAKL	0.238845	865	too_close_to_test	1.0	
EETNAVKK	0.697399	372	too_close_to_test	1.0	
EESSAVKR	0.688581	251	too_close_to_test	1.0	
KQTDGAKK	-0.279234	2331	too_close_to_test	1.0	
AVTTASKL	-0.629482	3850	too_close_to_test	1.0	
KETVASKM	0.020725	1425	too_close_to_test	1.0	
KETTAARL	0.204726	1379	too_close_to_test	1.0	
KESNAAKK	1.08083	880	too_close_to_test	1.0	
KESWAADL	0.413487	1101	too_close_to_test	1.0	
KETSAVKL	1.498951	1346	too_close_to_test	1.0	
QETLAAKL	0.204726	1893	too_close_to_test	1.0	
KETRDSKR	0.186457	1323	too_close_to_test	1.0	
KETTASKL	0.547795	1384	too_close_to_test	1.0	
KETHASDL	0.208106	1175	too_close_to_test	1.0	
RESIAAKL	0.82057	2003	too_close_to_test	1.0	
QEVTASKL	-0.504544	3035	too_close_to_test	1.0	
QESNAVKR	-0.177578	2285	too_close_to_test	1.0	
QESAAVKK	0.336019	1821	too_close_to_test	1.0	
REKTAVKK	0.447059	1975	too_close_to_test	1.0	
KQTVASKK	-0.692534	4118	too_close_to_test	1.0	
QDTVAAKL	0.016997	1817	too_close_to_test	1.0	
EASIAADL	0.154421	66	too_close_to_test	1.0	
KETSDAKK	0.17215	1359	too_close_to_test	1.0	
KETNAVDL	0.13094	1268	too_close_to_test	1.0	
EQSTASKL	0.355674	504	too_close_to_test	1.0	
DESNAVKL	0.065999	48	too_close_to_test	1.0	
KSSSAVKK	0.040478	1674	too_close_to_test	1.0	
QETSAVDL	0.197887	1905	too_close_to_test	1.0	
EHSIAAKL	0.197887	470	too_close_to_test	1.0	
KESSDSKK	0.40927	1015	too_close_to_test	1.0	
VDTTASKR	-0.539306	3298	too_close_to_test	1.0	
EETTAVKM	0.797507	434	too_close_to_test	1.0	
KDTTAVDL	0.315	727	too_close_to_test	1.0	
RESTASKL	0.379891	2049	too_close_to_test	1.0	
KPTTGVKK	0.058598	1538	too_close_to_test	1.0	
KESTAVKK	1.192341	1056	too_close_to_test	1.0	
RETTAVKV	-0.08294	2265	too_close_to_test	1.0	
KETNGAKK	0.286237	1276	too_close_to_test	1.0	
EETTAVDL	0.711358	430	too_close_to_test	1.0	
KETSAVKT	0.32646	1352	too_close_to_test	1.0	
KESRAVKA	0.010366	963	too_close_to_test	1.0	
HQSTAAKL	0.232215	608	too_close_to_test	1.0	
RESTASDL	0.026935	2048	too_close_to_test	1.0	
KPRSASKK	-0.601454	3725	too_close_to_test	1.0	
KENNAVKR	0.264834	762	too_close_to_test	1.0	
KETNSSKR	0.196592	1286	too_close_to_test	1.0	
KETVASAK	-0.601454	3714	too_close_to_test	1.0	
TEGSASKN	-0.466755	2813	too_close_to_test	1.0	
EESSDSKK	0.309323	257	too_close_to_test	1.0	
EETIAANL	0.006001	346	too_close_to_test	1.0	
MENNAVKK	-0.3906	2425	too_close_to_test	1.0	
EASSAAKL	0.051759	71	too_close_to_test	1.0	
KESTAAVK	0.224122	1041	too_close_to_test	1.0	
EETFASKL	0.606822	333	too_close_to_test	1.0	
EETTGAKK	0.108797	440	too_close_to_test	1.0	
GETHASKL	-0.425362	2436	too_close_to_test	1.0	
RETRASKL	0.311537	2106	too_close_to_test	1.0	
REAPASKK	-1.045151	4436	too_close_to_test	1.0	
KASQAVKK	0.038395	650	too_close_to_test	1.0	
EASVAAKL	0.483123	75	too_close_to_test	1.0	
KENSAVKK	0.192686	765	too_close_to_test	1.0	
KETRDAKL	0.264834	1322	too_close_to_test	1.0	
EESNASKK	0.320303	178	too_close_to_test	1.0	
EATVASKL	0.273608	86	too_close_to_test	1.0	
LETWAAKL	0.107617	1766	too_close_to_test	1.0	
EESSASKM	0.559338	232	too_close_to_test	1.0	
KETIAAKI	0.830169	1190	too_close_to_test	1.0	
EESEAAKK	0.077313	132	too_close_to_test	1.0	
KHSIAAKL	0.523859	1483	too_close_to_test	1.0	
HQTDAVKL	0.273608	610	too_close_to_test	1.0	
DESSDAKR	0.500391	53	too_close_to_test	1.0	
QESFAVKL	0.330512	1824	too_close_to_test	1.0	
EENNAVKK	1.485462	114	too_close_to_test	1.0	
QETVAAKL	0.362462	1917	too_close_to_test	1.0	
KETSAAKS	0.106116	1334	too_close_to_test	1.0	
KDSVAVKK	0.498917	715	too_close_to_test	1.0	
EETTAVKR	0.583846	435	too_close_to_test	1.0	
HESTAVKK	0.220163	570	too_close_to_test	1.0	
KQTRATKR	-0.601454	3729	too_close_to_test	1.0	
EETVGSKK	0.026935	456	too_close_to_test	1.0	
EEHTASKK	-0.726392	4168	too_close_to_test	1.0	
RESNAAKL	0.734642	2015	too_close_to_test	1.0	
GESRAAKL	0.435973	548	too_close_to_test	1.0	
QETVASKL	0.708974	1918	too_close_to_test	1.0	
AETTAVKK	0.756481	38	too_close_to_test	1.0	
KESFAVKL	1.665131	825	too_close_to_test	1.0	
RESNAVKM	0.065999	2021	too_close_to_test	1.0	
KETKAADL	0.079788	1231	too_close_to_test	1.0	
EESTAADL	0.959756	269	too_close_to_test	1.0	
KESRASKL	0.562738	958	too_close_to_test	1.0	
RDTTAVKL	0.008293	1971	too_close_to_test	1.0	
LETTASKL	0.617559	1761	too_close_to_test	1.0	
METIASKL	-0.457547	2467	too_close_to_test	1.0	
KQSSAAKL	1.347774	1571	too_close_to_test	1.0	
MESNAVKL	0.093151	1775	too_close_to_test	1.0	
LESWGSKK	0.611621	1738	too_close_to_test	1.0	
KETIGADL	0.021796	1222	too_close_to_test	1.0	
EESSGSKL	0.639671	261	too_close_to_test	1.0	
EESIAAKI	1.109298	152	too_close_to_test	1.0	
EESTAVKI	0.469294	282	too_close_to_test	1.0	
RETWGVKK	0.197887	2150	too_close_to_test	1.0	
KESTDAKL	0.162909	1064	too_close_to_test	1.0	
DESTASKN	-0.571491	3328	too_close_to_test	1.0	
RESFAVKK	1.475065	1991	too_close_to_test	1.0	
PETSASRQ	-0.466755	2701	too_close_to_test	1.0	
EESSGSKK	1.04446	260	too_close_to_test	1.0	
KETLAVKK	0.465493	1249	too_close_to_test	1.0	
EESGDAVK	0.169398	148	too_close_to_test	1.0	
KQTDAVQK	0.028896	1616	too_close_to_test	1.0	
IESIAVKK	0.258884	620	too_close_to_test	1.0	
QETIAAKL	0.92806	1887	too_close_to_test	1.0	
KQTDVVKK	0.106116	1627	too_close_to_test	1.0	
RESFAVKQ	0.010366	1994	too_close_to_test	1.0	
RETIAVKR	0.167554	2091	too_close_to_test	1.0	
LETTAVKL	0.425339	1763	too_close_to_test	1.0	
KETRESKL	0.407944	1326	too_close_to_test	1.0	
LETIAAKK	0.187421	1743	too_close_to_test	1.0	
KETLAVKL	0.176698	1250	too_close_to_test	1.0	
RETPASRN	-0.601454	3801	too_close_to_test	1.0	
HESWGSKS	0.176698	583	too_close_to_test	1.0	
KETKASKL	0.737501	1235	too_close_to_test	1.0	
IETVASKL	0.172501	638	too_close_to_test	1.0	
RESFASKL	1.101838	1988	too_close_to_test	1.0	
VESIASKK	-0.704116	4160	too_close_to_test	1.0	
KQTDSVKK	0.187421	1626	too_close_to_test	1.0	
RETHASKL	0.005514	2081	too_close_to_test	1.0	
KEAIAADL	0.118706	734	too_close_to_test	1.0	
EETSASKL	0.538882	404	too_close_to_test	1.0	
QETTAVDL	0.197887	1911	too_close_to_test	1.0	
KESAASTL	0.016997	789	too_close_to_test	1.0	
KEHHASKL	0.118706	741	too_close_to_test	1.0	
KESSGVKK	0.488451	1023	too_close_to_test	1.0	
TASEAVKK	0.016997	2207	too_close_to_test	1.0	
KQTRASQK	-0.466755	2636	too_close_to_test	1.0	
KESTGVKK	0.583238	1079	too_close_to_test	1.0	
RETRAVKK	0.988682	2109	too_close_to_test	1.0	
KETAAADL	0.414937	1127	too_close_to_test	1.0	
KENNSSKL	0.065999	764	too_close_to_test	1.0	
KETWAAKL	0.13094	1443	too_close_to_test	1.0	
KASVAVKK	0.106116	662	too_close_to_test	1.0	
KDSTAAKK	0.032575	702	too_close_to_test	1.0	
KESIASKI	0.040478	845	too_close_to_test	1.0	
DETIAAKI	0.083943	56	too_close_to_test	1.0	
RESVAAKK	0.365754	2058	too_close_to_test	1.0	
RNTVAAKL	0.093151	2158	too_close_to_test	1.0	
QTTVAAKL	0.051759	1955	too_close_to_test	1.0	
DETVASKL	0.02327	61	too_close_to_test	1.0	
TDSSASRN	-0.571491	3610	too_close_to_test	1.0	
RATIASTT	-0.601454	3791	too_close_to_test	1.0	
AETSAVKK	0.643718	33	too_close_to_test	1.0	
RESFGSKK	0.158214	1998	too_close_to_test	1.0	
LENNAVKK	0.273608	1713	too_close_to_test	1.0	
EETSAVDL	0.741955	406	too_close_to_test	1.0	
KESRATKL	0.322826	961	too_close_to_test	1.0	
EATNAVKK	0.118706	84	too_close_to_test	1.0	
KETDAVKK	1.019203	1150	too_close_to_test	1.0	
RESFAVKS	0.449699	1996	too_close_to_test	1.0	
RERNAVKK	0.167554	1978	too_close_to_test	1.0	
EESWGSKK	1.673383	303	too_close_to_test	1.0	
KETIAANL	0.669371	1196	too_close_to_test	1.0	
YATSASGK	-0.504544	3104	too_close_to_test	1.0	
QETIAADL	0.117562	1884	too_close_to_test	1.0	
KESTEAKK	0.07524	1068	too_close_to_test	1.0	
EETTASDL	0.645993	423	too_close_to_test	1.0	
KQTDAVKK	2.051992	1605	too_close_to_test	1.0	
EESTASKI	0.244365	275	too_close_to_test	1.0	
KQSTAADL	0.752792	1576	too_close_to_test	1.0	
KQTIASKL	-0.050904	2260	too_close_to_test	1.0	
RETRAVDL	0.246735	2107	too_close_to_test	1.0	
LESTAVKL	0.570273	1735	too_close_to_test	1.0	
KERVAAKL	0.428509	779	too_close_to_test	1.0	
KETGASKL	-0.526389	3114	too_close_to_test	1.0	
QETSAVKL	0.653819	1908	too_close_to_test	1.0	
EESRAVKL	0.273608	211	too_close_to_test	1.0	
KDSEASKL	-0.221242	2298	too_close_to_test	1.0	
KHSTASKL	-0.601454	3721	too_close_to_test	1.0	
EDTTAVKK	0.957697	107	too_close_to_test	1.0	
RGSTAVKK	0.429771	2154	too_close_to_test	1.0	
KETSAADL	1.182093	1330	too_close_to_test	1.0	
KETSASEE	-0.969431	4408	too_close_to_test	1.0	
KETVAVDL	0.093151	1432	too_close_to_test	1.0	
EESFASKK	0.051759	141	too_close_to_test	1.0	
KETVASNL	0.496211	1428	too_close_to_test	1.0	
KETTSVKK	0.021796	1412	too_close_to_test	1.0	
KESSASKK	1.017195	990	too_close_to_test	1.0	
TETSAVKK	0.498467	2228	too_close_to_test	1.0	
EESFAVKK	1.68445	145	too_close_to_test	1.0	
EETNSTKK	0.196003	380	too_close_to_test	1.0	
AETKASKL	0.251331	27	too_close_to_test	1.0	
KESTASKL	1.021105	1047	too_close_to_test	1.0	
KEGNAVKK	0.582705	738	too_close_to_test	1.0	
EQTRAAKL	0.237395	526	too_close_to_test	1.0	
EESTSSKK	-0.455326	2465	too_close_to_test	1.0	
IESWGSKK	0.603845	629	too_close_to_test	1.0	
RETSAAKL	0.476682	2113	too_close_to_test	1.0	
QESVASKL	0.750729	1867	too_close_to_test	1.0	
AESRAAKL	0.380817	6	too_close_to_test	1.0	
EDSAASKL	0.477728	87	too_close_to_test	1.0	
KETNGVKK	0.065999	1279	too_close_to_test	1.0	
QETSGSIK	-0.78709	4280	too_close_to_test	1.0	
KQTDAVRL	0.118706	1618	too_close_to_test	1.0	
KQSTAPKK	-0.601454	3728	too_close_to_test	1.0	
EESSASVR	-0.47972	2841	too_close_to_test	1.0	
KETFAVKK	0.588878	1169	too_close_to_test	1.0	
TETTAAKL	0.754001	2233	too_close_to_test	1.0	
EESSASIK	-0.552138	3307	too_close_to_test	1.0	
TESNAVKL	0.539099	2214	too_close_to_test	1.0	
IENNAVKK	0.037036	611	too_close_to_test	1.0	
RESRAAKK	0.815603	2025	too_close_to_test	1.0	
IESNAVKK	0.221739	622	too_close_to_test	1.0	
KESNSVKK	0.814278	937	too_close_to_test	1.0	
KETSAVEK	0.208106	1342	too_close_to_test	1.0	
EETIAASL	0.402868	347	too_close_to_test	1.0	
RVSRAAKL	0.30837	2187	too_close_to_test	1.0	
EASTASKL	0.104695	72	too_close_to_test	1.0	
KQTDAVIK	0.176698	1603	too_close_to_test	1.0	
KESDASKL	0.102911	801	too_close_to_test	1.0	
HESWASKK	0.101447	573	too_close_to_test	1.0	
LESSAVKK	0.323499	1729	too_close_to_test	1.0	
EHSRAAKL	0.264834	471	too_close_to_test	1.0	
KETVAAKK	1.123938	1416	too_close_to_test	1.0	
KESIAAKL	1.227513	838	too_close_to_test	1.0	
EETRATKK	0.169858	387	too_close_to_test	1.0	
KETDASKK	0.23189	1144	too_close_to_test	1.0	
KQSQAVKK	0.280786	1561	too_close_to_test	1.0	
RESTAVKI	0.403941	2051	too_close_to_test	1.0	
RATVAAKL	0.266308	1961	too_close_to_test	1.0	
KERIAVKR	0.066736	773	too_close_to_test	1.0	
KESTASML	-0.539306	3182	too_close_to_test	1.0	
EETTASIV	-0.504544	2879	too_close_to_test	1.0	
QETTAVKI	0.21146	1912	too_close_to_test	1.0	
EESRAAKI	0.206661	202	too_close_to_test	1.0	
KKSIASKK	-0.539306	3196	too_close_to_test	1.0	
KERVASKL	0.630816	781	too_close_to_test	1.0	
VETTGSNK	-0.497913	2864	too_close_to_test	1.0	
KESNATKL	0.142839	895	too_close_to_test	1.0	
KGTVAAKL	0.293811	1481	too_close_to_test	1.0	
KGTTAVKK	0.242674	1479	too_close_to_test	1.0	
KESAASDL	0.079788	786	too_close_to_test	1.0	
KESSASKP	0.003986	993	too_close_to_test	1.0	
LETIAADL	0.074989	1742	too_close_to_test	1.0	
KESDAVKL	0.429177	803	too_close_to_test	1.0	
KESNSSKK	0.146029	935	too_close_to_test	1.0	
EERNAVKK	0.467743	117	too_close_to_test	1.0	
KETISSKL	0.81352	1228	too_close_to_test	1.0	
HETTAVKL	0.264834	602	too_close_to_test	1.0	
KESDAVKK	0.740071	802	too_close_to_test	1.0	
LQSDAVKK	0.393083	1769	too_close_to_test	1.0	
KKSRAAKL	0.764969	1489	too_close_to_test	1.0	
RQSTAAKL	0.733861	2167	too_close_to_test	1.0	
AETRAAKL	0.582463	29	too_close_to_test	1.0	
EQSDAVKK	0.106116	486	too_close_to_test	1.0	
KETFASKL	0.749837	1168	too_close_to_test	1.0	
KENSGVKK	0.051759	766	too_close_to_test	1.0	
KESMAAKL	0.315	870	too_close_to_test	1.0	
EQSSAVKL	0.006001	499	too_close_to_test	1.0	
KGTNGTKK	0.25863	1474	too_close_to_test	1.0	
KETAAVKI	0.587799	1134	too_close_to_test	1.0	
IESFAVKK	0.254925	613	too_close_to_test	1.0	
KVSIAAKL	0.508072	1692	too_close_to_test	1.0	
RETSAVKL	1.022611	2117	too_close_to_test	1.0	
QQSSAVKK	0.062754	1943	too_close_to_test	1.0	
EESFASKL	0.359967	142	too_close_to_test	1.0	
KQWTASKD	-0.655811	4002	too_close_to_test	1.0	
TEPSASKK	-1.005146	4424	too_close_to_test	1.0	
EESSDAKL	0.176698	255	too_close_to_test	1.0	
QETSAVKI	0.185652	1906	too_close_to_test	1.0	
LESSAVKR	0.192686	1731	too_close_to_test	1.0	
EETSAVKS	0.165702	411	too_close_to_test	1.0	
KETNATKK	0.064168	1266	too_close_to_test	1.0	
KETTGTKL	0.265255	1409	too_close_to_test	1.0	
TETTAVKL	0.402868	2236	too_close_to_test	1.0	
RETAAVRK	0.285037	2073	too_close_to_test	1.0	
EESTAVDL	0.264834	281	too_close_to_test	1.0	
AESNAVKK	0.608606	4	too_close_to_test	1.0	
EESAATKL	-0.08294	2264	too_close_to_test	1.0	
PETRAVKI	0.024607	1804	too_close_to_test	1.0	
EESTGAKK	0.805086	290	too_close_to_test	1.0	
KKSRAAKK	0.326137	1488	too_close_to_test	1.0	
RETLASKL	0.061978	2095	too_close_to_test	1.0	
KESSASNL	0.469902	996	too_close_to_test	1.0	
YESWGSKK	0.065999	2252	too_close_to_test	1.0	
EESTAAKL	1.053695	272	too_close_to_test	1.0	
KDSVAAKI	1.560154	711	too_close_to_test	1.0	
KGSIAAKL	0.509912	1454	too_close_to_test	1.0	
KETTGADL	0.219732	1405	too_close_to_test	1.0	
EETFAAKI	0.077313	330	too_close_to_test	1.0	
TETRAVKK	0.37627	2226	too_close_to_test	1.0	
KASVAAKL	1.113155	660	too_close_to_test	1.0	
KESFAVDL	0.89892	822	too_close_to_test	1.0	
KETTASTI	-1.690854	4500	too_close_to_test	1.0	
KQTTDAKL	0.106116	1657	too_close_to_test	1.0	
EQSTAVKK	0.801667	505	too_close_to_test	1.0	
QESSASKL	0.398629	1850	too_close_to_test	1.0	
KESHASKL	0.131671	833	too_close_to_test	1.0	
KNTTAVKK	0.097516	1504	too_close_to_test	1.0	
KERVASKK	0.138909	780	too_close_to_test	1.0	
KEAVASKL	0.018335	736	too_close_to_test	1.0	
KESNGVKK	1.117975	931	too_close_to_test	1.0	
SQTDAVKK	0.398546	2205	too_close_to_test	1.0	
EESSAAKR	0.000606	221	too_close_to_test	1.0	
EQTTAVKK	0.718937	532	too_close_to_test	1.0	
HETTAAKK	0.158557	599	too_close_to_test	1.0	
EESTATKL	0.393083	280	too_close_to_test	1.0	
KMNIAAKL	0.295463	1498	too_close_to_test	1.0	
KESTASRL	0.122139	1048	too_close_to_test	1.0	
KESTAVRK	0.041293	1061	too_close_to_test	1.0	
KESTAAKS	0.068603	1035	too_close_to_test	1.0	
KPTTAAKL	0.051759	1533	too_close_to_test	1.0	
NETTASKV	-0.805574	4298	too_close_to_test	1.0	
EDTTAAKK	0.116821	105	too_close_to_test	1.0	
KESKAVKL	0.290641	861	too_close_to_test	1.0	
KENVASKL	0.154421	769	too_close_to_test	1.0	
QKTTASQK	-0.571491	3548	too_close_to_test	1.0	
PVTRASKK	-0.629482	3916	too_close_to_test	1.0	
RETKASKL	0.267778	2094	too_close_to_test	1.0	
PETSASVT	-0.504544	3011	too_close_to_test	1.0	
KATTAVKK	0.325917	678	too_close_to_test	1.0	
KVTTAVKK	0.428152	1705	too_close_to_test	1.0	
KETEASKK	0.367315	1156	too_close_to_test	1.0	
KETTAVKN	0.155847	1394	too_close_to_test	1.0	
IETAASKT	-0.805574	4293	too_close_to_test	1.0	
QQSTAVKK	0.186457	1945	too_close_to_test	1.0	
TATVASKL	0.097516	2208	too_close_to_test	1.0	
SESVAAKL	0.419736	2198	too_close_to_test	1.0	
EESTASDM	-0.311419	2345	too_close_to_test	1.0	
KESIAVKI	0.315	852	too_close_to_test	1.0	
HESNAVDL	-0.045151	2259	too_close_to_test	1.0	
RETVASKI	-0.300424	2342	too_close_to_test	1.0	
KSTIAAKL	0.511967	1680	too_close_to_test	1.0	
KESRGAKK	0.142839	975	too_close_to_test	1.0	
RQSTAAKK	0.036519	2166	too_close_to_test	1.0	
KESNEVKK	1.072417	925	too_close_to_test	1.0	
AESRASTL	0.300401	8	too_close_to_test	1.0	
KETIASMK	-0.747582	4220	too_close_to_test	1.0	
SESNAVKK	0.044512	2191	too_close_to_test	1.0	
KESNAVKK	1.323059	902	too_close_to_test	1.0	
KESSATKK	0.09331	1002	too_close_to_test	1.0	
KETSAVKQ	0.243644	1349	too_close_to_test	1.0	
KETEASDK	-0.395399	2428	too_close_to_test	1.0	
RETIAAKK	0.742707	2085	too_close_to_test	1.0	
KETVAVKL	0.694613	1435	too_close_to_test	1.0	
SETSAVKL	0.146734	2201	too_close_to_test	1.0	
KEYRAAKL	0.021796	1450	too_close_to_test	1.0	
KETTDSKL	0.095776	1402	too_close_to_test	1.0	
QESRAADL	0.237395	1839	too_close_to_test	1.0	
EETNDAKK	0.089547	374	too_close_to_test	1.0	
KESTAVKR	0.758835	1059	too_close_to_test	1.0	
KPTGGVDL	0.197887	1527	too_close_to_test	1.0	
KETSAFKK	0.457524	1336	too_close_to_test	1.0	
EASAAVKK	-0.221242	2296	too_close_to_test	1.0	
AETIAADL	0.094028	23	too_close_to_test	1.0	
REPTASSE	-0.466755	2770	too_close_to_test	1.0	
KESSGSKK	0.446693	1020	too_close_to_test	1.0	
NETSAVKK	0.425699	1796	too_close_to_test	1.0	
SESNAVDL	-0.221242	2302	too_close_to_test	1.0	
KESNPVKK	0.037036	934	too_close_to_test	1.0	
KESMDVKK	0.072948	877	too_close_to_test	1.0	
AESNAVKL	0.449699	5	too_close_to_test	1.0	
KSSRAAKL	1.163294	1671	too_close_to_test	1.0	
KESNAVKT	0.467844	910	too_close_to_test	1.0	
AETTAAKL	0.157924	36	too_close_to_test	1.0	
KQADAVKK	0.142839	1539	too_close_to_test	1.0	
KETDAAKL	0.148669	1142	too_close_to_test	1.0	
RETTAVNK	0.167554	2137	too_close_to_test	1.0	
GQSRAAKL	0.183038	551	too_close_to_test	1.0	
QESSAVKK	0.62579	1852	too_close_to_test	1.0	
EDSSASKL	0.214486	90	too_close_to_test	1.0	
KESIASKL	0.9984	847	too_close_to_test	1.0	
KVSTAVKK	0.352789	1697	too_close_to_test	1.0	
DESTASKL	0.061978	54	too_close_to_test	1.0	
EESEASKL	0.396568	134	too_close_to_test	1.0	
EQTAASKK	-0.763115	4240	too_close_to_test	1.0	
RETTAVKI	1.253745	2128	too_close_to_test	1.0	
SASRAAKL	0.176698	2188	too_close_to_test	1.0	
EESSAVKV	0.34549	252	too_close_to_test	1.0	
RGSTAVKL	0.214486	2155	too_close_to_test	1.0	
LESNAAKL	0.006001	1718	too_close_to_test	1.0	
LESIASKL	0.598576	1717	too_close_to_test	1.0	
QDTSASIQ	-0.601454	3772	too_close_to_test	1.0	
EQSRAAKL	0.992732	490	too_close_to_test	1.0	
EQSEASKK	0.163733	487	too_close_to_test	1.0	
EETVAVKK	0.406474	455	too_close_to_test	1.0	
EETVASKI	0.480575	450	too_close_to_test	1.0	
EETFAVKK	0.006001	334	too_close_to_test	1.0	
KESNAVRL	0.694113	917	too_close_to_test	1.0	
RESFAVKI	1.06483	1990	too_close_to_test	1.0	
EETIAAKL	1.42859	343	too_close_to_test	1.0	
EQSSAVKK	0.567338	498	too_close_to_test	1.0	
KLTTAVKK	0.152273	1496	too_close_to_test	1.0	
IESNAVKL	0.400213	623	too_close_to_test	1.0	
EETRAADL	0.52888	381	too_close_to_test	1.0	
ESSRAAKK	0.118706	540	too_close_to_test	1.0	
KETMAVKL	0.392297	1259	too_close_to_test	1.0	
KETDATKI	0.006001	1147	too_close_to_test	1.0	
KGSTAVKL	1.440432	1465	too_close_to_test	1.0	
KETNATKL	0.132792	1267	too_close_to_test	1.0	
KETIAAKN	-0.437597	2463	too_close_to_test	1.0	
QESSGTKK	-0.425362	2455	too_close_to_test	1.0	
KDSNAVKL	0.298913	699	too_close_to_test	1.0	
QASSASKI	-0.629482	3917	too_close_to_test	1.0	
KETVAAKS	0.051759	1418	too_close_to_test	1.0	
KETNAVKI	0.118706	1269	too_close_to_test	1.0	
NETTAVKK	0.138163	1797	too_close_to_test	1.0	
KQSSAVKK	0.549814	1573	too_close_to_test	1.0	
RQTVAAKS	-0.346181	2374	too_close_to_test	1.0	
KESAAVKK	1.051475	793	too_close_to_test	1.0	
EESKAVKK	0.447059	167	too_close_to_test	1.0	
EATIAVKK	0.165702	82	too_close_to_test	1.0	
EQSSASKL	0.385789	496	too_close_to_test	1.0	
KQTDAVDL	1.639096	1601	too_close_to_test	1.0	
LQSTAAKL	0.021796	1771	too_close_to_test	1.0	
KVSRAAKK	0.623856	1695	too_close_to_test	1.0	
QETIASKL	0.322477	1888	too_close_to_test	1.0	
KESNAASL	0.065999	884	too_close_to_test	1.0	
HESFAVKK	0.675538	556	too_close_to_test	1.0	
RETEASKL	0.083943	2077	too_close_to_test	1.0	
KESIASKK	0.19027	846	too_close_to_test	1.0	
QESSASKS	-0.575125	3641	too_close_to_test	1.0	
KESWGSIR	-0.010389	2254	too_close_to_test	1.0	
KQSMAAKL	0.008293	1557	too_close_to_test	1.0	
EQTVAAKK	0.205343	536	too_close_to_test	1.0	
ESSRAAKL	0.903017	541	too_close_to_test	1.0	
QENSASTK	-0.571491	3533	too_close_to_test	1.0	
TNIPAPKK	-3.151802	4505	too_close_to_test	1.0	
KQTRAVKI	0.154421	1645	too_close_to_test	1.0	
KQSSAVKL	0.051759	1574	too_close_to_test	1.0	
KESSAAKK	0.450095	983	too_close_to_test	1.0	
EETNAAKL	0.22785	370	too_close_to_test	1.0	
SETTAVKK	0.157894	2202	too_close_to_test	1.0	
KQSTAVKL	0.704971	1582	too_close_to_test	1.0	
KQTVAAKK	0.89892	1659	too_close_to_test	1.0	
KETHAVKL	0.093151	1179	too_close_to_test	1.0	
EDTNASKR	-0.680635	4059	too_close_to_test	1.0	
KQTDAAKL	1.396806	1595	too_close_to_test	1.0	
LETSDAKL	0.051759	1756	too_close_to_test	1.0	
RESWGSKK	0.918292	2063	too_close_to_test	1.0	
EQSTAAKL	1.286544	503	too_close_to_test	1.0	
KENWGVKK	0.038395	770	too_close_to_test	1.0	
QESTDSKK	0.197312	1864	too_close_to_test	1.0	
QQTVAAKK	0.18497	1952	too_close_to_test	1.0	
EETRAVKR	0.021796	392	too_close_to_test	1.0	
RGSIAAKL	0.317461	2153	too_close_to_test	1.0	
RESHAAKL	0.13094	2000	too_close_to_test	1.0	
KNTVAVKI	0.741728	1507	too_close_to_test	1.0	
KESRAAKS	0.504056	951	too_close_to_test	1.0	
RESSAVKL	0.582463	2041	too_close_to_test	1.0	
KESWGSKI	0.82015	1109	too_close_to_test	1.0	
EETTAVKK	1.817728	432	too_close_to_test	1.0	
EESSALKL	0.264834	224	too_close_to_test	1.0	
QATTAEQK	-0.539306	3241	too_close_to_test	1.0	
KPTPGVKK	0.267359	1532	too_close_to_test	1.0	
NQTDAVKK	0.71491	1802	too_close_to_test	1.0	
KESTAAVI	-0.328452	2359	too_close_to_test	1.0	
QESEGAKK	-0.063635	2262	too_close_to_test	1.0	
KESNAVVT	0.396568	923	too_close_to_test	1.0	
KGSTAVKI	0.578568	1463	too_close_to_test	1.0	
KQPDAVKK	0.021796	1543	too_close_to_test	1.0	
KVTQAIKK	0.457634	1702	too_close_to_test	1.0	
EETDASKK	0.501457	322	too_close_to_test	1.0	
KESRASKK	0.324839	957	too_close_to_test	1.0	
KPSRAVKR	0.051759	1520	too_close_to_test	1.0	
KESDSSKL	0.101447	805	too_close_to_test	1.0	
KESNASKI	0.010668	890	too_close_to_test	1.0	
KGTTASRT	-0.88776	4365	too_close_to_test	1.0	
KQTRAAKL	0.794438	1643	too_close_to_test	1.0	
KSSRAVKK	0.22785	1673	too_close_to_test	1.0	
EESSAVKI	1.385542	247	too_close_to_test	1.0	
EETMASKL	0.273608	366	too_close_to_test	1.0	
RPTTASYK	-0.504544	3071	too_close_to_test	1.0	
KESRAAKI	1.049526	946	too_close_to_test	1.0	
KETLAADL	0.016997	1241	too_close_to_test	1.0	
EESRASKI	0.044072	206	too_close_to_test	1.0	
KGSTAVKK	1.47138	1464	too_close_to_test	1.0	
DETSAVKL	0.315	59	too_close_to_test	1.0	
EQTDAVKS	0.106116	520	too_close_to_test	1.0	
KETSATKR	0.284792	1340	too_close_to_test	1.0	
KESNASEI	-0.497913	2854	too_close_to_test	1.0	
AETTGAKL	-0.463151	2473	too_close_to_test	1.0	
IDTPASTK	-0.425362	2437	too_close_to_test	1.0	
KETNSSKL	1.032519	1285	too_close_to_test	1.0	
IETSAVKK	0.585919	634	too_close_to_test	1.0	
EETVAADL	0.280786	445	too_close_to_test	1.0	
RETRAVKI	1.467499	2108	too_close_to_test	1.0	
KEKTAAKL	-0.377058	2385	too_close_to_test	1.0	
AQTDAVKL	0.176698	44	too_close_to_test	1.0	
KETRASTK	-1.02167	4429	too_close_to_test	1.0	
KESNAVKS	0.912809	909	too_close_to_test	1.0	
KETIGSKL	0.070242	1225	too_close_to_test	1.0	
SESTASKL	0.570427	2194	too_close_to_test	1.0	
KETTAVKQ	0.068464	1395	too_close_to_test	1.0	
LESSASDL	0.101447	1727	too_close_to_test	1.0	
NETIAAKL	0.144513	1791	too_close_to_test	1.0	
QATTASKL	-0.827419	4322	too_close_to_test	1.0	
QETTDAKK	0.007555	1915	too_close_to_test	1.0	
KETFAAKL	1.191728	1166	too_close_to_test	1.0	
KETMAVKR	0.203026	1260	too_close_to_test	1.0	
KETVSSKL	0.13094	1441	too_close_to_test	1.0	
SESTAVKK	0.488451	2195	too_close_to_test	1.0	
KETTAAKI	0.633842	1371	too_close_to_test	1.0	
RETIAVKI	0.030569	2088	too_close_to_test	1.0	
KETTEAKL	0.22785	1404	too_close_to_test	1.0	
GDTPASKK	-0.805574	4292	too_close_to_test	1.0	
KGTDAVKK	0.062754	1469	too_close_to_test	1.0	
GQTDAVKK	0.128925	552	too_close_to_test	1.0	
EETIAAKK	1.413953	342	too_close_to_test	1.0	
QESNAVDL	0.482635	1834	too_close_to_test	1.0	
KVTVAAKL	0.316713	1708	too_close_to_test	1.0	
KESRAARL	0.093151	953	too_close_to_test	1.0	
KETIAAKS	0.269012	1195	too_close_to_test	1.0	
EESTESKL	0.006001	287	too_close_to_test	1.0	
KQTNAVKR	0.22785	1641	too_close_to_test	1.0	
EGSVASKI	-0.38397	2391	too_close_to_test	1.0	
HETAAVKK	0.194426	584	too_close_to_test	1.0	
KETRATKL	0.305016	1303	too_close_to_test	1.0	
EETAAAKL	0.332202	311	too_close_to_test	1.0	
KQSRASKL	0.367029	1565	too_close_to_test	1.0	
KESSASER	-0.571491	3413	too_close_to_test	1.0	
KESNAVKI	1.464516	901	too_close_to_test	1.0	
VESNAVKK	0.060445	2242	too_close_to_test	1.0	
KESTSAKL	0.138909	1081	too_close_to_test	1.0	
KESTAVVL	0.241423	1062	too_close_to_test	1.0	
KESFAAKL	1.205256	818	too_close_to_test	1.0	
QESTAVKK	0.659148	1861	too_close_to_test	1.0	
RETVASDL	0.238845	2147	too_close_to_test	1.0	
YESRAAKL	-0.162121	2280	too_close_to_test	1.0	
EETIAVKI	0.465493	352	too_close_to_test	1.0	
KETRAAKK	1.109932	1295	too_close_to_test	1.0	
KDSTAAKL	0.165702	703	too_close_to_test	1.0	
KETDASKL	0.611927	1145	too_close_to_test	1.0	
SQSTAAKL	0.037036	2204	too_close_to_test	1.0	
KETSATKL	0.167554	1339	too_close_to_test	1.0	
HQSSAAKL	0.038395	607	too_close_to_test	1.0	
QETTAAKL	0.125385	1910	too_close_to_test	1.0	
QESNAVKL	1.099682	1837	too_close_to_test	1.0	
QETMAVKK	0.451399	1895	too_close_to_test	1.0	
KETKATKL	0.190938	1236	too_close_to_test	1.0	
KAAAASQN	-0.466755	2552	too_close_to_test	1.0	
EESTGSKL	0.294797	292	too_close_to_test	1.0	
KETNAAKK	0.189048	1262	too_close_to_test	1.0	
KESWASKL	0.595827	1104	too_close_to_test	1.0	
EESSASTL	0.517375	241	too_close_to_test	1.0	
EESFAVKL	1.132035	146	too_close_to_test	1.0	
QESRAVKK	0.424875	1844	too_close_to_test	1.0	
KESIASVT	0.873747	851	too_close_to_test	1.0	
KETNGSKK	0.110391	1277	too_close_to_test	1.0	
KQTMAVKK	-0.311419	2349	too_close_to_test	1.0	
RETSAVKR	0.080917	2118	too_close_to_test	1.0	
KETLAAKL	0.584546	1244	too_close_to_test	1.0	
KENAGVKK	0.232215	751	too_close_to_test	1.0	
DQSIAAKL	0.060714	62	too_close_to_test	1.0	
EETVAAKL	1.198404	448	too_close_to_test	1.0	
KETQAADL	0.094163	1291	too_close_to_test	1.0	
KETNSSKK	1.319594	1284	too_close_to_test	1.0	
QETRASKL	0.159927	1900	too_close_to_test	1.0	
KESLASKL	0.088276	866	too_close_to_test	1.0	
KETTDAKI	0.287848	1399	too_close_to_test	1.0	
KESEAAKL	0.186457	807	too_close_to_test	1.0	
KVTTASTK	-1.367371	4486	too_close_to_test	1.0	
HGSTAVKK	0.298913	606	too_close_to_test	1.0	
RDSVAAKK	0.176698	1966	too_close_to_test	1.0	
QNTVAVKI	0.848282	1927	too_close_to_test	1.0	
ENSRAVKM	0.187421	475	too_close_to_test	1.0	
KGTSAVKK	0.093723	1476	too_close_to_test	1.0	
KESNAVNL	0.381947	913	too_close_to_test	1.0	
KETVASKS	0.193731	1427	too_close_to_test	1.0	
KETAAAKL	0.317073	1130	too_close_to_test	1.0	
RESRASKL	0.179131	2027	too_close_to_test	1.0	
KENNAVKI	0.907993	758	too_close_to_test	1.0	
KQSVAAKK	0.599943	1583	too_close_to_test	1.0	
KESAAAKL	0.52702	785	too_close_to_test	1.0	
AETDASKR	-0.460125	2468	too_close_to_test	1.0	
EESRAVKI	0.291832	209	too_close_to_test	1.0	
EDTTAVKL	0.292493	108	too_close_to_test	1.0	
QESQAVKK	0.257521	1838	too_close_to_test	1.0	
IETSAVKL	0.039524	635	too_close_to_test	1.0	
EPTGAVKK	0.006001	479	too_close_to_test	1.0	
KETRAVKR	0.787712	1312	too_close_to_test	1.0	
QETIAVKI	0.038395	1889	too_close_to_test	1.0	
KVTVAAKK	0.093151	1707	too_close_to_test	1.0	
RESTGAKK	0.063188	2056	too_close_to_test	1.0	
KESNAAKI	0.725512	879	too_close_to_test	1.0	
KQTNAVKK	0.369179	1640	too_close_to_test	1.0	
RETSAADL	0.194426	2112	too_close_to_test	1.0	
RESMAVKK	0.176698	2012	too_close_to_test	1.0	
KDSVAADL	0.455451	710	too_close_to_test	1.0	
KESHAAKK	0.330281	831	too_close_to_test	1.0	
KSSTAAKL	0.185652	1675	too_close_to_test	1.0	
PPTGASKK	-0.504544	3015	too_close_to_test	1.0	
RESVASKL	0.128147	2060	too_close_to_test	1.0	
HESWAVKI	0.006001	575	too_close_to_test	1.0	
KQNNAVKK	-0.221242	2300	too_close_to_test	1.0	
EQTDASKK	0.246024	513	too_close_to_test	1.0	
KESSAADL	1.399003	981	too_close_to_test	1.0	
KQSVASKL	0.037036	1585	too_close_to_test	1.0	
QQTDAVKK	1.184018	1947	too_close_to_test	1.0	
KDTTATNK	-1.048612	4437	too_close_to_test	1.0	
KENNAVDL	0.857939	757	too_close_to_test	1.0	
EESVASKL	0.665718	298	too_close_to_test	1.0	
KETTAVKK	1.345312	1391	too_close_to_test	1.0	
IESIAADL	0.051759	615	too_close_to_test	1.0	
EESDAVKK	0.21809	130	too_close_to_test	1.0	
KETTATKR	0.992637	1388	too_close_to_test	1.0	
KPNLAVKK	0.357588	1513	too_close_to_test	1.0	
RQSTASKL	0.051759	2168	too_close_to_test	1.0	
REASASKS	-0.747582	4232	too_close_to_test	1.0	
KETTGTKK	0.409453	1408	too_close_to_test	1.0	
TQTDAVKL	0.051759	2240	too_close_to_test	1.0	
EENSASKL	0.243644	116	too_close_to_test	1.0	
KESRATKK	0.204527	960	too_close_to_test	1.0	
EESIASKK	0.238216	158	too_close_to_test	1.0	
LESTASDL	0.083943	1732	too_close_to_test	1.0	
TESSAVKK	0.135305	2218	too_close_to_test	1.0	
KESSASKL	1.390964	991	too_close_to_test	1.0	
KESKFAKK	0.43197	862	too_close_to_test	1.0	
EETTAAKK	0.962793	417	too_close_to_test	1.0	
LETSAVKK	0.716311	1753	too_close_to_test	1.0	
HESWAVKK	0.407146	576	too_close_to_test	1.0	
HESSASDL	0.051759	565	too_close_to_test	1.0	
KPAAGVKK	0.101447	1510	too_close_to_test	1.0	
KQSTATKK	0.169144	1580	too_close_to_test	1.0	
KESMAVKK	0.522398	873	too_close_to_test	1.0	
KESTAADL	1.342152	1028	too_close_to_test	1.0	
KQTTAVKK	0.621364	1654	too_close_to_test	1.0	
KETEATKR	0.382752	1160	too_close_to_test	1.0	
KESWGVKK	1.258884	1122	too_close_to_test	1.0	
RESGAAKL	-0.346181	2373	too_close_to_test	1.0	
KDTPASEQ	-0.747582	4218	too_close_to_test	1.0	
KASIAAKL	0.930025	647	too_close_to_test	1.0	
NQTTGSIK	-0.504544	3001	too_close_to_test	1.0	
KETNAVKK	0.761132	1270	too_close_to_test	1.0	
KETLASKV	0.009561	1247	too_close_to_test	1.0	
KETLAAKK	0.310037	1243	too_close_to_test	1.0	
KEINAVKK	0.715967	745	too_close_to_test	1.0	
KVTAAVKK	0.061304	1698	too_close_to_test	1.0	
KDTRAVKL	0.187421	721	too_close_to_test	1.0	
KQSTASKL	0.14137	1579	too_close_to_test	1.0	
QETAAVKK	0.143648	1873	too_close_to_test	1.0	
EETRASDL	0.106116	384	too_close_to_test	1.0	
QPTGGVKL	0.658816	1935	too_close_to_test	1.0	
KESTAVKM	0.378343	1058	too_close_to_test	1.0	
KESSDAKR	0.452323	1014	too_close_to_test	1.0	
SETSAVKK	0.537566	2200	too_close_to_test	1.0	
EESNAVNK	0.061978	191	too_close_to_test	1.0	
KASTAVKK	0.405547	655	too_close_to_test	1.0	
KESTLSKK	-0.460125	2470	too_close_to_test	1.0	
DESWGSKK	0.268468	55	too_close_to_test	1.0	
RESNAADL	0.311953	2013	too_close_to_test	1.0	
KESWGSVR	0.065999	1117	too_close_to_test	1.0	
RETSAVKK	1.184399	2116	too_close_to_test	1.0	
KETIAAYL	0.453815	1202	too_close_to_test	1.0	
KETTAVKM	0.958852	1393	too_close_to_test	1.0	
KETPASDT	-0.504544	2940	too_close_to_test	1.0	
LQTTGSNK	-0.504544	2983	too_close_to_test	1.0	
EETRESKL	0.065999	397	too_close_to_test	1.0	
KETNSTKL	0.106116	1289	too_close_to_test	1.0	
KETRAVKK	1.895785	1308	too_close_to_test	1.0	
KQSIAAKL	0.338066	1555	too_close_to_test	1.0	
EETVAAKK	0.589877	447	too_close_to_test	1.0	
DETTAVKK	0.060714	60	too_close_to_test	1.0	
RENNAVKK	0.891865	1976	too_close_to_test	1.0	
KETVGSKK	0.455179	1439	too_close_to_test	1.0	
KASWGSKL	0.619961	665	too_close_to_test	1.0	
RDSDAVKK	0.109751	1963	too_close_to_test	1.0	
KESWGSIK	-0.08957	2266	too_close_to_test	1.0	
QESSAAKL	0.100607	1847	too_close_to_test	1.0	
KRTIAEKK	-0.629482	3893	too_close_to_test	1.0	
EESSASKS	0.534294	235	too_close_to_test	1.0	
KETHAAKK	0.601431	1173	too_close_to_test	1.0	
TEAAASQK	-0.504544	3087	too_close_to_test	1.0	
KESLGSKK	0.477728	868	too_close_to_test	1.0	
RESLAVKK	0.135305	2010	too_close_to_test	1.0	
KQTMAAKL	0.357928	1639	too_close_to_test	1.0	
KETEAVKK	0.287848	1161	too_close_to_test	1.0	
VQTDAVKK	0.024607	2247	too_close_to_test	1.0	
QQTTAVKK	0.135861	1951	too_close_to_test	1.0	
HETVASKL	0.520017	604	too_close_to_test	1.0	
KETVAATL	0.21342	1420	too_close_to_test	1.0	
KQSYAAKL	0.682645	1590	too_close_to_test	1.0	
KQSHAAKK	0.258884	1553	too_close_to_test	1.0	
KESWGSKK	1.476096	1110	too_close_to_test	1.0	
RESSDVKK	0.264834	2043	too_close_to_test	1.0	
KESEGAKK	1.053565	813	too_close_to_test	1.0	
KESVAAKI	0.401093	1085	too_close_to_test	1.0	
EESAAVKK	0.885576	127	too_close_to_test	1.0	
KETHASKK	0.101223	1176	too_close_to_test	1.0	
KESKASIK	-0.655811	3992	too_close_to_test	1.0	
IESRAAKL	0.960839	625	too_close_to_test	1.0	
TVTTASNK	-0.777545	4265	too_close_to_test	1.0	
KATIAVKL	0.064724	673	too_close_to_test	1.0	
RETTSVKK	0.106116	2143	too_close_to_test	1.0	
KESYAAKL	0.152785	1125	too_close_to_test	1.0	
KASRAAKL	1.042518	653	too_close_to_test	1.0	
KQSAAADL	0.021796	1545	too_close_to_test	1.0	
KETSAVVL	0.065999	1358	too_close_to_test	1.0	
KQTDAAKS	0.246024	1596	too_close_to_test	1.0	
EGSIAAKL	0.128925	460	too_close_to_test	1.0	
HENNAVKK	0.367029	555	too_close_to_test	1.0	
AESTASKL	0.273608	16	too_close_to_test	1.0	
EESAAAKK	0.460322	122	too_close_to_test	1.0	
KESNAVQK	0.270797	914	too_close_to_test	1.0	
EESSASRL	0.597703	239	too_close_to_test	1.0	
EDSVAAKL	1.370518	97	too_close_to_test	1.0	
KESSASKI	0.813318	989	too_close_to_test	1.0	
KETTAAKS	0.232703	1376	too_close_to_test	1.0	
KETAATKK	0.273608	1132	too_close_to_test	1.0	
RQSTAVKK	0.338778	2170	too_close_to_test	1.0	
QDTTAVKK	0.102064	1816	too_close_to_test	1.0	
EQTIAAKI	-0.497913	2851	too_close_to_test	1.0	
RQTTAVKL	0.118706	2182	too_close_to_test	1.0	
KQTHAAKL	0.943853	1631	too_close_to_test	1.0	
ENTVAAKL	0.414058	476	too_close_to_test	1.0	
EESEGAKK	1.283103	136	too_close_to_test	1.0	
KETNSAKL	0.021796	1281	too_close_to_test	1.0	
KDSSAVKK	0.135305	701	too_close_to_test	1.0	
KESTAVKS	0.062754	1060	too_close_to_test	1.0	
KETVASVL	0.655719	1431	too_close_to_test	1.0	
EQSRASKL	0.079788	491	too_close_to_test	1.0	
TETTAADL	0.383171	2230	too_close_to_test	1.0	
RDTTAVKK	0.66324	1970	too_close_to_test	1.0	
KQSEAAKK	0.206661	1552	too_close_to_test	1.0	
KETGDAKK	0.199138	1171	too_close_to_test	1.0	
EETTAAKM	0.653819	419	too_close_to_test	1.0	
EESTAAKK	0.797154	271	too_close_to_test	1.0	
VESWGSKK	0.141935	2244	too_close_to_test	1.0	
EESWGSKI	0.246735	302	too_close_to_test	1.0	
EETNASKL	0.367029	371	too_close_to_test	1.0	
KTTAAVKK	0.065999	1687	too_close_to_test	1.0	
ELTTAARK	-0.571491	3342	too_close_to_test	1.0	
KQSNAAKL	0.079788	1558	too_close_to_test	1.0	
EETKASKL	0.61603	357	too_close_to_test	1.0	
AESFAVKK	0.359967	1	too_close_to_test	1.0	
YETIATKK	-0.655811	4048	too_close_to_test	1.0	
HETSAVKK	0.784153	597	too_close_to_test	1.0	
DESSAVKL	0.006001	51	too_close_to_test	1.0	
QQTDAVKL	0.666784	1948	too_close_to_test	1.0	
KENNAVKL	1.67626	760	too_close_to_test	1.0	
QETVAAKK	0.084551	1916	too_close_to_test	1.0	
HETFAAKL	0.021796	586	too_close_to_test	1.0	
KETSAAKL	1.327666	1333	too_close_to_test	1.0	
KESTAASL	0.000606	1039	too_close_to_test	1.0	
EESKASKL	0.086521	166	too_close_to_test	1.0	
KETHAAKL	1.050018	1174	too_close_to_test	1.0	
KESNAAKS	0.595827	883	too_close_to_test	1.0	
QDSTAAKL	0.111757	1812	too_close_to_test	1.0	
RTASASKK	-0.466755	2792	too_close_to_test	1.0	
KETTAVKL	1.583743	1392	too_close_to_test	1.0	
EDTRESKK	0.108582	104	too_close_to_test	1.0	
KETTASSM	-0.601454	3713	too_close_to_test	1.0	
LESRAAKL	1.124866	1725	too_close_to_test	1.0	
TETTAAKI	0.085183	2231	too_close_to_test	1.0	
EESWGSDL	0.22785	301	too_close_to_test	1.0	
QGSTAVKK	0.155158	1922	too_close_to_test	1.0	
KESAAVDL	0.187421	791	too_close_to_test	1.0	
QDSIAAKI	0.83496	1809	too_close_to_test	1.0	
KESSAVHK	-0.018822	2255	too_close_to_test	1.0	
KETYAAKL	0.840503	1447	too_close_to_test	1.0	
KETGAVKK	0.190938	1170	too_close_to_test	1.0	
KETIAAKR	0.333549	1194	too_close_to_test	1.0	
HESVASKK	-0.662723	4050	too_close_to_test	1.0	
KQTDATKK	0.373978	1600	too_close_to_test	1.0	
KESRAVKK	0.859365	965	too_close_to_test	1.0	
EESSASDL	1.762267	226	too_close_to_test	1.0	
KPTLAVKK	0.07524	1530	too_close_to_test	1.0	
RESTASVT	-0.541868	3303	too_close_to_test	1.0	
KGTTAAKL	0.087597	1478	too_close_to_test	1.0	
KESWGTKL	0.246735	1119	too_close_to_test	1.0	
KETIAARL	0.142839	1197	too_close_to_test	1.0	
KSSIAAKK	0.021796	1666	too_close_to_test	1.0	
KDSWGSKK	0.100063	716	too_close_to_test	1.0	
KDTDAVKK	0.076582	719	too_close_to_test	1.0	
KESKASQL	-0.358416	2380	too_close_to_test	1.0	
KETSAVNK	0.255879	1353	too_close_to_test	1.0	
QESWGSKR	0.061304	1871	too_close_to_test	1.0	
HESRAAKL	0.683782	564	too_close_to_test	1.0	
KERSASKL	0.7475	776	too_close_to_test	1.0	
KETQASKL	0.157753	1292	too_close_to_test	1.0	
LETRAVKI	0.780263	1750	too_close_to_test	1.0	
RESAGSKR	-0.504544	3059	too_close_to_test	1.0	
RESIAADL	0.037036	2001	too_close_to_test	1.0	
KESIAAVK	0.070957	842	too_close_to_test	1.0	
RETTAVKT	0.280786	2136	too_close_to_test	1.0	
KASKASKL	-0.249271	2310	too_close_to_test	1.0	
EESTAVKK	1.267552	283	too_close_to_test	1.0	
EETDAVKK	0.520762	326	too_close_to_test	1.0	
EESNAVKI	1.147841	182	too_close_to_test	1.0	
QETVAVKK	0.104695	1920	too_close_to_test	1.0	
RETAATKT	-0.571491	3575	too_close_to_test	1.0	
CESSDAKK	0.011887	45	too_close_to_test	1.0	
KASNAVKK	0.21809	649	too_close_to_test	1.0	
QESRAVKI	0.339425	1843	too_close_to_test	1.0	
EESNAVKK	1.739077	183	too_close_to_test	1.0	
KQTTAADL	0.016997	1650	too_close_to_test	1.0	
KESVAAKL	1.522429	1087	too_close_to_test	1.0	
KETRAAKI	0.477728	1294	too_close_to_test	1.0	
GESIAAKL	-0.539306	3147	too_close_to_test	1.0	
EESNAAKI	0.444846	173	too_close_to_test	1.0	
KATVAADL	0.187421	680	too_close_to_test	1.0	
EESSASNR	-0.371005	2384	too_close_to_test	1.0	
KPTAAVKK	0.552361	1523	too_close_to_test	1.0	
HESWGSKL	1.734806	581	too_close_to_test	1.0	
EESTGAKL	0.455584	291	too_close_to_test	1.0	
KESNVVKK	0.712222	940	too_close_to_test	1.0	
EERSAVKK	0.051759	119	too_close_to_test	1.0	
KQTDAVVL	0.051759	1621	too_close_to_test	1.0	
NESADSKL	0.040478	1781	too_close_to_test	1.0	
LQTDAVKK	1.06492	1772	too_close_to_test	1.0	
GETAASVK	-0.504544	2887	too_close_to_test	1.0	
KKTDAVKK	0.675008	1491	too_close_to_test	1.0	
KETFASKK	0.281933	1167	too_close_to_test	1.0	
KERVAVKK	-0.103143	2268	too_close_to_test	1.0	
AESSASKL	0.395641	11	too_close_to_test	1.0	
RETGAPKK	-0.504544	3061	too_close_to_test	1.0	
YESTAVKK	0.157102	2251	too_close_to_test	1.0	
KVTPASKS	-0.655811	4004	too_close_to_test	1.0	
KESRDAKL	1.157134	969	too_close_to_test	1.0	
KETIAVKL	0.931619	1215	too_close_to_test	1.0	
KHSVAAKL	0.769614	1486	too_close_to_test	1.0	
RETIAVKL	0.321531	2090	too_close_to_test	1.0	
EETIASKK	-0.182864	2286	too_close_to_test	1.0	
KETTAVKE	-0.403086	2430	too_close_to_test	1.0	
EESLAAKL	0.209698	169	too_close_to_test	1.0	
KESMAVKL	0.038395	874	too_close_to_test	1.0	
KETSAAKK	0.437588	1332	too_close_to_test	1.0	
EETHASKL	0.785842	337	too_close_to_test	1.0	
KETIAAAL	0.385581	1183	too_close_to_test	1.0	
KPTGGSKK	0.127479	1526	too_close_to_test	1.0	
KETEATKK	0.570671	1158	too_close_to_test	1.0	
TEPNASNK	-0.539306	3289	too_close_to_test	1.0	
KQTDAVNK	0.443869	1614	too_close_to_test	1.0	
KESRAVKI	0.559914	964	too_close_to_test	1.0	
EETIAVKL	0.34549	354	too_close_to_test	1.0	
HETDAVKK	0.32476	585	too_close_to_test	1.0	
EQTVATKL	0.205343	539	too_close_to_test	1.0	
KETIASKL	0.804495	1206	too_close_to_test	1.0	
KESVAVKK	0.957153	1097	too_close_to_test	1.0	
KESQASKL	0.099183	942	too_close_to_test	1.0	
KPSSAVKR	0.024087	1521	too_close_to_test	1.0	
KETSAVKS	0.675869	1351	too_close_to_test	1.0	
EASRAAKL	0.367029	70	too_close_to_test	1.0	
QGTTGSKI	-0.655811	4026	too_close_to_test	1.0	
HESWGSKI	0.691607	579	too_close_to_test	1.0	
REHSAVDL	0.037036	1972	too_close_to_test	1.0	
RETTAAKL	0.576794	2122	too_close_to_test	1.0	
EESNEVKK	0.246735	194	too_close_to_test	1.0	
EETDAADL	0.051759	320	too_close_to_test	1.0	
EESRASDL	0.43197	205	too_close_to_test	1.0	
KETNASDL	0.365754	1264	too_close_to_test	1.0	
KESNAVDL	2.017777	898	too_close_to_test	1.0	
KQNDAVKL	-0.249271	2313	too_close_to_test	1.0	
KEKIAADL	0.896857	747	too_close_to_test	1.0	
KATTASSI	-0.655811	3985	too_close_to_test	1.0	
EDSVASKK	0.113028	100	too_close_to_test	1.0	
KETIEAKL	0.021796	1221	too_close_to_test	1.0	
RETAAVKI	0.121395	2070	too_close_to_test	1.0	
EETLASKL	0.360758	363	too_close_to_test	1.0	
KATIAAKL	0.649017	669	too_close_to_test	1.0	
KERNAVKL	0.34549	775	too_close_to_test	1.0	
RETSASQN	-0.726392	4199	too_close_to_test	1.0	
EETSAVKL	1.541114	409	too_close_to_test	1.0	
RQTDAVKK	1.694157	2179	too_close_to_test	1.0	
KESNAVEK	0.287287	900	too_close_to_test	1.0	
QESRAAKL	1.113841	1841	too_close_to_test	1.0	
KENNAVKK	1.43796	759	too_close_to_test	1.0	
KQTRASKL	0.02373	1644	too_close_to_test	1.0	
KSSRAAKK	0.954849	1670	too_close_to_test	1.0	
KETLAVKI	0.396568	1248	too_close_to_test	1.0	
KQSVAAKL	1.04446	1584	too_close_to_test	1.0	
RETPASQK	-0.916724	4386	too_close_to_test	1.0	
KESWASKK	0.113028	1103	too_close_to_test	1.0	
KETSAVIK	0.000606	1343	too_close_to_test	1.0	
KENTAAKL	0.058598	767	too_close_to_test	1.0	
KETSAVKM	0.588878	1347	too_close_to_test	1.0	
TETVASKL	0.276935	2237	too_close_to_test	1.0	
KESTAAKM	0.088742	1034	too_close_to_test	1.0	
KQTDALKK	0.367029	1597	too_close_to_test	1.0	
KESNAVKN	0.387551	905	too_close_to_test	1.0	
RETDAVKK	0.218987	2075	too_close_to_test	1.0	
EETKATKL	0.051759	358	too_close_to_test	1.0	
KESTAEKL	0.13608	1043	too_close_to_test	1.0	
QESSASKK	0.061776	1849	too_close_to_test	1.0	
RESKAAKK	0.165702	2007	too_close_to_test	1.0	
KESSAVVK	-0.346181	2368	too_close_to_test	1.0	
QESNAADL	0.146029	1831	too_close_to_test	1.0	
LESFAVKK	0.523485	1714	too_close_to_test	1.0	
KETSDTKK	0.170623	1363	too_close_to_test	1.0	
KESNAVSL	0.135305	918	too_close_to_test	1.0	
EEHSAVKK	0.216206	110	too_close_to_test	1.0	
KETWGSKK	0.267967	1444	too_close_to_test	1.0	
KETIASVL	0.086521	1207	too_close_to_test	1.0	
QESTASDL	0.343645	1857	too_close_to_test	1.0	
PETAASVK	-0.629482	3912	too_close_to_test	1.0	
EESRAAKK	1.252852	203	too_close_to_test	1.0	
AETTASKL	0.023142	37	too_close_to_test	1.0	
KETLASKK	-0.936207	4395	too_close_to_test	1.0	
KDTTAAKL	0.596565	726	too_close_to_test	1.0	
LESWGSKL	0.079788	1739	too_close_to_test	1.0	
EETAAADL	0.021796	309	too_close_to_test	1.0	
KESRAAKR	0.357928	950	too_close_to_test	1.0	
EETIAAVI	0.135305	348	too_close_to_test	1.0	
KQTIAVKM	0.146029	1637	too_close_to_test	1.0	
KETTAVKR	0.635123	1396	too_close_to_test	1.0	
EESEAVKK	0.064724	135	too_close_to_test	1.0	
QETRAVKK	0.560702	1902	too_close_to_test	1.0	
KDTTASNG	-0.425362	2440	too_close_to_test	1.0	
KVTTAVKL	0.482635	1706	too_close_to_test	1.0	
RESSAVKK	0.750729	2040	too_close_to_test	1.0	
KESCGSKK	0.205343	798	too_close_to_test	1.0	
LETVASKL	0.502944	1765	too_close_to_test	1.0	
EQTDAADL	0.538425	510	too_close_to_test	1.0	
AETTAVKL	0.40927	39	too_close_to_test	1.0	
KESSASRK	-0.591353	3656	too_close_to_test	1.0	
KESTESKL	0.402477	1070	too_close_to_test	1.0	
KPTTAVDL	0.330512	1534	too_close_to_test	1.0	
VESDAVKK	0.334305	2241	too_close_to_test	1.0	
EQTDAAKK	0.330512	511	too_close_to_test	1.0	
RETVAVKK	0.248053	2149	too_close_to_test	1.0	
KESIAADL	0.76389	835	too_close_to_test	1.0	
IETRASKL	0.012505	632	too_close_to_test	1.0	
KESREAKL	0.986387	973	too_close_to_test	1.0	
AETSAVKL	0.304097	34	too_close_to_test	1.0	
KDSIAAKL	0.138909	696	too_close_to_test	1.0	
KESEAVKL	0.051759	811	too_close_to_test	1.0	
EETVAAKI	0.338066	446	too_close_to_test	1.0	
IESIASKM	-0.262635	2318	too_close_to_test	1.0	
KETIAADK	0.595015	1185	too_close_to_test	1.0	
KESIAVKL	0.283827	854	too_close_to_test	1.0	
SETTGAKI	-1.007219	4425	too_close_to_test	1.0	
KGSIATKL	0.37627	1455	too_close_to_test	1.0	
KETHAADL	0.223441	1172	too_close_to_test	1.0	
AETIAAKL	0.043159	25	too_close_to_test	1.0	
EATIAAKL	0.669371	80	too_close_to_test	1.0	
AESTAAKK	0.060999	15	too_close_to_test	1.0	
RESTAAKL	0.316744	2047	too_close_to_test	1.0	
QESSAADL	0.273608	1846	too_close_to_test	1.0	
KGNTAVKL	0.026935	1452	too_close_to_test	1.0	
SEISASTK	-0.466755	2799	too_close_to_test	1.0	
EETSDVKK	0.037036	414	too_close_to_test	1.0	
EETRAVDL	0.514157	388	too_close_to_test	1.0	
NETPASIN	-0.504544	2995	too_close_to_test	1.0	
GETSAVKK	0.216569	550	too_close_to_test	1.0	
KDTTAVKK	1.291127	729	too_close_to_test	1.0	
KGATASQN	-0.504544	2946	too_close_to_test	1.0	
TQSTASQK	-0.38397	2415	too_close_to_test	1.0	
KETTAANL	0.594347	1377	too_close_to_test	1.0	
QESFAAKL	0.144513	1822	too_close_to_test	1.0	
KETRAVRL	0.21809	1319	too_close_to_test	1.0	
QEDNASRK	-0.466755	2723	too_close_to_test	1.0	
KESTGSKK	0.214839	1075	too_close_to_test	1.0	
LETTAAKL	0.139187	1760	too_close_to_test	1.0	
HESIAAKL	0.13094	558	too_close_to_test	1.0	
KESGDAVK	0.290641	830	too_close_to_test	1.0	
AESSAVKL	0.065999	13	too_close_to_test	1.0	
EETMAAKL	0.041293	365	too_close_to_test	1.0	
EESFAVKI	0.380817	144	too_close_to_test	1.0	
EETNAADL	0.118706	369	too_close_to_test	1.0	
KSTTAAKL	0.041658	1682	too_close_to_test	1.0	
KESLGSKL	0.21809	869	too_close_to_test	1.0	
EGSTAVKK	1.421799	463	too_close_to_test	1.0	
KESRGTKK	0.132792	979	too_close_to_test	1.0	
EQSWGSKK	0.165702	509	too_close_to_test	1.0	
EETTAVKI	0.91903	431	too_close_to_test	1.0	
KETIAAKL	1.398493	1192	too_close_to_test	1.0	
RESNAVKI	0.73899	2018	too_close_to_test	1.0	
EETVAVKI	0.065999	454	too_close_to_test	1.0	
KESHAAKL	1.124866	832	too_close_to_test	1.0	
TESWGSKK	0.315	2219	too_close_to_test	1.0	
EESSAVDL	0.524028	246	too_close_to_test	1.0	
KETHAVKK	0.612983	1178	too_close_to_test	1.0	
KGTIAADL	0.028896	1470	too_close_to_test	1.0	
RETTDAKK	0.477728	2141	too_close_to_test	1.0	
KETRAVKM	0.681847	1310	too_close_to_test	1.0	
KETFAADL	0.506373	1163	too_close_to_test	1.0	
KQSHAAKL	0.765706	1554	too_close_to_test	1.0	
KETVASKR	0.120024	1426	too_close_to_test	1.0	
KESIASDL	0.550278	844	too_close_to_test	1.0	
KESTATKL	0.94755	1052	too_close_to_test	1.0	
QATHASKK	-0.993564	4419	too_close_to_test	1.0	
HESSASKK	0.2038	566	too_close_to_test	1.0	
QASVAAKL	0.499387	1807	too_close_to_test	1.0	
RDSVAAKL	0.065999	1967	too_close_to_test	1.0	
LETTAADL	0.124309	1758	too_close_to_test	1.0	
NGASASKK	-0.726392	4188	too_close_to_test	1.0	
KESTGVKL	0.058598	1080	too_close_to_test	1.0	
KQTRAAKK	0.051759	1642	too_close_to_test	1.0	
KESIASNL	0.006001	849	too_close_to_test	1.0	
EESSTSKL	0.190061	267	too_close_to_test	1.0	
TESWGSKL	0.01397	2220	too_close_to_test	1.0	
KAASAVKK	0.047932	642	too_close_to_test	1.0	
KENNAADL	0.54312	753	too_close_to_test	1.0	
KNTVAAKL	1.090613	1506	too_close_to_test	1.0	
KESNDAKK	0.113028	924	too_close_to_test	1.0	
KESNASDL	0.134733	889	too_close_to_test	1.0	
KASTASKL	0.059312	654	too_close_to_test	1.0	
KESNAVKP	0.008293	906	too_close_to_test	1.0	
KATSAVKK	0.061978	677	too_close_to_test	1.0	
RETTAVRK	0.01397	2139	too_close_to_test	1.0	
KESWGVKI	0.021796	1121	too_close_to_test	1.0	
RESRAAKL	1.138328	2026	too_close_to_test	1.0	
KEPSAVKK	0.352789	771	too_close_to_test	1.0	
EESKAAKL	0.390577	165	too_close_to_test	1.0	
KETRASKL	1.035814	1300	too_close_to_test	1.0	
KESIASKM	0.450525	848	too_close_to_test	1.0	
KESIAVKK	0.755123	853	too_close_to_test	1.0	
KETIAADL	0.854179	1186	too_close_to_test	1.0	
TGGSASKK	-0.601454	3827	too_close_to_test	1.0	
KESTAAEL	0.01397	1029	too_close_to_test	1.0	
EDSVAAKK	1.368264	96	too_close_to_test	1.0	
KQTDAVNL	0.006001	1615	too_close_to_test	1.0	
EESSGTKK	0.010366	262	too_close_to_test	1.0	
KVTNAVKK	0.034385	1701	too_close_to_test	1.0	
EETISSKL	0.410781	355	too_close_to_test	1.0	
KETIAAKM	0.562899	1193	too_close_to_test	1.0	
EESSSSKL	0.631542	266	too_close_to_test	1.0	
KEAADSKK	-0.571491	3398	too_close_to_test	1.0	
KDSAAVKK	0.123452	692	too_close_to_test	1.0	
KQTVAAKL	1.078428	1660	too_close_to_test	1.0	
KESTAVKL	1.372828	1057	too_close_to_test	1.0	
LGSTAVKK	0.041293	1767	too_close_to_test	1.0	
RDTVASKR	-0.504544	3054	too_close_to_test	1.0	
GVTLASKK	-0.629482	3859	too_close_to_test	1.0	
KQTAAVKK	0.398546	1591	too_close_to_test	1.0	
HESWGSKR	0.281433	582	too_close_to_test	1.0	
KETYAADL	-0.194914	2290	too_close_to_test	1.0	
KGAPASHK	-0.539306	3189	too_close_to_test	1.0	
EESSVVKK	-0.194914	2288	too_close_to_test	1.0	
RESRAADL	0.282208	2024	too_close_to_test	1.0	
EDTTASKR	-0.761155	4239	too_close_to_test	1.0	
KATIAVKP	0.039524	674	too_close_to_test	1.0	
HDSTASQK	-0.504544	2890	too_close_to_test	1.0	
RESNAVDL	0.853391	2017	too_close_to_test	1.0	
EETTDAKL	0.359967	438	too_close_to_test	1.0	
KESWAAKL	0.246735	1102	too_close_to_test	1.0	
KESSAAKL	1.02707	984	too_close_to_test	1.0	
KETTAVDL	1.424671	1389	too_close_to_test	1.0	
PDIAASKK	-0.466755	2691	too_close_to_test	1.0	
LETSASEQ	-0.571491	3469	too_close_to_test	1.0	
RESFAAKL	0.936365	1986	too_close_to_test	1.0	
LESTAVKK	0.574638	1734	too_close_to_test	1.0	
KETVASTL	0.243644	1430	too_close_to_test	1.0	
KDSTGVKK	0.196003	709	too_close_to_test	1.0	
IESIASKL	1.346768	619	too_close_to_test	1.0	
EETAAVKL	0.52888	317	too_close_to_test	1.0	
AESTAVKK	0.502228	17	too_close_to_test	1.0	
KGTPASGK	-0.571491	3431	too_close_to_test	1.0	
KATIAADL	0.676906	667	too_close_to_test	1.0	
RQTDAVDL	0.322826	2177	too_close_to_test	1.0	
KESIAAKI	0.524724	836	too_close_to_test	1.0	
EETTAANL	0.101447	421	too_close_to_test	1.0	
EETLAVKR	0.021796	364	too_close_to_test	1.0	
KETMAVKI	0.509912	1257	too_close_to_test	1.0	
LETVAAKL	0.028896	1764	too_close_to_test	1.0	
EESSALKK	0.037036	223	too_close_to_test	1.0	
KETMAAKL	0.365198	1254	too_close_to_test	1.0	
QETRAVKL	0.552361	1903	too_close_to_test	1.0	
METSAVKK	0.111757	1778	too_close_to_test	1.0	
EETTAADL	1.163986	415	too_close_to_test	1.0	
KESNAVNK	0.277598	912	too_close_to_test	1.0	
KNSRAVKL	0.282208	1502	too_close_to_test	1.0	
CETIAAKL	0.124309	46	too_close_to_test	1.0	
RESAAVKL	0.443869	1982	too_close_to_test	1.0	
EETRAVKK	1.629633	390	too_close_to_test	1.0	
LETRASKL	0.233425	1749	too_close_to_test	1.0	
EESNAVKR	0.750729	188	too_close_to_test	1.0	
KETAAAKK	0.085066	1129	too_close_to_test	1.0	
QESTASWK	-0.539306	3249	too_close_to_test	1.0	
KESFAVKR	0.152785	826	too_close_to_test	1.0	
EERVAAKL	0.065999	120	too_close_to_test	1.0	
EESMAAKL	0.051759	171	too_close_to_test	1.0	
EEPAASVK	-0.504544	2875	too_close_to_test	1.0	
EESSASVL	0.280786	242	too_close_to_test	1.0	
LETSDAKK	0.260035	1755	too_close_to_test	1.0	
KESGASKL	0.733861	828	too_close_to_test	1.0	
KQSVAVKK	0.198974	1586	too_close_to_test	1.0	
HGTKASKK	-0.539306	3152	too_close_to_test	1.0	
KESSAAKS	0.352789	985	too_close_to_test	1.0	
REGSASKN	-0.504544	3056	too_close_to_test	1.0	
LETLAAKR	0.066358	1746	too_close_to_validation		1.0
KGTAASKE	-0.78709	4274	too_close_to_validation		1.0
KDPTASSI	-0.629482	3872	too_close_to_validation		1.0
QETSASER	-0.539306	3251	too_close_to_validation		1.0
KESIAAKS	0.118706	840	too_close_to_validation		1.0
QESRAAKK	0.810727	1840	too_close_to_validation		1.0
KETRAVKV	0.176698	1315	too_close_to_validation		1.0
KETAASKD	-0.805574	4295	too_close_to_validation		1.0
KETHESKK	0.201057	1181	too_close_to_validation		1.0
KPSIGVKK	0.395193	1519	too_close_to_validation		1.0
KATTASVE	-0.956841	4402	too_close_to_validation		1.0
QETSAAKL	0.078742	1904	too_close_to_validation		1.0
NESIASIK	-0.539306	3222	too_close_to_validation		1.0
KASVAADL	0.079788	658	too_close_to_validation		1.0
HATTATKK	-0.614419	3839	too_close_to_validation		1.0
PEARASIK	-0.601454	3760	too_close_to_validation		1.0
EVSRAAKL	0.483123	545	too_close_to_validation		1.0
HESSASKL	0.52888	567	too_close_to_validation		1.0
EETTASMK	-1.005146	4422	too_close_to_validation		1.0
RETNSSKK	0.520762	2099	too_close_to_validation		1.0
EQAPASIK	-0.530098	3116	too_close_to_validation		1.0
KKIRGSKP	-0.805574	4296	too_close_to_validation		1.0
QPSSGVKR	0.203026	1930	too_close_to_validation		1.0
RESSASKL	0.771461	2038	too_close_to_validation		1.0
AGNTASKK	-0.571491	3324	too_close_to_validation		1.0
LEITASEK	-0.539306	3212	too_close_to_validation		1.0
KQSAVVKL	0.985134	1550	too_close_to_validation		1.0
KESSASQL	0.294797	997	too_close_to_validation		1.0
LESVAAKK	0.304097	1736	too_close_to_validation		1.0
IDTNASKK	-0.856726	4341	too_close_to_validation		1.0
KPSIGAKL	0.154421	1518	too_close_to_validation		1.0
KQTSASLQ	-0.504544	2965	too_close_to_validation		1.0
EESIASVK	-0.706189	4161	too_close_to_validation		1.0
QGTTASKE	-1.048612	4438	too_close_to_validation		1.0
KQSRASKI	-0.560061	3314	too_close_to_validation		1.0
RETSASEV	-0.504544	3063	too_close_to_validation		1.0
KETEAAKR	0.176698	1154	too_close_to_validation		1.0
QETFAAKL	0.13608	1882	too_close_to_validation		1.0
RESNAAKK	0.157102	2014	too_close_to_validation		1.0
KETEDSKK	-0.504544	2938	too_close_to_validation		1.0
PQATASKE	-0.539306	3237	too_close_to_validation		1.0
KDSTGAKK	0.079788	707	too_close_to_validation		1.0
YVTTASQK	-0.539306	3302	too_close_to_validation		1.0
RESTAAKK	0.02016	2046	too_close_to_validation		1.0
YETTASSN	-0.571491	3639	too_close_to_validation		1.0
REGIASSK	-0.466755	2766	too_close_to_validation		1.0
IETSASKV	-0.497913	2852	too_close_to_validation		1.0
KETIAAGT	-0.425362	2444	too_close_to_validation		1.0
IVSNASKK	-0.466755	2551	too_close_to_validation		1.0
KQVSAARK	-0.601454	3730	too_close_to_validation		1.0
KGRAASKL	-0.530098	3122	too_close_to_validation		1.0
PVTTASRK	-0.840336	4332	too_close_to_validation		1.0
RETTATSI	-1.755038	4501	too_close_to_validation		1.0
PQTTASKK	-1.614419	4498	too_close_to_validation		1.0
IESFAVKL	0.021796	614	too_close_to_validation		1.0
LESRAAKI	0.065999	1723	too_close_to_validation		1.0
EPSIGAKK	0.118706	478	too_close_to_validation		1.0
IESRAAKK	0.407146	624	too_close_to_validation		1.0
EESNATKK	0.037036	180	too_close_to_validation		1.0
REPNASIK	-0.466755	2769	too_close_to_validation		1.0
KTPSASKK	-1.548488	4496	too_close_to_validation		1.0
HESRAAKK	0.13094	563	too_close_to_validation		1.0
KESNASRL	0.093151	893	too_close_to_validation		1.0
EATIAAKM	-0.311419	2344	too_close_to_validation		1.0
NASTASKL	-0.571491	3482	too_close_to_validation		1.0
LETAASSK	-0.539306	3213	too_close_to_validation		1.0
RENTGAKK	-0.38397	2411	too_close_to_validation		1.0
EETKASQK	-0.539306	3141	too_close_to_validation		1.0
KESQAAKS	-0.466755	2593	too_close_to_validation		1.0
DESSASKL	0.051759	49	too_close_to_validation		1.0
KATTASTM	-0.504544	2913	too_close_to_validation		1.0
KEPNASTK	-0.831128	4323	too_close_to_validation		1.0
NVTAASKK	-0.943876	4398	too_close_to_validation		1.0
NEASGSEK	-0.466755	2671	too_close_to_validation		1.0
EQSAVVKK	0.439939	484	too_close_to_validation		1.0
KQSAVVKK	0.226816	1549	too_close_to_validation		1.0
EETNSSKL	1.24738	379	too_close_to_validation		1.0
TESRAAKK	0.154421	2216	too_close_to_validation		1.0
QETRAAKL	0.300205	1899	too_close_to_validation		1.0
EPTTAVKK	1.113355	482	too_close_to_validation		1.0
RETISSKK	0.582463	2092	too_close_to_validation		1.0
NESTASKT	-0.704116	4141	too_close_to_validation		1.0
RDSGGSKK	-0.539306	3263	too_close_to_validation		1.0
NGSTASKQ	-0.539306	3225	too_close_to_validation		1.0
EETIAAKS	0.390577	345	too_close_to_validation		1.0
QGQTASKK	-0.571491	3544	too_close_to_validation		1.0
KETSAAVK	0.206661	1335	too_close_to_validation		1.0
RESIAAKK	0.436636	2002	too_close_to_validation		1.0
EETSASQK	-0.655811	3974	too_close_to_validation		1.0
KHTAAAKK	-0.48751	2843	too_close_to_validation		1.0
KASIAADL	0.866633	645	too_close_to_validation		1.0
NEAAASEK	-0.601454	3749	too_close_to_validation		1.0
KETIAAVI	0.63609	1199	too_close_to_validation		1.0
REVTASSK	-0.601454	3803	too_close_to_validation		1.0
