sequence	value	source_row
SAITAERN	-0.539306	3280
RLSKAATM	-0.571491	3586
KASTGVKK	0.191937	657
KETRGSLK	-0.902484	4374
KGATASQH	-0.571491	3425
LETTARNR	-1.832676	4502
KVTEGVKK	0.238845	1699
RPTTASNQ	-0.539306	3276
EETIAADK	0.511295	339
QTPRDPNA	-0.466755	2750
KVTTASEQ	-0.872521	4355
REITSSKI	-0.680635	4099
KATNAGVE	-0.571491	3386
TETSGSGK	-0.504544	3093
KGPTASEQ	-0.680635	4075
IHITASKK	-0.601454	3686
KEHAASET	-0.504544	2927
KGHTASKL	-0.601454	3716
KATCASIK	-0.539306	3163
QANSAPQK	-0.916724	4385
RYTTAAIK	-0.466755	2796
EESTATKQ	-0.463151	2474
KESIASRK	-0.276423	2322
SETLASIK	-0.504544	3080
RVATASTK	-0.823302	4320
KEKAASKH	-0.466755	2583
RVTGASRK	-0.539306	3279
IVTKATNK	-1.016427	4426
RGSIAAKK	0.089547	2152
KPALAVKK	0.183431	1512
QVTKATNQ	-0.571491	3557
TENAASKQ	-0.655811	4042
PDSAASKT	-0.504544	3005
TECTASNS	-0.504544	3088
KETIASVV	0.004762	1208
NLSMASES	-0.571491	3495
HDSVAAKI	0.154421	554
REAAGSDT	-0.492309	2848
IDSPASRK	-0.571491	3367
KRTAASVK	-0.504544	2967
KESRASKM	-0.290664	2338
EETTATDL	0.006001	426
EESRDTKK	0.419736	213
LETTAPRN	-0.78709	4276
EDTTASYV	-0.504544	2873
KETRSVKI	0.187421	1329
QETTAAVK	-0.767785	4258
TPAAASKK	-0.539306	3295
YETPGSKK	-0.539306	3301
RQTTVPNQ	-0.571491	3591
KETTAPML	-0.823302	4313
EQSTAAKI	0.22785	501
QGITASTK	-0.463151	2485
RESKFAKL	-0.027422	2257
QEAAASYK	-0.571491	3529
KEKTVAKT	-0.571491	3405
IGTTAATK	-0.655811	3982
KQTTAVDL	0.093151	1652
KESWGSDL	0.822611	1108
RVGAGSLK	-0.601454	3810
IELAASIQ	-0.571491	3369
KESNATKR	0.419736	896
KGATASKY	-0.466755	2609
QGISGSKK	-0.571491	3543
KETSASLK	-1.235698	4474
HGTSASMK	-0.504544	2894
PEPTASEN	-0.530098	3126
PEPTASRG	-0.504544	3008
ILIGASVE	-0.767785	4247
NGATASRK	-0.504544	2997
SETMASMS	-0.571491	3601
HEPTGSVK	-0.601454	3676
IETSASVK	-0.704116	4125
QDTMANKL	-0.466755	2719
RENSGAQI	-0.601454	3797
KPPNASKK	-0.504544	2959
EERTASLQ	-0.571491	3336
KETIAAIQ	-0.522272	3111
RAVTASKK	-0.726392	4197
KEITAATI	-0.601454	3702
KEPTASRY	-0.601454	3705
LVRTASKI	-0.466755	2661
PVATASTN	-0.504544	3017
KESNGAKK	0.079788	927
PEPTASKQ	-0.902484	4376
KGTIGSKK	0.116217	1472
QETGASKI	-0.688604	4117
TETSASQP	-0.655811	4043
KQSWGTKK	0.363784	1588
NETKASEK	-0.601454	3752
TVRAASKK	-0.655811	4046
KETSAENK	-0.680635	4073
KETASSKQ	-0.38397	2399
EESNGAKL	0.142839	195
IVTTASIK	-0.726392	4173
QPTTASIK	-0.805574	4301
LETTASED	-0.466755	2657
RETTASHT	-0.840336	4334
RETLAVKR	0.062754	2096
KPTTASGY	-0.466755	2629
IESAASRE	-0.601454	3683
NGTAASNK	-0.680635	4086
EESNSSKL	0.176698	198
EETSASNT	-0.629482	3854
KESTGADK	-0.78854	4286
RVSTSSKN	-0.466755	2794
QAPSASIQ	-0.466755	2713
KRSSASSK	-0.466755	2639
EETRAVKV	0.118706	393
TRNAASKK	-0.492309	2849
TVSSASTK	-0.539306	3297
QELAASKK	-0.747582	4229
PGSTASEK	-0.497913	2859
QQTFAAKT	-0.629482	3928
QETVASVL	0.176698	1919
RVPTASNN	-0.571491	3594
EDSFAAKK	-0.320627	2353
KGPTASIP	-0.629482	3885
RQHTASLK	-0.629482	3941
KEIAASYV	-0.466755	2581
FETTASKR	-0.571491	3347
KEARASIK	-1.038146	4434
REYFAVKK	0.006001	2151
KDTRAPKK	-0.571491	3396
QETNSSKL	0.181293	1898
QVSIAAKA	-0.566692	3321
RETTAPGL	-0.798943	4290
EEPTGSKT	-0.466755	2505
EERSASKL	0.770932	118
QETTASVG	-0.466755	2735
QVTPASNT	-0.466755	2753
HEPTASKT	-0.58809	3646
EETTGSKL	0.068464	442
KEALAAKL	-0.466755	2575
EESKFAKL	0.187421	168
KYTHAAKL	0.3243	1710
NGNRAPTI	-0.601454	3754
QETRASNL	-0.550301	3306
HETRVSLN	-0.466755	2532
EATNASKL	0.118706	83
KETISADL	0.374508	1226
KAPTASIE	-0.466755	2556
QDPTASTK	-0.662723	4053
QDTRASKL	-0.515539	3109
KESTDVKL	0.065999	1067
PETTASTN	-1.005146	4423
KKASASQK	-0.466755	2622
YDSTASKI	-0.680635	4110
KATTAAIR	-0.466755	2561
PETRGSIK	-0.539306	3234
TKGLASIK	-0.571491	3624
REAGASKE	-0.466755	2764
RDTPASRN	-0.504544	3053
KESTASRY	-0.58809	3648
QPTGAADL	0.024607	1931
TESQAAKL	0.008293	2215
EENTPSIR	-0.492309	2844
QATSASAT	-0.466755	2715
KASTAVKL	0.249248	656
QGSPASKR	-0.504544	3037
KESVATKI	0.183876	1095
PETIASNK	-0.747582	4227
KETRGSQM	-0.504544	2941
EDSVAAKR	0.051759	98
KATIASRN	-0.504544	2911
KGASASKQ	-1.036377	4433
RHTPASYI	-0.726392	4200
YVTTASQQ	-0.466755	2840
HYKLAPKN	-0.530098	3117
NETAGSKK	-0.773817	4264
QATAASRK	-0.601454	3769
TATTASQN	-0.539306	3286
DPAPASKG	-0.629482	3851
KEITAPEK	-0.504544	2928
QETDASKI	0.034385	1876
KGTPASKC	-0.840336	4329
DEATASIK	-0.539306	3135
LVPNALEI	-0.601454	3744
HEIAASVK	-0.504544	2891
GGTWLSKR	-0.571491	3352
EESSGVKK	0.106116	263
EATTASET	-0.425362	2432
AEARASKK	-0.78709	4268
QESTAADL	0.497033	1854
EDAVGPKK	-0.497913	2850
NESSASHT	-0.78709	4277
AESTAAKI	0.127479	14
IEASGSNK	-0.504544	2898
EESTAVKR	0.459244	285
KETIAADS	0.000606	1187
RQTTGSER	-0.504544	3073
TESRASRK	-0.539306	3290
NVTSGSKK	-0.680635	4087
SPSTASIK	-0.466755	2804
KELTGSIK	-0.466755	2584
PGVIGSRE	-0.601454	3765
KETRASEN	-0.639242	3963
KQTLVVKR	-0.196883	2292
IYEIGPET	-0.571491	3380
QETAGSHK	-0.504544	3031
EDSPASKK	-0.58809	3645
KARAASTR	-0.601454	3690
KQSAVVDL	0.240815	1547
KDTAASRE	-0.805574	4294
EESEGAKL	0.570273	137
RQNNASKK	-0.38397	2413
MDAAASKK	-0.629482	3901
QEASGSKQ	-0.466755	2722
RETRESKR	0.113907	2111
PVTTAARK	-0.504544	3018
KASAASKK	-0.99266	4417
RRRTGSEK	-0.466755	2791
IDPSASNK	-0.504544	2897
EAATAVKK	0.093151	65
WPSTASKA	-0.571491	3636
RGATDSKK	-0.571491	3581
PEPPASKK	-0.872521	4356
KANRASIR	-0.466755	2555
KESFAVNK	-0.3906	2424
HETLASIK	-1.094369	4449
RPSSAWYE	-0.704116	4154
NELAASKK	-0.601454	3750
RETVASKT	-0.943876	4399
VEPIGSKG	-0.571491	3632
LDSVAAKI	0.106116	1712
QETGGSRK	-0.530098	3128
KQNTASKN	-0.601454	3727
KATSASKH	-0.504544	2912
KPTGASKL	0.021796	1524
RVSTAAKS	-0.655811	4037
RGSRPAKQ	-1.300424	4481
KEPTASTA	-0.466755	2589
KESWVSKK	-0.221242	2299
QESEASIK	-0.352812	2378
KQAPGSIE	-0.601454	3726
KESWPSKK	0.101447	1124
KETSASTS	-0.539306	3186
KESTATKR	0.056558	1053
KETWASKN	-0.466755	2606
RQTDAAKL	0.142839	2175
QGTAGSIE	-0.571491	3545
TDPTASNT	-0.466755	2810
KETIAADI	0.501406	1184
YERSASIK	-0.466755	2837
EAFTAART	-0.571491	3330
KETTAVRN	-0.504544	2943
QDPTASFI	-0.601454	3771
RATSGSKQ	-0.504544	3050
RQTNGSKK	-0.571491	3590
AETTASVR	-0.601454	3658
KATVAVKQ	0.063658	685
RETNASNT	-0.629482	3937
QQTSASKS	-0.466755	2748
DGSAASNK	-0.539306	3136
TETRASKS	-0.823302	4321
RDSNASIK	-0.571491	3564
AETPASRR	-0.466755	2491
RGTAASAI	-0.504544	3067
KHTTASLK	-0.504544	2955
KGTTGSKS	-0.571491	3433
KKTIAPIG	-0.629482	3888
KQTVAARL	0.619177	1661
TKTTASKN	-0.601454	3829
NGSMASKK	-0.571491	3493
KESIASCK	-0.466755	2592
KKTAGSEK	-0.466755	2623
QYPTAPKN	-0.466755	2754
QEATASNQ	-0.629482	3920
KDTNASRT	-0.504544	2919
KATGASRR	-0.601454	3691
KETTAVVT	-0.124332	2273
TGTTASWN	-0.571491	3623
KGPTASEN	-0.726392	4181
KDTTSSSG	-0.601454	3698
QDSPASKN	-0.466755	2718
QLPRASIK	-0.466755	2744
RVPNGSNQ	-0.767785	4261
IAITASKK	-0.601454	3680
NATTASIS	-0.466755	2667
RQTSASER	-0.466755	2790
KDSIAAKI	0.821792	695
EQTTASNK	-0.840336	4326
QESAASRI	-0.629482	3922
QGTGAVKK	0.008879	1924
NQRFDVKR	0.113907	1800
EESSASLN	-0.539306	3140
QMNIAAKK	0.22785	1926
KQSTAAEK	-0.655811	4001
KDAAASVK	-0.680635	4067
TEGRPSSQ	-0.601454	3822
KETPGSLR	-0.466755	2601
KEIAGSEK	-0.726392	4176
SKTTASPK	-0.571491	3604
QESRDAKL	0.550278	1845
SKSAASVA	-0.539306	3284
EETLASKR	-0.284033	2336
KETTASWK	-0.872521	4354
PGAPASKK	-0.805574	4299
KESTAAKF	0.071962	1030
RQTAAAKL	-0.267755	2320
KVRPGARR	-0.747582	4223
RYTSAAKQ	-0.704116	4155
NETSASNE	-0.655811	4012
SETNASKN	-0.629482	3945
KGSTAADL	0.352789	1460
IENTASYK	-0.504544	2899
TESAESKT	-0.571491	3616
RPSTGVKK	0.330512	2160
GVTVASKL	-0.346181	2366
EETNSSDL	0.106116	377
KESSASEH	-0.425362	2443
KASVAAVL	0.632465	661
QDTSPSKN	-0.78709	4279
LIASAAET	-0.504544	2982
KEAPASPK	-0.539306	3172
LERTASQK	-0.571491	3467
HETAASTR	-0.466755	2531
EQNTPSKT	-0.571491	3343
KGTAGSKE	-0.571491	3430
KEAGASKL	-0.530098	3119
RETNSSKL	0.635667	2100
KATAAVKL	0.010366	666
SVSTASKK	-0.629482	3947
NQTTASMK	-0.466755	2685
TETGASDK	-0.466755	2818
PESTASST	-0.466755	2698
RRIGASVK	-0.601454	3809
EDSRAAKQ	-0.466755	2500
SQSPASNK	-0.601454	3817
KRAPTSIT	-1.181237	4466
IEDPASKK	-0.629482	3864
RETTASQG	-0.601454	3802
QASTASAT	-0.539306	3240
LATPASKT	-0.571491	3463
HDITASKK	-0.571491	3355
QDSLASKK	-0.58809	3652
RESFAVTK	0.038395	1997
KVSTASIT	-0.58809	3650
KDITAPIK	-0.601454	3694
KETRAVNI	0.142839	1316
MESTAEKK	-0.504544	2985
PEATASNS	-0.571491	3505
KQTDSSKL	0.051759	1625
KDIAASVK	-0.466755	2565
QQTSAAKS	-0.539306	3257
KEPAASQK	-0.856726	4342
KKPNASKK	-0.497913	2856
QETTATIK	-0.629482	3924
QETNGSRK	-0.680635	4094
KVPPASNQ	-0.466755	2645
TEPSASVE	-0.601454	3823
KETNASVI	-0.571491	3418
KENTASED	-0.504544	2930
EKNSGSKL	-0.352812	2376
EQSTAAKK	1.062785	502
KGTTAPEE	-0.539306	3194
SKNSGSKR	-0.662723	4054
SEASASKQ	-1.173551	4465
KQATASKI	-0.798943	4289
SVVTASRN	-0.601454	3818
KETSAETK	-0.466755	2602
EEDTIAEK	-0.571491	3334
HQRAGSKQ	-0.629482	3862
EDSTGAKK	0.018759	93
QETDGSIK	-0.571491	3538
AAAVGSKL	-0.704116	4119
EKNIAAET	-0.504544	2882
RESPASDK	-0.425362	2458
KETPASVR	-0.943876	4397
LENAASKT	-0.655811	4006
PASSASKE	-0.466755	2689
KETPAATK	-0.539306	3185
LQAPASAR	-0.571491	3473
TETTACWK	-0.629482	3952
TQAPASKI	-0.571491	3626
REPRGSKK	-0.78709	4282
KDTSASEI	-0.601454	3697
EETPASRE	-0.504544	2878
PQTPASTK	-0.726392	4191
QAPSASKL	-0.647211	3969
KETRAVTK	0.089547	1320
TVTAASEN	-0.680635	4109
PETAASNN	-0.571491	3509
GDNTASKS	-0.463151	2475
TATAASVK	-0.504544	3084
PQTAAPST	-0.466755	2708
QERNASIK	-0.38397	2408
KGSTASVE	-0.504544	2950
KGAEASEN	-0.601454	3715
IGTGASKK	-0.629482	3866
SDASDAKK	-0.466755	2797
EQSTASEI	-0.504544	2883
KTPSASNK	-0.571491	3454
TETTASKW	-0.466755	2820
KETFRAKL	-0.571491	3416
VEPTASKL	-0.601454	3833
PVATASLK	-0.539306	3238
KVTSASEN	-0.840336	4330
QWITPETG	-0.571491	3558
LSTTASEN	-0.629482	3900
KELTASNQ	-0.504544	2929
RESTASNI	-0.571491	3574
LKTTASNK	-0.764181	4242
ILATASTI	-0.680635	4065
QVPAASAV	-0.571491	3556
KEDAASIK	-0.571491	3401
RETYASRE	-0.571491	3580
KQSNAVKL	0.065999	1560
HGSAGSKK	-0.571491	3361
DETTASTT	-0.504544	2869
CESTASEK	-0.466755	2493
RETSASCE	-0.88776	4368
KGTTAPKT	-0.466755	2618
LGATASNK	-0.655811	4007
NAATASGK	-0.466755	2665
TGTTASNH	-0.504544	3096
LRCSASDK	-0.571491	3474
TENSASQK	-0.466755	2814
KATSASNE	-0.747582	4217
KDRPSSNK	-0.601454	3695
RRTTASVK	-0.571491	3592
KASVGAKL	0.193511	663
HETTASNA	-0.504544	2893
KTTYAANL	-0.504544	2969
EETNASFQ	-0.601454	3666
QQTPASKN	-0.504544	3043
PDSCASTA	-0.571491	3503
NEITASKR	-0.539306	3221
GESSAAEQ	-0.851331	4339
YETSASVK	-0.466755	2838
KEPTASKC	-0.504544	2932
KNCSAAKC	0.309323	1499
KRCPASAN	-0.78709	4275
PETTASNR	-0.856726	4345
SGTSAEEN	-0.571491	3603
TETTDARK	-0.571491	3620
KPTPASSE	-0.655811	4000
RGATASQE	-0.466755	2779
NDSTASNK	-0.655811	4010
TESAASVK	-0.614419	3846
NYTTASKI	-0.466755	2688
KAKTASNK	-0.571491	3382
RGTTASSK	-0.902484	4378
TVIAASKK	-0.504544	3100
RQTDAVKI	0.359967	2178
IETTASVK	-1.133878	4458
KQTHAAKK	0.44173	1630
KSTTEVKR	0.154421	1684
QDRSASNK	-0.504544	3023
KQTSAATI	-0.571491	3449
TETAASKA	-0.629482	3951
KVTSGSQK	-0.504544	2974
KETRESKR	1.08501	1327
RPTPASTK	-0.601454	3807
NKTTASTK	-0.539306	3226
SEADASKI	-0.601454	3813
KQTTASGK	-0.956841	4403
GEATASVT	-0.601454	3672
EEAPASEK	-0.466755	2502
MGTAASTK	-0.466755	2664
RDSIASYK	-0.504544	3052
RETTAVQT	-1.115559	4454
RDPAASNI	-0.466755	2760
RPATASYQ	-0.466755	2786
QETLASMK	-0.466755	2732
EGTAGSKA	-0.680635	4060
PETPASRK	-0.680635	4089
KETIASSQ	-0.504544	2939
PLTAASDK	-0.680635	4090
KETSAAIN	-0.88912	4370
KAITGSKN	-0.504544	2908
PESSASRN	-0.571491	3508
NQAIASKK	-0.571491	3496
QETPASNT	-0.497913	2860
KEINAVKL	0.118706	746
KENPGSKR	-0.916724	4383
HETIASKN	-0.571491	3359
KDAIASSK	-0.466755	2563
EATIAARE	-0.466755	2498
KESKFAKL	0.981745	863
TQDATSCK	-0.767785	4263
MATIASRK	-0.767785	4254
KETTDSHK	-0.539306	3187
KETTASCE	-0.629482	3883
IDSRTSKK	-0.655811	3980
AESTASRN	-0.571491	3323
YVTTAPKK	-0.463151	2489
TGVCGSNK	-0.466755	2824
KAPAGSGQ	-0.680635	4066
QEFTAAKK	-0.655811	4022
METPASEK	-0.571491	3478
YEATASQT	-0.840336	4336
EETAAVKI	0.165702	315
KVGTASRN	-0.539306	3206
KATTASQT	-0.902484	4373
EETRGSKL	0.01133	399
LESIASDL	0.026935	1716
KQTSASRN	-0.539306	3202
QESTAAKI	0.209367	1855
QESKGPRN	-0.88776	4367
SETTASED	-0.466755	2802
KGTIASSE	-0.767785	4251
RESSAANK	-0.466755	2772
QDSPASRK	-0.767785	4257
QETSASRR	-0.704116	4148
KDAVGVKK	0.118706	688
QEASASKH	-0.601454	3773
KKTTASQR	-0.614419	3842
KVATASKT	-0.745698	4210
KESSASVT	0.032015	1001
PDTPASNK	-0.539306	3230
KETYASNK	-0.539306	3188
RETSASEH	-0.539306	3271
RANTASKE	-0.504544	3048
KQDTVSNK	-0.466755	2631
KETRDVKI	0.006001	1324
HAPTGSTN	-0.571491	3354
EARRASCK	-0.704116	4120
VGTNGSNK	-0.726392	4205
QGTSGSRK	-0.466755	2741
EQSSAADL	0.559914	492
KEAPAKKR	-0.655811	3988
QPTAASKN	-0.466755	2745
QQATASSI	-0.466755	2746
FESAATKY	-0.639242	3961
KETSASRS	-0.78191	4266
LPTTAVKK	0.026935	1768
KATPASQI	-0.466755	2560
SETTASRT	-0.601454	3815
KASSATKR	-0.823302	4311
AESRAVKA	0.000606	9
DEATASKS	-0.504544	2868
KETAASSI	-0.78709	4273
MANSASKQ	-0.726392	4186
SVSSATKR	-0.504544	3083
SESVAAKK	0.010366	2197
KETTAKKR	-0.236306	2305
PDPNASNK	-0.601454	3759
KETTASSD	-0.655811	3995
KQSSAADL	0.472265	1568
SETVASIK	-0.504544	3081
RETIAANL	0.13608	2087
DRPTASKK	-0.466755	2496
KESMATKS	-0.571491	3412
RATTAAKL	-0.58809	3653
EDSIAAKI	0.367029	88
METPASKN	-0.704116	4140
SGNTASTK	-0.466755	2803
DDTTASLK	-0.466755	2494
KKTPASKK	-0.964632	4407
QRTRASKK	-0.504544	3044
LESIASLK	-0.629482	3898
KQTAGVKR	-0.308857	2343
QQASGSRQ	-0.601454	3785
KETRAVQI	0.142839	1317
LATNPSKK	-1.027422	4431
KESPASQL	-0.539306	3181
KETIVADL	0.258884	1230
KHTAASIE	-0.466755	2621
IESAAAKK	-0.707909	4165
IESNAVKR	-0.460125	2469
QQSSASKT	-0.571491	3552
EETTASRL	0.158599	425
IVPCASMR	-0.571491	3379
RGPPASKT	-0.539306	3273
RRTIAPKK	-0.629482	3942
EESTATKK	0.565864	279
QVTKATTK	-0.601454	3789
KLPTAPKQ	-0.726392	4182
KVSTASIQ	-0.504544	2972
RESTASVQ	-0.629482	3936
PDATASYK	-0.655811	4015
VETTASEN	-0.504544	3102
EETNGAKL	0.406528	376
KESPDWKK	-0.279234	2328
QEAPASTQ	-0.504544	3025
RDSAASKL	0.038395	1962
HETTASNN	-0.629482	3861
KESTGADL	0.884139	1071
IHPTASEH	-1.08812	4447
TDATASHQ	-0.466755	2809
KDAPGSIK	-0.571491	3389
EETNGAKK	0.35932	375
RETVASNR	-0.539306	3272
HATTAVKK	0.447992	553
GEAAASNK	-0.88776	4363
REATASER	-0.466755	2765
NETPASKH	-0.466755	2677
KESAHVKK	0.113028	797
RETRGSKN	-0.745698	4211
IGTTASQR	-0.466755	2549
KGSRASKL	0.302571	1458
QENPGSKK	-0.601454	3775
QDTKAVKI	0.038395	1815
KESNASTT	-0.530098	3120
RAYSATKK	-0.629482	3932
RESSASKE	-0.601454	3799
KESTVVKK	0.041293	1083
KEIAASKD	-0.571491	3403
ERTSAPLM	-0.78709	4269
TDASASYK	-0.463151	2488
NANTASNK	-0.539306	3218
RETTASRQ	-1.027422	4432
TGATASKK	-1.210692	4471
TQRTAATK	-0.747582	4237
QGTAASTQ	-0.601454	3782
RESTAAEK	-0.704116	4152
AVVTASEN	-0.601454	3659
TVISASNK	-0.466755	2829
EGTTASSN	-0.466755	2513
IQSTASIK	-0.466755	2550
KEITASSK	-1.058831	4440
REPPGSNK	-0.571491	3571
QHATASKQ	-0.539306	3255
GETTATKK	-0.798943	4288
EETRDAKL	0.035368	395
QQTTAAQK	-0.726392	4196
KDTVAAVL	0.106116	731
QRPSGSIE	-0.571491	3554
QEAAVSKT	-0.466755	2721
REAIASRK	-0.601454	3795
IQSTASPD	-0.601454	3687
LDATASRK	-0.704116	4138
RQPTAPGK	-0.571491	3589
DGAPASIK	-0.655811	3972
KETRAVEI	0.13094	1306
EETTASVN	-0.571491	3339
LDSPASYK	-0.466755	2652
RETTASPN	-0.704116	4153
TEASASKN	-0.704116	4157
EQSTAPKK	-0.38397	2392
KVTRAAKL	0.236536	1704
SVQTASNK	-0.530098	3131
NESAASES	-0.601454	3751
KETTAAQL	0.062754	1378
LEACASKK	-0.466755	2653
KRNAASKT	-0.704116	4136
KECLASKQ	-0.466755	2578
MDSTASKK	-0.823302	4315
KDSIAANL	-0.571491	3393
PEATGSQK	-0.466755	2694
EESNGSKK	0.287848	196
KVGTGSKK	-0.466755	2644
RGSAASEK	-0.629482	3939
QETPGSKE	-0.466755	2733
RVTAASKT	-0.726392	4201
DGTAASKR	-0.571491	3329
CESTASIK	-0.571491	3326
MATIAADL	-0.38397	2405
RETISSKL	0.678441	2093
EESDAAKK	0.000606	129
QPPASAKK	-0.522272	3113
ANSIAAKL	0.375065	41
HEPGASEI	-0.539306	3150
KESTGAYT	-0.466755	2595
KESIASRE	-0.601454	3707
KEYSVSIR	-0.571491	3424
REMTASKN	-0.466755	2768
TESTAAAK	-0.747582	4236
RQGIASKQ	-0.981665	4415
KESNHAKL	0.408306	933
LGSTASDI	-0.466755	2658
NETTASVT	-1.270461	4478
KETCASNR	-0.466755	2597
EASTGVKK	0.038395	74
KEYTASYK	-0.504544	2945
EVPSGSID	-0.767785	4245
PEPTASKH	-0.539306	3232
KQAAASYK	-0.571491	3443
KQSSASSK	-0.539306	3201
RVTAASIE	-0.504544	3075
KETIDADL	0.22785	1220
KGSAASMK	-0.504544	2949
SRTTASIK	-0.38397	2414
HENTASME	-0.629482	3860
LESIGSKK	-0.425362	2450
QETPAPKK	-0.571491	3539
MQVSASNT	-0.601454	3747
NENTASER	-0.466755	2673
RATTASQN	-0.466755	2758
RESTAPKI	-0.504544	3060
EATKSAKQ	-0.38397	2387
VEATASKK	-1.058831	4441
LETIGSKK	-0.624935	3848
TESAASEK	-0.956841	4405
IGATASCK	-0.571491	3374
SRTTASTK	-0.571491	3605
RESRDAKL	0.142839	2030
QGTSASKI	-0.726392	4195
WESTASNK	-0.504544	3103
NETRASNL	-0.425362	2452
METTASGR	-0.601454	3746
VGTTASIK	-0.655811	4047
KESNAVDM	0.000606	899
TEASGATE	-0.571491	3612
RETGGSKQ	-0.38397	2412
IEETASKK	-0.463151	2476
RKAAASEK	-0.539306	3275
KDTIASEK	-0.629482	3873
EEGSASKL	0.381947	109
NDPAGSKI	-0.466755	2668
QETHESKR	0.026935	1883
KGSSASKL	0.051759	1459
KQTTASMI	-0.571491	3450
EESSAADK	0.037036	216
NAVTASVK	-0.504544	2988
KARTVSQK	-0.629482	3869
IETTASME	-0.539306	3157
HETAASKQ	-0.704116	4123
PEPSATVK	-0.601454	3761
IATTASKM	-0.571491	3366
KETDASMT	-0.655811	3993
NETTAAKT	-0.601454	3753
GETTGSKN	-0.601454	3673
PEPSASGK	-0.466755	2696
KVTYAAKL	0.525002	1709
NGTSASIR	-0.466755	2681
RETPAPTK	-0.504544	3062
KEMTASTN	-0.823302	4312
EQAPGSKK	-0.466755	2515
RAATGSKE	-0.655811	4029
QDNAGVKR	0.118706	1808
KETNCSKE	-0.726392	4179
RQTPASSK	-0.539306	3277
REPGASLK	-0.539306	3267
PGTTASIT	-0.539306	3236
TEANASKL	-0.483354	2842
TVHPASEG	-0.530098	3132
KPTMAAKL	-0.350729	2375
DETNSSKL	-0.103143	2267
QANTASTK	-0.680635	4091
QPATHSKS	-0.629482	3927
IEGSASNK	-0.539306	3155
KETRAIKI	-0.279234	2329
IAPTASIK	-0.504544	2896
RKTAASEK	-0.601454	3806
QAATASKD	-0.466755	2712
ADTLASVQ	-0.571491	3322
AQSKAVKI	0.000606	42
RPRTGSEQ	-0.571491	3587
KVTCASGN	-0.571491	3459
KETRAVKT	0.079788	1314
ELRAAVKK	-0.249271	2309
TESSASRK	-0.560061	3319
KQDTASKR	-0.571491	3444
KEPPASIK	-0.930512	4391
IGPTASKE	-0.504544	2903
RASAASQK	-0.425362	2457
KETNSSDL	0.879598	1282
KQRFDVKR	0.037036	1544
KDPSSSKK	-0.571491	3392
KGKAASKN	-0.504544	2947
SEANASNK	-0.504544	3078
PESAASRK	-0.969431	4409
KQNSASTK	-0.504544	2962
PVTNASRK	-1.504544	4494
QETTASRT	-1.149638	4461
KQITAAEK	-0.539306	3200
EESTGSNQ	-0.571491	3337
RASTASDK	-0.571491	3560
KQAPASKT	-0.466755	2630
HAITGSQT	-0.680635	4062
PESTGSKT	-0.425362	2453
TGTPASSK	-0.601454	3828
NHTTASKV	-0.601454	3755
LETIASRK	-0.492309	2847
RDTTASLQ	-0.539306	3264
PEPIASKK	-0.846368	4338
KVTTASDK	-0.916724	4384
PESPASKL	-0.655811	4016
IGASASTR	-0.601454	3685
KEAAASCK	-0.539306	3171
EETNAVKL	0.477728	373
RENNAVKL	0.365754	1977
KPRTPTIK	-0.571491	3441
KVTAASHK	-0.601454	3735
KERTASYR	-0.466755	2591
KLTTATKR	0.280238	1495
NESAPSNK	-0.571491	3488
KEGPASEQ	-0.601454	3701
QGIPASIK	-0.601454	3781
GGTSASEK	-0.539306	3148
ADTTAVVR	-0.466755	2490
EQTDASKL	0.708176	514
LPPPASKK	-0.539306	3215
RGTSASQN	-0.466755	2783
QARTASTK	-0.655811	4020
QGTTRPHE	-0.629482	3926
IQSWGSKK	0.675008	639
EETNGAKS	-0.38397	2390
EESIASRL	0.084288	161
PETIGSKT	-0.504544	3010
KNTLRSNR	-0.466755	2626
LETKASYK	-0.466755	2656
TESTGAKS	-0.571491	3617
KQNAASKL	-0.571491	3445
TPTTASRK	-0.601454	3830
QESKAAKL	0.550599	1829
TETCASRT	-1.131511	4457
QQTTARKI	-0.571491	3553
HEATASKD	-0.522272	3110
NGTTGSKS	-0.571491	3494
RTTTDSKN	-0.747582	4234
KAIAASTK	-0.466755	2554
HESAASKN	-0.767785	4246
KVDTDSKT	-0.601454	3733
WESPASKK	-0.571491	3635
RETIASRQ	-0.571491	3576
KGKSASKK	-0.463151	2480
LSPGASKK	-0.793339	4287
RENSASKQ	-0.571491	3570
KEETASNK	-0.466755	2579
KEPTASTI	-0.726392	4177
RGTTASEE	-0.601454	3805
RASTASNE	-0.539306	3261
REITAAQK	-0.571491	3569
KVTSASDL	-0.38397	2404
NGPPGSKK	-0.466755	2680
NGATASKL	-0.571491	3492
KESIVVKK	0.135305	856
EETRAVRL	0.037036	394
EERVASKL	0.062754	121
IETTASIH	-0.571491	3373
KDLTASKE	-0.571491	3391
RDSRGVKR	-0.107942	2270
EESTGTKL	-0.346181	2364
KVTTATKI	-0.539306	3210
WDTTASSK	-0.466755	2834
HESTASEE	-0.504544	2892
PESTASKA	-0.601454	3762
QVSSASTK	-0.504544	3046
QETTGSGK	-0.560061	3317
KVTSASDK	-0.571491	3460
RWRLASNK	-0.571491	3596
NDTPASKT	-0.504544	2989
KTPSASKI	-0.601454	3732
KATAASYI	-0.571491	3385
KQITASIK	-0.425362	2448
SRAIASKK	-0.747582	4235
KDVGASKK	-0.58809	3647
EEAAASTN	-0.571491	3333
QPTGGVDL	0.40927	1934
KATSGSEK	-0.601454	3692
KARAASQP	-0.504544	2909
KEAIASYT	-0.78709	4272
NETTASQL	-0.504544	2996
KSSRASKL	0.006001	1672
IATAASKK	-0.97965	4412
IESTASIE	-0.539306	3156
PQPSASKK	-0.601454	3766
KETSASQD	-0.601454	3712
ETTGATKK	0.006001	543
RDAAASKQ	-0.530098	3129
EATTGSKN	-0.601454	3662
ESTTASEK	-0.601454	3670
KPAMASKS	-0.571491	3440
KDNSGVKK	0.118706	690
KVTPASMK	-0.539306	3209
KPTTVSKL	-0.704116	4135
EQSSAVKI	0.006001	497
KEPSASSE	-0.466755	2588
KEATAAKR	-0.560061	3311
RDSVAAKI	0.849215	1965
KEPPGSYK	-0.539306	3178
TETNASRI	-0.504544	3092
QETTGSQK	-0.902484	4377
DGSMASKR	-0.823302	4309
TDTTGRKQ	-0.601454	3821
KSSRAAKI	0.093151	1669
TVATASER	-0.571491	3629
TETIASKV	-0.539306	3291
EESIAAKQ	0.281433	155
KLTTASGK	-0.504544	2958
KEKRAVKI	0.668059	748
KETIASDQ	-0.629482	3881
KEATATET	-0.539306	3173
EVAPASKS	-0.571491	3345
HEPTATIG	-0.655811	3978
SESPASNQ	-0.466755	2800
KETRAFKI	0.232215	1297
PANAASKK	-0.504544	3003
MQEIAAYK	-0.571491	3480
EESTGVKK	0.13094	293
TPRPDSNK	-0.58809	3655
LENTASYK	-0.504544	2978
REAAASLK	-0.805574	4302
EEISASKL	0.622561	111
NQATASIK	-0.504544	3000
VETTGSKR	-0.571491	3633
KDPTAPIK	-0.466755	2567
EETIASNN	-0.466755	2508
KDTGASNT	-0.38397	2396
RVTPAAKS	-0.571491	3595
KESHDSKK	-0.38397	2398
KQRTLPNT	-0.571491	3446
KESIAAKV	0.37116	841
PETTGSRI	-0.504544	3012
KVTTASMK	-0.767785	4253
TRTTASIR	-0.466755	2828
RVTSAAIK	-0.466755	2795
EELTASKI	-0.539306	3139
VVTSASKK	-0.539306	3299
KQTSASIE	-0.726392	4183
KDTTACYE	-0.726392	4175
REPSASHG	-0.668401	4056
EVSIAAKL	0.208106	544
FETRGSKK	-0.629482	3857
KESTGAIS	-0.571491	3414
QGSTAVKL	-0.17009	2284
RTRSATKK	-0.425362	2460
TQSTASKI	-0.629482	3955
PNAGGSKL	-0.571491	3516
QESGDAKL	0.118706	1825
KETIAAGE	-0.466755	2598
HETTGSKN	-0.680635	4063
QDTSESIK	-0.539306	3244
FDTTASKK	-0.539306	3146
NQKTASKQ	-1.09746	4450
RDITGSKK	-0.571491	3563
EQTTDAKL	0.106116	535
HQSSASNQ	-0.571491	3363
LAPTGEQR	-0.655811	4005
WAAVGSKL	-0.601454	3834
EGATASPK	-0.504544	2880
TETAASTR	-0.504544	3091
IATSASND	-0.466755	2538
NETAASQI	-0.571491	3489
SDTPASVK	-0.629482	3944
EGPSASNK	-0.571491	3340
YGTSASEN	-0.466755	2839
QGASASEE	-0.466755	2737
TEPRATDI	-0.571491	3615
YENTASKE	-0.504544	3105
QQAHAAKL	0.176698	1936
RESAATIK	-0.466755	2771
KDTAASNK	-1.053751	4439
GAAAASKK	-0.680635	4061
RESTSAKQ	-0.466755	2773
KENNAAKK	0.13094	754
KESNEVKL	0.079788	926
HEITAAGK	-0.466755	2529
KDSTRATV	-0.504544	2918
TANTASTK	-0.655811	4040
YDTTASQK	-0.539306	3300
HETPASLK	-0.823302	4310
KQRVASTH	-0.466755	2633
TESAASYH	-0.466755	2816
TAATASDK	-0.466755	2806
GQTTASIR	-0.466755	2525
KGTNASIE	-0.539306	3193
LDTSASYK	-0.504544	2977
PEAAASVK	-0.680635	4088
KGPTDSEP	-0.571491	3428
TNIPASRL	-0.571491	3625
RDATASIQ	-0.466755	2759
KETAGVKM	0.106116	1139
SEDPASET	-0.856726	4348
IETAASTK	-0.726392	4172
QENNAAKL	-0.249271	2314
KETRAVRK	0.113028	1318
NNTTAEGK	-0.704116	4142
KEGAASVI	-1.027422	4430
NEPSASKI	-0.655811	4011
PEAGASKK	-0.704116	4143
KVSIAAKA	0.032454	1691
QETTPSHK	-0.601454	3780
ERTPAVKR	-0.539306	3145
NVAPGSGL	-0.466755	2686
KETTAEKL	0.546609	1382
RGTADSEK	-0.571491	3583
WGNSVSDK	-0.466755	2835
EASVAAVL	0.255879	76
EATIAADL	0.15089	78
QETTRSKK	-0.872521	4357
QETTATLK	-0.539306	3252
MEVTASNK	-0.504544	2986
IQLPASKK	-0.571491	3377
RGTSASRI	-0.504544	3068
YDSAASIK	-0.629482	3958
TGAAASKT	-0.504544	3094
EGSVAAVL	0.01133	465
NETTASDT	-0.539306	3224
PASPASRN	-0.571491	3501
KEATESKI	-0.629482	3875
SDTTASTV	-0.466755	2798
KEASASCT	-0.466755	2576
KENHAAKL	0.091267	752
EQTTASKK	0.067553	530
MEPAASRK	-0.706189	4163
KEPTASLN	-0.629482	3878
QDPTASRK	-0.704116	4146
RETIASQE	-0.539306	3270
QATNASNK	-0.571491	3523
EETTGTKL	0.024607	444
RPTTASKK	-1.203514	4470
PGSIASKK	-0.466755	2704
KQAHAAKL	0.037036	1540
IANSASKK	-0.571491	3365
KESTAAMK	-0.726392	4178
KEATASDI	-0.685	4112
QVTTAAIK	-0.680635	4097
KEATASCE	-0.504544	2924
QQPTASIK	-0.504544	3042
TGTAASTE	-0.571491	3622
PATAASKI	-0.726392	4189
TETTASPK	-0.78709	4285
DQYTAQKD	-0.916724	4382
TAAAASKN	-0.571491	3606
PETWASKK	-0.571491	3512
KRGAASQK	-0.539306	3203
KGPTGSGK	-0.539306	3191
KENAASNK	-0.745698	4209
EVSPGVKK	-0.311419	2346
NQTDARKI	-0.601454	3756
KETTPSKE	-0.466755	2605
SATTASNQ	-0.504544	3077
EGSSAPKK	-0.539306	3143
QAKTVSKK	-0.504544	3019
KVKTESKQ	-0.655811	4003
QKASASNT	-0.466755	2743
HESWASKL	0.595827	574
RGTAGSKT	-0.466755	2782
RKSSASNN	-0.629482	3940
TQTSAAKK	-0.744121	4208
QEPTASIR	-0.704116	4147
KVTAAPKN	-0.466755	2647
LAASASNK	-0.601454	3737
LESTASAT	-0.466755	2655
QESTGSIK	-1.259995	4477
HATTASTT	-0.466755	2527
AETIGSKK	-0.38397	2386
EGASASKV	-0.466755	2511
EDSVAAKS	0.065999	99
PSSTAAKK	-0.571491	3519
NETTAAIQ	-0.38397	2406
TDATASAD	-0.629482	3948
KGDSASKK	-0.655811	3996
KVTTASKC	-0.601454	3736
KQGTASTK	-0.747582	4222
KETASAKL	0.12084	1140
QGTTDPKL	-0.221242	2301
RESSASDK	-0.639242	3966
KKTTASSN	-0.571491	3437
NESRASRK	-0.466755	2675
NETRVSSE	-0.629482	3906
RETTAAQV	-1.165725	4464
KASNASNT	-0.571491	3384
KENTATIK	-0.539306	3177
RVTTGAKK	-0.504544	3076
EETTGTKK	0.237395	443
IESIASDL	0.22785	616
GETTASIE	-0.571491	3351
AATVASIK	-0.504544	2865
KGSTAANK	-0.539306	3192
IESTASQQ	-0.571491	3371
HDPTASNP	-0.601454	3675
REPSASVE	-0.504544	3058
KESAGVKK	0.196003	796
SGTSAEYD	-0.601454	3816
SVAPASKK	-0.466755	2805
GVPTASKK	-0.601454	3674
KESAGAKK	-0.300424	2341
QETTASYT	-0.747582	4230
QVATASHK	-0.504544	3045
KQSTAADK	0.263057	1575
QSTNASVK	-0.655811	4028
EQPNGSRK	-0.655811	3975
NGTIAAKL	-0.504544	2998
RETVGSKN	-0.466755	2778
EDTSASKT	-0.629482	3852
HESNASKL	0.051759	559
QEQSASKK	-0.601454	3776
RGTRASTN	-0.539306	3274
KGTTASYS	-0.601454	3720
IEAIASKS	-0.571491	3368
KDKGAPSK	-0.704116	4127
NGTSASKN	-0.767785	4255
KSTAASNR	-0.466755	2641
KETTASNA	-0.726392	4180
RVATASYK	-0.680635	4103
QTTAASNK	-0.629482	3929
RQSPASKR	-0.504544	3072
KVATAPTK	-0.466755	2643
NQTRASKK	-0.571491	3497
RETNSTKL	0.240815	2102
EEPAASKK	-1.124332	4455
METTASGN	-0.539306	3217
IVSSGSKK	-0.504544	2906
KELGASKK	-0.425362	2441
IRTVASKK	-0.629482	3867
NVSNASYH	-0.655811	4014
KVPTASKQ	-0.726392	4184
KQNDASGI	-0.767785	4252
KRDSASKK	-0.571491	3451
KPRWGVKK	0.176698	1516
EGTIGSKL	0.235819	466
IQTTVPKK	-0.571491	3378
HGSTASIQ	-0.601454	3678
TGTIAAKT	-0.655811	4044
QETHGSGK	-0.601454	3778
TATNPSEK	-0.601454	3819
LVTSASTK	-0.571491	3475
EGSTASKK	-0.749056	4238
KATRGSKR	-0.539306	3164
IVTPASKN	-0.601454	3688
KPTPASHE	-0.571491	3442
NSTTASKK	-0.685	4114
KETARSKK	-0.704116	4131
TGPSGSRK	-0.466755	2822
RVATASGK	-0.504544	3074
DATTASKQ	-0.571491	3327
KEHTGSKL	-0.311419	2347
KEAAASLQ	-0.466755	2574
RETTDAKL	0.13094	2142
RPTTAANK	-0.466755	2787
QDPTASDK	-0.463151	2484
KELTASEK	-0.655811	3990
QGTAGSKN	-0.539306	3254
RVANASNQ	-0.952172	4401
REHSAADL	-0.165725	2281
RDTTASVE	-0.463151	2486
RDATATIK	-0.655811	4030
TESGASEK	-0.504544	3090
PETFASKI	-0.466755	2699
RANTASKI	-0.629482	3931
NATTASAI	-0.601454	3748
EESRDAKL	0.533679	212
KQPRASKK	-0.680635	4078
RESIASKL	0.389634	2004
KVTTAADK	-0.466755	2649
YPTGAAKT	-0.571491	3640
IDPAASTN	-0.466755	2539
KESRDTKL	0.237395	971
PGRTASIK	-0.504544	3013
EETAASWI	-0.504544	2877
EDSVAAKI	1.497218	95
SQTTASEK	-0.726392	4202
NVTSASIK	-0.629482	3909
TDPRASVT	-0.601454	3820
LDTAASEK	-0.629482	3897
VATPASNK	-0.466755	2831
KESMATKR	0.051759	872
LASAASKE	-0.466755	2651
IGTTASYQ	-0.504544	2904
KETESAKK	-0.352812	2377
TETPVSKL	-0.571491	3619
KENPASKH	-0.601454	3703
GPTRASSI	-1.157756	4462
RESRGAKL	0.004762	2032
QNTKASKK	-0.571491	3549
EEATDSKK	-0.504544	2874
EQTTASGK	-0.629482	3856
EVSAASKL	-0.466755	2518
QESTASES	-0.504544	3030
AETNSSKL	0.026935	28
RATSASAK	-0.571491	3561
QATTGTKK	-0.387574	2421
KESPASLE	-0.504544	2935
EETVASVL	0.352789	453
QVTIASSV	-0.767785	4259
TGTGASTK	-0.726392	4204
KDSTASEV	-0.466755	2569
KEDTVSKK	-0.539306	3174
KSTHAAKL	0.430548	1678
KIYKGAIK	-0.571491	3435
DESTAAKQ	-0.601454	3660
QPTTAAQK	-0.571491	3550
TESSASIR	-0.601454	3824
RVTIASLN	-0.629482	3943
LETTATNK	-0.539306	3214
KETYASKN	-0.571491	3423
KESRDTKK	0.715564	970
ERTTASVK	-0.466755	2517
KETIGSYK	-0.571491	3417
EESTGADL	0.424482	288
KPTSASEN	-0.504544	2960
QERTASEN	-0.466755	2728
RESREAKL	0.077313	2031
KLRTGSEK	-0.571491	3438
IVTTASER	-0.539306	3160
RESNASKL	0.542846	2016
KPSTGVKK	0.214486	1522
PGTPASKQ	-0.571491	3514
QGVTASEI	-0.466755	2742
TETTAARL	-0.249271	2316
IQTAASAK	-0.539306	3159
PQDTASAE	-0.571491	3517
KGSTAWNK	-0.466755	2615
TETSDSQQ	-0.601454	3826
KETRGSNL	-0.425362	2445
PQTPASEK	-0.504544	3016
NTATASRK	-0.571491	3498
KVSPASKE	-0.629482	3895
QNTVAVDL	-0.194914	2291
RETTASRG	-0.655811	4034
KKTTASYN	-0.466755	2624
MVSTGAMR	-0.571491	3481
RERSASTK	-0.571491	3572
QLTTATKR	0.218821	1925
QQSNAATK	-0.466755	2747
TEIPASMR	-1.08812	4448
TGTPASGK	-0.539306	3294
IASPASKI	-0.629482	3863
KETTDADL	0.455451	1398
KRPPASKK	-0.680635	4079
NESAAAKK	-0.680635	4085
KGTTASDT	-0.680635	4076
ESNSASND	-0.550301	3304
EESPASHQ	-0.504544	2876
TLTSASNK	-0.504544	3097
GASTASKQ	-0.466755	2520
SEITASTK	-0.571491	3599
QATTVSKI	-0.601454	3770
RQTDAADL	0.237395	2174
RETTASMN	-0.680635	4101
TESMAVVL	0.083943	2212
RERTASVK	-0.823302	4319
QETDASKL	0.796486	1878
KETAASVS	-0.539306	3183
KEFPASEK	-0.504544	2926
KEPSAAEK	-0.463151	2478
KESLASLK	-0.629482	3879
HVATASKK	-0.747582	4215
IETTASGL	-0.504544	2902
KESRASKE	-0.57663	3642
YESTATKK	-0.601454	3836
KEAAASHQ	-0.629482	3874
KVPPASIK	-0.497913	2857
DVTSASKK	-0.601454	3661
PATSASMK	-0.539306	3229
IESSASRK	-0.504544	2900
TDSTASKT	-0.504544	3086
KEGTASKA	-0.466755	2580
PVTTAAEK	-0.466755	2711
QVTPAPKL	-0.706189	4164
IEPTASKV	-0.571491	3370
RAVLASKK	-1.383608	4487
KETTASPS	-0.466755	2604
MDAPGSKK	-0.466755	2662
NANTASKK	-0.747582	4225
AETPASNK	-0.655811	3971
REPAASYK	-0.655811	4032
NETTVSTK	-0.466755	2679
REAAGSRL	-0.571491	3566
EENPSSKL	-0.38397	2388
PEKWESTK	-0.78709	4278
RGTTAAKR	-0.571491	3584
QDAIASKI	-0.504544	3022
RAMTGSKK	-0.571491	3559
KEYRASKS	-0.993564	4418
EGTPASEI	-0.601454	3668
IYEIGPKL	-0.425362	2438
RETSASRQ	-0.571491	3578
KESREAKK	0.537566	972
EENTASKQ	-0.571491	3335
LETSASNT	-0.601454	3741
QGPMASEK	-0.680635	4095
KATPASNT	-0.629482	3870
NDTTASGK	-0.530098	3125
KETAASWT	-0.571491	3415
GQTTASNQ	-0.571491	3353
GGTTASKQ	-0.726392	4170
KERTASHK	-0.601454	3706
QEATAAIK	-0.571491	3530
IDTTASMK	-0.466755	2540
KLRTDVKR	0.021796	1494
RESSAADL	0.6773	2033
QEPTAPTK	-0.466755	2727
QATTGSNN	-0.466755	2716
RGPPASKE	-0.571491	3582
RHTTAPKK	-0.504544	3069
QESNASKL	0.086521	1833
KETIASDI	0.346715	1204
RDSFAVKK	0.290641	1964
QATAASNN	-0.466755	2714
QEASASTR	-0.539306	3245
KTTAASQK	-0.539306	3205
RVAPASKE	-0.571491	3593
KEIGASDK	-0.539306	3175
KESIAAKQ	0.62021	839
RESPASLK	-0.571491	3573
HETNSSKL	0.160098	591
RETRASMK	-0.747582	4233
SGAAAAKK	-0.969431	4410
AESDAVLK	-0.236306	2304
QESTASDE	-0.466755	2730
KQSSGSKI	-0.504544	2963
RGPASSRT	-0.466755	2780
KQTGASKE	-0.466755	2635
KETTASGA	-0.38397	2400
AQTTASTT	-0.504544	2867
KDPIASNK	-0.504544	2916
KVTTASRA	-0.629482	3896
RQTDASKL	0.387551	2176
QAPSGSKK	-0.571491	3522
RETDAAKS	-0.601454	3800
KGGTASYK	-0.466755	2610
YETTGSKQ	-0.504544	3106
KANAASKN	-0.530098	3118
KEPGASKT	-0.601454	3704
NDTAASKL	-0.571491	3484
TETSASVQ	-0.539306	3292
KGVTASKN	-0.504544	2954
TDTTASKH	-0.466755	2811
HESWGSDL	0.781463	578
RQTVAARL	-0.188002	2287
KETTGSSN	-0.571491	3422
EESTASVK	0.041999	278
KGSTAVDL	0.619961	1462
KEPAASIE	-0.571491	3407
QVSAASKK	-0.831128	4324
GDRIAAKL	-0.655811	3976
PAPTASNK	-0.463151	2483
PRSTASIK	-0.466755	2709
KQSISAKL	0.051759	1556
KVTVASTK	-0.466755	2650
QETIAANL	-0.279234	2333
QAATGSKE	-0.571491	3521
DETTAAKS	-0.466755	2495
KVTTGSNK	-0.639242	3964
KQRAGSKK	-0.738292	4206
EERIASDG	-0.685	4111
KDTAGSIG	-0.88776	4364
TETRASRD	-0.704116	4158
KESNALKL	0.146029	888
NESAASKN	-0.629482	3905
NQTTASNQ	-0.539306	3227
RGPSASQK	-0.601454	3804
KVAIASKR	-0.629482	3894
TQATASLK	-0.466755	2826
QQGSAANR	-0.571491	3551
LRTNAQTK	-0.930512	4392
KETPASIQ	-0.601454	3711
EESSAEDL	-0.38397	2389
SRSAASYE	-0.680635	4105
TEASASNQ	-0.466755	2812
KETRAVKQ	0.122822	1311
PGGPAADI	-0.466755	2703
RPTTASKR	-0.58809	3654
KETHEANR	0.265255	1180
KERAASEK	-0.680635	4071
KETAASNY	-0.466755	2596
THAIALNK	-0.88776	4369
RGTSASEK	-0.78709	4283
KGNFASNT	-0.571491	3427
KLTTASVK	-0.571491	3439
TEVAASIK	-0.539306	3293
GESPASDL	-0.38397	2393
EQTGAPTS	-0.466755	2516
QATIAAKT	-0.639242	3965
KVTTSSNK	-0.571491	3461
RSTNASYR	-0.539306	3278
RESTGADL	0.077313	2055
QPSAASPN	-0.840336	4333
QGSIAAKL	0.045929	1921
KVSAGSIK	-0.466755	2646
QGTTGSTQ	-0.504544	3039
TETIAPKK	-0.571491	3618
KESAASMQ	-0.539306	3180
KETRAVKA	-0.249271	2312
KETITADL	0.165702	1229
TKTTASEK	-0.629482	3954
KHATAPKK	-0.629482	3887
EQTTDAKK	0.316066	534
KVSTASTQ	-0.539306	3208
KQSSASKL	0.254302	1572
PDTPAAVR	-0.823302	4316
KATKSAKQ	-0.144536	2276
PDTTASSN	-0.571491	3504
QESYAAKL	0.203026	1872
RESSVSKL	-0.320627	2357
KAGTASNK	-0.629482	3868
PETTASKT	-1.243808	4475
KDTGASKL	-0.539306	3169
KVHTGVKK	0.024607	1689
KESTGATT	-0.614419	3841
KPNTASKE	-0.466755	2627
ILTKVELK	-0.840336	4327
KERAASTQ	-0.466755	2590
KVPMASRK	-0.571491	3457
KGSTASKP	-0.655811	3997
KATAASKN	-1.281597	4479
NQSVAAKL	0.290641	1801
KGTIASKN	-0.629482	3886
EKTTAAKK	-0.647211	3968
QTCSCKEK	-0.571491	3555
DENAASKH	-0.805574	4291
EQSTGAKL	0.021796	507
EETIAAKR	0.21146	344
TDATASMK	-0.571491	3609
KVTQAIKL	0.21809	1703
NETTASNC	-0.571491	3491
KESNSVKL	0.197887	938
IGTLASKK	-0.539306	3158
KDTSASYQ	-0.466755	2572
NEGTASNR	-0.504544	2991
QVSSASER	-0.466755	2752
YETAASKK	-1.078575	4446
QENTHSEI	-0.726392	4193
QDRSASYN	-1.354781	4485
KEHDASKR	-0.704116	4129
LATTASKQ	-0.805574	4297
QETTVSVT	-0.466755	2736
KGTTASIV	-0.504544	2953
IESIAVKP	0.261018	621
PGTRASEK	-0.466755	2705
DETSASRK	-0.530098	3115
LETNSSKL	0.000606	1747
RASTAVKK	-0.38915	2423
KEGFSSEP	-0.981665	4413
KDSAAPVQ	-0.466755	2568
KRTTASNE	-0.539306	3204
TEYTASKI	-0.466755	2821
KENIASKK	-0.764181	4241
KENTGSRK	-0.629482	3877
KVVSASRK	-0.504544	2975
QEPTGSIK	-0.655811	4023
EETSGSTK	-0.930512	4390
GDNTASRK	-0.571491	3348
RHTSGSKK	-0.466755	2784
RDTRAVKL	0.160903	1969
KGTSGSIT	-0.571491	3432
TVTPGSAS	-0.466755	2830
EESSASVT	0.317624	243
LESSDARE	-0.601454	3740
SGTSAEYS	-0.78709	4284
EQTTGSKI	-0.571491	3344
NAATGSKK	-0.504544	2987
IETRASDL	-0.466755	2546
KGSKAAKL	0.106116	1456
YESRASLK	-0.571491	3638
KAITGAKK	-0.560061	3310
NVTSASKI	-0.539306	3228
TNIPAPNN	-0.704116	4159
EVTTASTV	-0.466755	2519
RENSAVKK	-0.124332	2274
TESTAANN	-0.466755	2817
RKTTASDK	-0.466755	2785
IRTTASKK	-0.975034	4411
KEPTGSAN	-0.539306	3179
TQTTACIK	-0.571491	3627
RESTAVTK	-0.685	4115
KSTTASVK	-0.662723	4052
NQAAASVK	-0.629482	3908
EESIAVKL	0.265639	164
EETSASDN	-0.466755	2509
RETIAADK	0.078088	2082
NEPSASAK	-0.571491	3487
EDTSASKM	-0.466755	2501
KGSSASVQ	-0.571491	3429
METIASVL	0.097516	1776
KGSSASKT	-0.601454	3718
KEPAASLQ	-0.466755	2586
REISASTK	-0.539306	3266
IATTAAKL	-0.38397	2394
RETTGAIK	-0.629482	3938
TESKAAKL	0.115041	2211
KGPTASNK	-1.162121	4463
SEFTASSQ	-0.655811	4038
KESTATSK	-0.629482	3880
RDTTASKS	-1.038146	4435
KGVTASYV	-0.466755	2620
KVTPASDE	-0.466755	2648
PESTASAK	-0.504544	3009
KGPSASKE	-0.466755	2612
KPAIGVKK	0.21146	1511
QDSVAAKI	0.54312	1814
NEMAASKK	-0.497913	2858
LDTGASIG	-0.601454	3738
KRTTASEP	-0.466755	2640
KVHPAAKT	-0.571491	3456
HDANASKK	-0.539306	3149
RETTASQQ	-0.940272	4396
EESLASEQ	-0.601454	3665
TGTIASLK	-0.466755	2823
NRTTGAKR	-0.633638	3960
QDGRASEY	-0.571491	3525
KESKGAKL	0.090217	864
QAATASIQ	-0.539306	3239
KESIAVKP	0.051759	855
EESWGTKK	0.22785	306
SDASASEM	-0.571491	3597
TEATASKF	-0.680635	4106
KDDTASKN	-0.571491	3390
RGTSAEYK	-1.955679	4503
LEVTASKR	-0.571491	3470
KQPAGSEK	-0.466755	2632
RETIAARL	-0.466755	2774
TETRGSKQ	-0.639242	3967
RLNTGVKK	0.079788	2157
EQATGSKI	-0.726392	4169
GEAADSKK	-0.466755	2521
MGPPASKQ	-0.571491	3479
NEPNASKQ	-0.504544	2992
PETNCSNK	-0.571491	3510
EDTTVLNQ	-0.601454	3663
KGTIGSKL	0.444304	1473
LESTASQI	-0.463151	2482
RDSMGVKK	-0.460125	2472
SGNTVSIK	-0.840336	4335
KGTPASGN	-0.38397	2401
LETTVSNE	-0.504544	2981
QASTASEN	-0.504544	3020
EVPTASKK	-0.875331	4360
REPSASTQ	-0.629482	3935
RETADPVQ	-0.655811	4033
KETRASNR	-0.497913	2855
KAATAVKK	0.58814	643
RETIVANK	-0.872521	4358
KESRAANK	-0.274095	2321
IETNASIK	-0.655811	3981
KENAASEK	-0.840336	4328
NGIAASKK	-0.629482	3907
RHTSAAKE	-0.571491	3585
IELTAAPK	-0.680635	4064
RVPNASRR	-0.930512	4394
KDAIAAKK	-0.492309	2845
RETSASKQ	-1.251437	4476
KDATASSH	-0.466755	2564
KDPIASRK	-0.463151	2477
FETTASTK	-0.601454	3671
KENAASIK	-0.680635	4070
QESIASKL	0.602666	1828
KESEGAKL	0.338066	814
KARSASRK	-0.539306	3162
IWTTASKK	-0.655811	3983
KDTIATKK	-0.571491	3395
KEGPASNK	-0.655811	3989
KDTKGSKK	-0.680635	4068
EQTTASKL	0.196901	531
RETSASLN	-0.466755	2776
LDVTRGQK	-0.571491	3465
NEAAASTK	-0.539306	3220
KAGTDSKK	-0.601454	3689
QETNAADI	-1.396807	4488
KQTGASVK	-0.504544	2964
PETAASET	-0.539306	3233
KDCVGSKC	0.068464	689
PTSTASAT	-0.747582	4228
KPTAAADK	-0.466755	2628
QEPNASKQ	-0.614419	3844
TETFASKK	-0.680635	4107
AHSIASKL	-0.466755	2492
PATTASHQ	-0.466755	2690
LETSDAKR	0.430872	1757
QDTSPSKS	-0.680635	4092
LENSASIK	-0.466755	2654
KVPTASDL	-0.504544	2971
EESREAKL	0.18497	214
IEPTASKD	-0.466755	2543
EEPTGSIK	-0.629482	3853
KQTTTAKK	-0.504544	2966
RESTASNS	-0.614419	3845
RDATASQL	-0.504544	3051
REATASHI	-0.539306	3265
NVRTASNK	-0.601454	3757
KESTASNT	-0.913479	4380
QETTGADL	-0.38397	2409
RAATASNE	-0.601454	3790
SEPTASNR	-0.504544	3079
QAAPVSRK	-0.601454	3768
LQTRASKT	-0.466755	2660
EETRASNL	0.113028	386
IQTAASLK	-0.504544	2905
RQSTASEE	-0.466755	2789
KMNIAAKK	0.086521	1497
HGTTASEI	-0.655811	3979
RETTATEN	-0.466755	2777
