sequence	label
RETTASKK	0
KEPTGSIE	0
TNIPAPKK	0
KETRGSKK	0
KATIAAKS	0
KQTSAAKR	0
SGTSAEYK	0
QETTASKK	0
KETTASKK	0
IELAASRE	0
KVTTASKK	0
PETTASKK	0
EGSMASKR	0
KVKTESNT	0
KEATASKK	0
TETTASKK	0
KESTGAKL	0
RENSGAKK	0
KETTASVK	0
RETVASKK	0
KETTGSKK	0
RETAASNS	0
QEGTKSQK	0
NETTASKK	0
SETTASKK	0
AETTASKK	0
IQAPGSKD	0
KETSASKI	0
HEAIASTK	0
KDRSASYN	0
REAAGSEK	0
TATNPSKK	0
SDASASEK	0
IETTASKK	0
TETNASKK	0
KETTVSDQ	0
NPSSAPKK	0
KNIPAPKK	0
PGTTRSDQ	0
KQTPASQR	0
RETTAANK	0
KETSASKK	0
LETTASKK	0
LESIASRL	0
KQTKDSKK	0
KGTTASKK	0
RETNAADI	0
QVTKATNK	0
KETTASRL	0
KESHASDK	0
KETAASKK	0
KEPIASTK	0
KETNASKK	0
RETAASKL	0
KDTTASKK	0
KNSSASKK	0
RESTAAKQ	0
SETDASKK	0
LETTDSKK	0
QESTGAKL	0
RDVAAAVR	0
KESSAVDM	0
QDTTASKK	0
HETTASKK	0
LHTAASKT	0
KETTASNK	0
KESTASKR	0
LESTASKK	0
KETEASKI	0
GDTLASLE	0
REARASKK	0
KGTSAEYK	0
QAAVGSKL	0
KETTASKR	0
KETAASKI	0
REPAASKK	0
RETRASKK	0
QATIAAKS	0
EETTASKK	0
LHSIAAKI	0
QGTTASKK	0
HESTATKS	0
LRTTVAVK	0
KETTASIK	0
KQDTASKK	0
KATTASKK	0
RETAASKK	0
QETTASRK	0
KESSASIK	0
KELAASRE	0
NETAASKL	0
QGSRPAKQ	0
RESTGAKL	0
AESAASKK	0
PEIPASMR	0
TESTGAKL	0
QATTASKK	0
KETTASRK	0
PAATASKK	0
KETPASKK	0
VETTASSE	0
KESTASTK	0
KDPGVSKA	0
RATIAAKS	0
TEPTASKK	0
IATTASYN	0
GETTASKK	0
QDTSASKK	0
KETSASSY	0
PESTGAKL	0
IESCASKI	0
REPTGSIE	0
KVAWGVNN	0
LEPNPSHE	0
KQTTASKK	0
RNIPAPKK	0
KVTTASKQ	0
KETSASNK	0
TGTTASKK	0
QEPTGSIE	0
LETEASKN	0
RESTASKK	0
STSTASAT	0
RETDASKR	0
RDTTASKK	0
KETTASTK	0
RRTAASKQ	0
KESTASKQ	0
PKNSGSKR	0
TESTASKK	0
KDRPSSSK	0
METTASKK	0
KETIASKK	0
KETTASKQ	0
KRTDAVKI	0
TATIAAKS	0
QETSASKK	0
KETTASKN	0
KEPTASKK	0
KETSAANK	0
KETGASKK	0
QETIGTIS	0
RETRGSKK	0
KETAASKR	0
EPPAASIN	0
RETTGSKK	0
RACTASTK	0
SDATASKK	0
QNIPAPKK	0
KETTATSI	0
KETTASKT	0
KGSTASKI	0
RETSASKK	0
RETTASKR	0
EESRASLK	0
KEAAASNK	0
KEITVAYK	0
RETGASKK	0
RETTASNK	0
KVPTALEN	0
KKTTASNK	0
QETRGSKK	0
KETTGAKI	0
NESTGAKL	0
AETTASKR	0
EQACASKK	0
NSTTALET	0
KGSMASKR	0
YETTASKK	0
SDAPASKK	0
KETLASKK	0
RETTASKN	0
RETTASKQ	0
YDSTASRN	0
RATPATKK	0
KGTPASYK	0
REPIASTK	0
KQRAGSKQ	0
KETRESVN	0
EQTTAAKK	0
KESTASKM	0
KETTASQK	0
PATIAAKS	0
RVTTASKK	0
RETTASKT	0
IESTGAKL	0
KETTASEK	0
KETAASNK	0
QEPIASTK	0
KETNGAKL	0
KESAASDQ	0
KEPGGSVK	0
EECTASKK	0
KGASASTT	0
QLRTASQK	0
KETTGSKE	0
REATASKK	0
KENAASKH	0
KQSVAVDK	0
RETTASIK	0
RETTASTK	0
VETTASKK	0
MVNRARIE	0
KPTMAAKK	0
RQTSAAKR	0
NATIAAKS	0
KRATASKI	0
QVTTASKK	0
RESTASRN	0
PESTASKK	0
KAITGATN	0
KEPTASQK	0
PESSASKL	0
PEASRSMQ	0
KETSAAEK	0
KQLTASEN	0
RGTSAEYK	0
IGTTGSIK	0
KESDASNK	0
KETTASKM	0
IETTASKN	0
TETRGSKK	0
KETTASYK	0
RETTASRK	0
RETTASKI	0
KQTSAAKK	0
TEPTGSIE	0
KETPAVKK	0
KETTASEI	0
KQPSASNT	0
DETTASKK	0
RESPASKK	0
TQAARSDK	0
PNIPAPKK	0
QQTSAAKR	0
QELAASRE	0
KVTAASRE	0
NESTASKK	0
KEPTGSKK	0
RELAASRE	0
TETSASKK	0
ILSTASQK	0
KETSAATR	0
KETTASVI	0
LATIAAKS	0
AEPTASRS	0
KDAAASKK	0
KETSASRK	0
QETAASKK	0
EESTGSKR	0
QETTGSKK	0
QGTSAEYK	0
RETAASNK	0
KDATASKK	0
QEATASKK	0
SVANASNQ	0
IESTASKK	0
KAPTGSTN	0
SESTGAKL	0
KGTSASKK	0
PEPTGSIE	0
EITAASKL	0
KDTTASIK	0
TETAASKK	0
KENPATKK	0
RGTTASKK	0
KEGPSSKT	0
RATTASKK	0
KQTAASAK	0
IDTTASVK	0
LESTGAKL	0
QETTASKR	0
RDTKASTV	0
YATAASKN	0
EGTTASKK	0
KEKTASKD	0
TVARASEK	0
EATHASKK	0
KATTASKQ	0
KVTIAAKI	0
KENTASKK	0
PEPGASKD	0
KENSGAKK	0
LESAASKK	0
RETPASKK	0
EEGTGSKK	0
KETTASLK	0
KGSTASQP	0
RLAPASNE	0
KETTASKE	0
NGPTAADK	0
PVSSASKR	0
TETTASLK	0
SESTASKK	0
QETTASNK	0
KETTASKI	0
KETAASNS	0
EQRVAPYK	0
KESIASVK	0
RETPAPRK	0
EEPTGSIE	0
EETIASGK	0
KGATASKK	0
RESIASKK	0
KDTSASKK	0
NETSASKK	0
KQAPDSIK	0
QDTMANQP	0
QETTASIK	0
QETTASKL	0
KEGTKSQK	0
QQGSAANK	0
RVTTASIQ	0
LETTARNR	0
TENTASKK	0
KAAPASSK	0
KQAPGSKD	0
RENTASIE	0
ENIPAPKK	0
KDTAASKK	0
KGTTRSDQ	0
PETIAADL	0
RETTASEK	0
RETTASVK	0
EETRAAEK	0
IATIAAKS	0
KESPASKK	0
NEATASTK	0
PLTWAAQN	0
TEPIASTK	0
KGSTASKK	0
RGHTGSYT	0
QQSIGSKK	0
PQGIASKQ	0
KETFRAKK	0
QETTAAGQ	0
QETTASKI	0
KDSAGSGK	0
KESAASKK	0
LPACASKK	0
KEASASKK	0
LASSASRS	0
KATSASKK	0
KETPCSKK	0
KETTAANK	0
QEARASIK	0
PETRGSKK	0
PATTASKK	0
RRAPTSIT	0
KETAASIK	0
KETTASTI	0
RQTIRSTI	0
NESTASVR	0
QDTMAEKT	0
REPTASKK	0
KDSTASKK	0
SQTTASKR	0
KAATASKK	0
KDAPASKK	0
NEPTGSIE	0
QETDGSKK	0
RETNASKK	0
QETTASKN	0
RGTLASQP	0
TEAGASRR	0
TQTSAAKR	0
KESTASIK	0
YGAAASKV	0
KEAIASTK	0
KETHASTK	0
NETRGSKK	0
PETTASKL	0
TGTSAEYK	0
KDTTDSEG	0
KKTSVAKK	0
LETTASRI	0
SGATASKK	0
KERTASKK	0
LDTTASKK	0
KATNPSKK	0
QVVAASGT	0
TEATASKK	0
KPSSAPKK	0
NETAASKK	0
QEPTASTR	0
QETTASVK	0
PETSASKK	0
KETTDSKK	0
KTPSASKK	0
TATTASKK	0
KDASASEK	0
KESTASNK	0
QEPTASKK	0
RDTPAAEI	0
RETTASKE	0
RETTATSI	0
KEITASKK	0
KEPAASKK	0
KPTTASKK	0
RVTTLSKK	0
KETTASSK	0
RETTASKS	0
TGYTAPKK	0
TQPTAPKN	0
EETTASKT	0
HESTGAKL	0
IEPTGSIE	0
NEPTASQK	0
QDTAASKT	0
QETNASKK	0
QETPASKK	0
KDTTAPSK	0
KEITASNI	0
KQKTASKQ	0
DDTSAVAS	0
NNIPAPKK	0
MHTTASKN	0
QQTTASKK	0
GESTGAKL	0
PEATASKK	0
RETAASKN	0
KEARASKK	0
PEPIASTK	0
PVTTASKK	0
METTASQR	0
TETTASKL	0
TKPTASKK	0
HAASGSNK	0
PGPPASKQ	0
RQTTASKK	0
KKTRGSKK	0
REAAASNK	0
KATTASEK	0
PETTASRK	0
KVTKATNK	0
LETRASKT	0
QETTACWK	0
EEPIASTK	0
KVASASNK	0
TVTTASKK	0
KASTASKK	0
KGGSGSKL	0
MQVSAAKK	0
PGTTASKK	0
KEAAGSEK	0
KETTASSQ	0
NETTASHT	0
IETSASKK	0
KEATASIK	0
KETTGSNK	0
NGTPASNI	0
QETTASTK	0
IVTPASTV	0
LQTAASWK	0
TDTTASKK	0
KQTAASKK	0
QETTATSI	0
NPTTASKK	0
PQTSAAKR	0
QEAAASNK	0
QLATASTI	0
KGTVASTK	0
KQAAASVK	0
RATPASKQ	0
SATIAAKS	0
KQTTASKR	0
NESSASKK	0
QETTASKT	0
KEAAASKK	0
QETTASKQ	0
KESIASLE	0
KETAGSKK	0
NETTGSKR	0
SETRVSSE	0
KETSASIK	0
KGPTASKK	0
KGTPASKK	0
TDCYASVH	0
AVTTAAIK	0
HATSGSRN	0
LNIPAPKK	0
EGTSAAKK	0
IGTTASKK	0
IRTPAAKK	0
KATTASQE	0
KETTASRI	0
KGTTASIK	0
LEPTGSIE	0
PDRRASKT	0
IETRGSKK	0
KEATASNK	0
KETNAADI	0
QETNASKI	0
EVTTASKK	0
KETSASVK	0
KGTTASNK	0
PESNAVKK	0
QAATASKK	0
RGSMASKR	0
RVKTESNT	0
VESSASKK	0
KVTTAAKK	0
INIPAPKK	0
PVPTASEE	0
QETTDSIK	0
RETTASLK	0
EQTSAAKR	0
KDSTASNK	0
QAKTASKK	0
HEPPASLK	0
KEPSASHG	0
NGTTASKK	0
QETTASEK	0
QGASASLK	0
QLSVASKQ	0
RGPSVSQK	0
TETTGSKK	0
KATKASKS	0
KESTAAKQ	0
LTPRASKK	0
NVTPGSKK	0
QSTTASEN	0
RGAPASNQ	0
TELAASRE	0
GEPTGSNI	0
HERNGSLK	0
KEFGASKK	0
KETSASQR	0
QESTASDK	0
KDTTAATI	0
KGTAASKK	0
RATTASKR	0
RENAASKH	0
TETTGSAN	0
KDAIGSKL	0
LETSASKK	0
QVNAGSKK	0
RETTASQK	0
RVSHASQK	0
KETTASKS	0
NVTTASKK	0
RESAASKK	0
EETRGSKK	0
KATAASYQ	0
KEPAGSIK	0
QETAASKL	0
TESPASKS	0
TETTASNK	0
TETTASVK	0
WETTASKK	0
KQTAASIE	0
PETTAAKL	0
RETTASYK	0
KESTASEK	0
KETSASEK	0
KVARASSK	0
LEPSASIT	0
QETVAKQK	0
QPTGGVKK	0
EGSMASKK	0
GADTASKK	0
HATIAAKS	0
KEATASKT	0
KETKGSPK	0
KETSASKQ	0
KETTASDK	0
KGGTASDK	0
QDTTASDT	0
QENTASKK	0
SGTSAEKK	0
TGNTASKR	0
HNIPAPKK	0
IESAAATK	0
KESTASVK	0
PDTTASKK	0
PELAASRE	0
LETRGSKK	0
PGTSAEYK	0
RGDTASKT	0
TETPASKK	0
TETTASIK	0
YEPRASIK	0
IEPIASTK	0
KESTASRK	0
KVTSASKK	0
PETTASIK	0
EETTASIK	0
KETTASSE	0
KETTASTT	0
LETTASKN	0
KEPIASQQ	0
KHTAASKT	0
KQTTASRK	0
NDTTASLR	0
PETTASKR	0
PQTTASKK	0
RETSAAEK	0
SNIPAPKK	0
TESTAAKL	0
YQTTASAL	0
IETTASKL	0
KEPSASKK	0
KETSASKR	0
NEATASKK	0
QENAASKH	0
QETTAAKK	0
KGTTASTK	0
KQTSASKK	0
PETAASKK	0
QGSMASKR	0
CGNSGSVV	0
KEISGSKK	0
KESTASKN	0
KQSTASKK	0
PESTASRV	0
QETSGVRQ	0
KCSPESKL	0
LATTVSKK	0
NEPIASTK	0
NGTSAEYK	0
PETTASNK	0
RAHSDSIE	0
RETSASKI	0
HETSASKK	0
KDPTASKK	0
QETGASKK	0
QETGASTD	0
REHSAVKK	0
DETHGSTN	0
EETAASKK	0
KETAASHY	0
NDTTASKK	0
PESTAAKL	0
QVKTESNT	0
SEPTGSIE	0
TETSAAEK	0
AKSSASML	0
KEATASKN	0
KKTTASKK	0
NETTASKL	0
KANAASKK	0
TETTASKR	0
TRITCARK	0
EGTSAEYK	0
HEPTGSIE	0
KDCPASRE	0
KENSASRK	0
KGTPASVK	0
QATSASKK	0
QDTNGSYE	0
REASGSST	0
KPSSAWYE	0
PEPTASKK	0
IATTASKK	0
KETSASKN	0
KVATASKK	0
QDTTGSKK	0
QGTSASNK	0
SEATASKK	0
KEATASTK	0
KETTASNN	0
KGSTASKN	0
NATTASKK	0
QETTASLK	0
REAYASKK	0
IVTTASKK	0
KDATASKN	0
REIEASHK	0
KATTASYN	0
KETTASHK	0
KETTASNT	0
KEVTASKK	0
KVSPASRR	0
QETPASKN	0
SETSASKK	0
TETIAADL	0
AGITAPEI	0
EEATASKK	0
EETTASKR	0
EETTASNK	0
GEADASKI	0
KDTGASKK	0
KETTASTR	0
NELAASRE	0
NETIAADL	0
QETRASKK	0
QRNPASGI	0
SETRGSKK	0
TETVASKK	0
KDTTASNK	0
KEPPASKK	0
KETTASIE	0
MATSASKK	0
EELAASRE	0
GDATATIK	0
HETAASNK	0
KATPASKK	0
KDTQASDK	0
KEPTASNK	0
KVTTASKE	0
TETAASKL	0
EETSASKK	0
KDTLASLE	0
KETSASTK	0
MESTASKK	0
NETPASKK	0
PGTRASKK	0
TERPASEK	0
IQTSAAKR	0
KASPASSK	0
LVTTASKK	0
NETTASKR	0
NETTASNK	0
PSLTASKK	0
TETTATSI	0
GATTASYK	0
KETAASKN	0
KGTTASKQ	0
KNTTASPE	0
QESAASKK	0
IDTTASKK	0
KTGNASKK	0
LEPIASTK	0
QETSAAEK	0
RAATASKK	0
RETTASIE	0
TGSMASKR	0
KDNDATTN	0
MATIAAKS	0
NPTTASQV	0
NQTSAAKR	0
QQATAANK	0
TETSASKI	0
TETTASRK	0
YESTGAKL	0
EEPTSEQN	0
IEATASKK	0
IETIGSKQ	0
KEATASKI	0
KETSASKA	0
MESTGAKL	0
PDHTESVN	0
PETTASTK	0
QARLASRL	0
QETSASKI	0
REASASYD	0
YSSHASSE	0
KEPTGSIK	0
KVPSAPMQ	0
LGTTASKK	0
QDATASKK	0
QERSASVK	0
RETAGSKK	0
KATTASNK	0
KESTASTR	0
KETTASKH	0
KGTTASKR	0
KVTPGSPI	0
RETTASRL	0
TQTTASKK	0
EETTASRK	0
KETPASIK	0
KETTASIQ	0
KMSTDSRK	0
KQTSAAIK	0
LQTSAAKR	0
MDASGSKK	0
PATAASKK	0
QENSGAKK	0
QETAASNS	0
TATTGSRN	0
EATTASKK	0
HHSNVSNR	0
KETTASGK	0
KGTTASKE	0
QKTTAAKK	0
RETSASIK	0
RVTIASSV	0
GESTASKK	0
HESTASKK	0
KAAVGSKL	0
KDTTASVK	0
KEATAAKK	0
KEATASRK	0
KETHASRK	0
KETPASKQ	0
KETPGSKK	0
KVTAASKK	0
NETTGSKK	0
PETTGSKK	0
QSAPASNT	0
RETPASKN	0
AESTGAKL	0
GATIAAKS	0
IELAASKK	0
KEPNPSHE	0
KETTVSKK	0
KGTTASRE	0
KQTPASKK	0
NESSASKL	0
NETTASVK	0
EENAASEI	0
HETRGSKK	0
KDVAAAVR	0
KEIPASMR	0
KETTASEN	0
KETTASKV	0
LDTAACIK	0
LETAASKK	0
QESTASVK	0
RGSTASKT	0
ALANATTR	0
IVTAASKI	0
KATAASKK	0
KESAASHK	0
KETAASTK	0
KRSCASRI	0
LATTASKK	0
RDTSASKK	0
RETIASKK	0
RETTGSTK	0
SETTASKN	0
KETRASKQ	0
PVTTAAKQ	0
QETIASKK	0
QETTAAIK	0
QETTASRL	0
QGTTDPKK	0
RAAIGTKK	0
RETDASKK	0
RGTTRSDQ	0
TEAAASNK	0
HERTVSTI	0
KEAPASKK	0
KETSGSKK	0
KGATASKN	0
KVPTASKK	0
LELAASRE	0
PETTASKI	0
RETTAPGE	0
RETTDSKK	0
AGGLASKD	0
EQTAASKR	0
IEATASKI	0
KAMTGSKK	0
KETPASNK	0
KETTASNQ	0
KETTASVQ	0
NETTASIK	0
QETVASKK	0
SEPIASTK	0
TESAASKK	0
KESTASKT	0
KETEASKN	0
KRTTVAVK	0
NETTAAKL	0
NETTASRK	0
PEITAATR	0
PGATASDE	0
QESPASKK	0
QETTASIQ	0
TDPTASQT	0
IQTTASKK	0
KATPGSKR	0
KAVTHAEI	0
KESTATKS	0
KETAASKQ	0
KPTTALKK	0
PESSASKK	0
KEPTASIR	0
KESTDSTK	0
KETSASKT	0
KGTRASKK	0
KRTNAQTK	0
KVHAAPSK	0
KVSAASKK	0
KVTSASEK	0
LGTSAEYK	0
NQTTASTK	0
QETTASKE	0
SVTTASSE	0
TESPASKK	0
EDTTASKK	0
IETAASKK	0
KDTPASKK	0
KECTASKK	0
KEPTASIK	0
KESTGAKN	0
KETKAPKT	0
KGTTASKI	0
KSVTASKK	0
KVTSGSNN	0
NEPTASKK	0
NQGTASKT	0
PGPTASCK	0
PQITDSNK	0
QETSASNK	0
QETTDSKK	0
RDATASKK	0
RQAPGSKD	0
YPGPESKI	0
KAINASNK	0
KESTGAKQ	0
KETTASQR	0
KVNPASRK	0
PETPASKK	0
PVTNASRK	0
REICAPKK	0
RGSTASKK	0
TDTTGSYK	0
AETPASTI	0
HEPIASTK	0
HQTSAAKR	0
KATTASIK	0
KATTASRK	0
KDTTGSKK	0
KETAASEK	0
KETKASEP	0
KETTASRN	0
KQTAASKQ	0
PETTASKN	0
PETTASRQ	0
PETTASVK	0
REASASKK	0
RETTASSK	0
RQSSGSKK	0
THTNTSTN	0
DETSASRT	0
EETTGSKK	0
KEAIASKK	0
KESTASLK	0
KETTASTN	0
KLTTAAKK	0
KYPIASKK	0
NPANASHR	0
QGTTRSDQ	0
RDSTASKK	0
RETTASEN	0
SENMASCI	0
TEAIASKK	0
TETTASKN	0
TETTASKQ	0
TETTASTK	0
TRTTASKK	0
TVKTESNT	0
IGTSAEYK	0
KEATASEK	0
KVCAGSKG	0
NELGAPKK	0
PETIASKK	0
PETNASKK	0
PETTATSI	0
QEASASKK	0
QETTAANK	0
QVSIASKK	0
REPTASQK	0
AAPTASHT	0
GSNSASND	0
HESPASKK	0
KATTASKR	0
KCTPASIK	0
KDTTASKR	0
KETAASKV	0
KGTTASKL	0
KGTTATGK	0
KVTTASIK	0
KVTTASNK	0
PATSAQII	0
RETTASEI	0
RGTSASAK	0
SETTASKL	0
DETTASKI	0
GEATASKK	0
HRTTASYI	0
KETSASQK	0
KETTASAK	0
KETTGSTR	0
KGTTASKN	0
KGTTGSKK	0
KNATASHQ	0
KVTTASKI	0
RDRSASYN	0
REITASKK	0
RETTVSDQ	0
SEPTASKK	0
VESTGAKL	0
EETNASKK	0
GETPGSVE	0
KEATGSKK	0
KESRASLK	0
KETRGSKN	0
KETTASIR	0
KGASASKK	0
KVTTAEYQ	0
NETVASNR	0
QESIASRL	0
QETSASRK	0
REANASTE	0
RETSASNK	0
RETTASEQ	0
RQTPASQR	0
TENAASKH	0
TESVASKK	0
GEPTGSIE	0
IQAPGSKK	0
KDTGASKN	0
KESTASRN	0
KETAASRK	0
KETTAPKK	0
KETTASRT	0
KVDSASRQ	0
KVTNASKT	0
LETTASIK	0
NESTAAKL	0
NETPASKN	0
NETTATSI	0
NQASASRK	0
PEPAASRK	0
QATTASKT	0
QESTASKQ	0
QGATASKK	0
QQAPGSKD	0
RATSASKK	0
RERADSNK	0
RESTASKQ	0
SETTASYR	0
TATTASVE	0
TNIPAPKL	0
AVTGASEK	0
EETPASKK	0
HGTTASNK	0
KEATASKQ	0
KEPIASKK	0
KESCASKI	0
KETRASRI	0
KGSRPAKQ	0
NEASASKK	0
PETKALGN	0
QETAASKI	0
QETSASTK	0
QETTVSDQ	0
SELAASRE	0
SQTSAAKR	0
TETTASEK	0
TETTASKI	0
AATIAAKS	0
EETTATSI	0
EQTSASGR	0
IETNASKK	0
IETTGSKK	0
KEGTASKK	0
KGACGSYK	0
KGSEPSEK	0
KGSPPSLK	0
KKNSGSKR	0
KNPTASET	0
NDARASRK	0
SENTPSIR	0
IVSAASKP	0
KQATASKK	0
LEATASKK	0
LETTASKR	0
NDSTASTK	0
PETTASEK	0
PGPSDPKT	0
QASTASKK	0
QETAASNK	0
RAVLASKK	0
RERTASKK	0
RESTASVK	0
IESAASKK	0
IETTASIK	0
KEGTGSKK	0
KEPTASEK	0
KETDASKR	0
KETRASKT	0
KGTTASVK	0
KRTAASKQ	0
KRTTASKK	0
KVSTASKK	0
NQTIAAVK	0
NVATASDK	0
PKTTASRK	0
PPTTATSQ	0
REGTKSQK	0
TAATASKK	0
TAGTATYK	0
TKTTASNK	0
WETDGSLQ	0
CETTASKK	0
EEAAASNK	0
IETSASRS	0
IETTASKQ	0
IETTASRK	0
KDASASER	0
KEPTASSR	0
KETPASQK	0
KGTTGSIK	0
LETAASIE	0
PETAASKL	0
QDASASEK	0
QEAIASTK	0
RDTNASKR	0
REDTASLK	0
AATSASKK	0
EETTASEK	0
KDSTASRN	0
KETAASVK	0
KETSASKE	0
KETSASSK	0
KETTASNE	0
KETTASNI	0
KGTTASNQ	0
KQASGSLK	0
KRTTASYH	0
KVTTASTK	0
NETNASKK	0
NQTTASKK	0
QGTPASKK	0
YEQTASKK	0
AETHASKI	0
GHGSASKK	0
HQTFAAKT	0
KATTASKT	0
KAYSATKK	0
KDASAAKP	0
KDTTASRK	0
KESSASLK	0
KGTTASEK	0
KQTTASIK	0
KRSAAPNK	0
LEPTASKK	0
PENHASEE	0
QESTASTK	0
QETNAADI	0
RDASASEK	0
RENTASKK	0
REPTASRK	0
RESTASTK	0
RETTASIR	0
VETIASKI	0
YATIAAKS	0
YGDAATNC	0
EETTASVK	0
GVTVASIK	0
KDATASIK	0
KDTLAGKR	0
KEPTASTK	0
KGPTSSKM	0
LETTASRK	0
MGSPASKI	0
QETNGAKL	0
QGSTASKK	0
QGTAASKK	0
REAIASTK	0
RPSSAPKK	0
TETTASKT	0
KESTGAKT	0
KETTASEQ	0
KETTASKD	0
KGAPASKK	0
KKTNASKK	0
KLKTASSK	0
KRSAASYE	0
MEPTGSIE	0
MESSASKL	0
PASTASKK	0
PETSASKI	0
PVSLGSIK	0
RESTASKR	0
RETTASKH	0
RGATASKK	0
RQKTASKQ	0
TESSASKL	0
TETTASNT	0
TETTASQK	0
EEGIGSRK	0
IETTASKT	0
IETTASNK	0
KDTTASKN	0
KEATASTI	0
KEIRASIK	0
KESTGANK	0
KETTGARI	0
LGVVAPKR	0
PETSAAEK	0
QDTSGSIK	0
RESHASDK	0
RETIAAAI	0
RQPTAVKK	0
RVSTAAKK	0
HATTASKK	0
HETTPSQT	0
KANSAAIQ	0
KDTTASYK	0
KEATASKL	0
KQTTPSGN	0
PLPTASYK	0
QEAAGSEK	0
QPTTASKK	0
QQSAASTK	0
RATNPSKK	0
DESTGAKL	0
HGTSAEYK	0
KAPTASSH	0
KATTASTK	0
KDATASTK	0
KESTGAKR	0
KETPASSK	0
KETTASMK	0
KETTASRE	0
KETTASVT	0
KGTTASKT	0
KQSTASIQ	0
QATTAAKK	0
QGTSASKK	0
QKTTASKK	0
RDTAASKK	0
RESTASNK	0
TDSTALRE	0
DAIIASRE	0
EVKTESNT	0
HGTTASKK	0
KDTTASKI	0
KDTTASQN	0
KETNASKI	0
KGGSVATK	0
KQTTASNK	0
KRATASKK	0
KTSTASAT	0
LETNASKK	0
METRGSKK	0
NGIVSSEK	0
PETVASKI	0
QEARASKK	0
QQTKDSKK	0
RESTASIK	0
RETAASKR	0
RETTASRI	0
TNIPAPKN	0
AETSASKK	0
DDTSASVN	0
EETTASKN	0
GETNASHK	0
GETTASKL	0
HELAASRE	0
IETTASKI	0
KAPTASKK	0
KATIASKK	0
KESDASRK	0
KVNTASYR	0
MVTTASRM	0
NEATASKR	0
NETTAAKK	0
NETTASTK	0
QDAIGSKL	0
QDTTASVK	0
TETNGAKL	0
EEPTASKK	0
FQSIASIT	0
IEPTASKK	0
KEIPEEKQ	0
KETTASNR	0
KETTGSEK	0
KETVASTK	0
KQPTASKK	0
KVTPASKK	0
LETTGSKK	0
NASTASAT	0
NKIPASHK	0
PETAASRK	0
QETTASYK	0
QPTNGSKK	0
RESSASIK	0
RETAASIK	0
RGTVASTK	0
SETTASIK	0
SETTGSKK	0
TETSASMK	0
ANIPAPKK	0
EESAASKK	0
EETTASTK	0
GNIPAPKK	0
HVTTASKK	0
IESTAAKL	0
KACTASTK	0
KATIAAKR	0
KATPATKK	0
KATTASKN	0
KATTASRN	0
KDPVGSDK	0
KESTASQK	0
KGTTASLK	0
KQTTGSKK	0
KVTVASNK	0
NEPTASVK	0
NETSASKI	0
PENSGAKK	0
PGSMASKR	0
PVKTESNT	0
QERTASKK	0
QETTATKK	0
QGPTASKK	0
REAPASNN	0
RGTADSIT	0
SEATASEI	0
SGTTASKK	0
TQIPDSYP	0
EETSAAEK	0
HDTTASKK	0
HVSTAPMK	0
KATTASQK	0
KDRSASKK	0
KDTAASKT	0
KDTTASKQ	0
KDVAGSEK	0
KEIPASKK	0
KEISASKK	0
KEPTGSTK	0
KGTTASRK	0
KQACASKK	0
KVTTASKT	0
LETYASIK	0
LKTSASKK	0
NETTASEK	0
NETVASIK	0
NGALASKQ	0
NGSMASKR	0
PEAAASNK	0
PENAASKH	0
QEPAASKK	0
QEPSASKK	0
QESTASKR	0
QGTTASIK	0
RETTASKM	0
RGPTASKK	0
SVTTASKK	0
YETSASKK	0
EGNCASKN	0
HGTAVSYK	0
IETPASKK	0
IETTASKR	0
IETTASVK	0
KENAASKK	0
KEPTASRK	0
KETIASTK	0
KETPASKR	0
KETRGSKI	0
KPPAASIN	0
LQITAAIE	0
MDIPGYES	0
NETTASKI	0
PDTTASNK	0
PETTAAKK	0
QETTASQK	0
REPTGSSK	0
RESIASRL	0
RETTASNQ	0
SETTASRK	0
TETRASKK	0
APATHSKS	0
EDATASCK	0
KDASASKK	0
KDTAASKN	0
KEASASGE	0
KESAASIK	0
KETPASEK	0
KETPASKN	0
KETSASYK	0
KETTAAIK	0
KETTASKA	0
KETTGSIK	0
KGFPASIQ	0
KQTTASKQ	0
MNIPAPKK	0
NENAASKH	0
NETTASKN	0
NVTSGSKQ	0
QEMSVWYN	0
QGTVASTK	0
QQKTASKQ	0
QQSTASKK	0
RDTAATTK	0
SETTASKR	0
TETIASKK	0
EETAASRK	0
EETTASQK	0
IVKTESNT	0
KEKTASKK	0
KETPASKI	0
KETPASTK	0
KETRASKS	0
KETTASQT	0
KETTRSKK	0
KPTRASKN	0
KQTTASRQ	0
KVATASNK	0
LATSASKK	0
LETTASVK	0
METTASKL	0
NDASASKI	0
NESAASKK	0
NETTASKT	0
RDPTASKK	0
RETAASKI	0
RETSGSKK	0
RETTGAKI	0
RGTSASKK	0
YESTASKK	0
EATTALIE	0
EETAASLC	0
GETRGSKK	0
GVTTRAEN	0
KDGTASQK	0
KDTTASTK	0
KEGHASIR	0
KEITAAKK	0
KENPASTK	0
KETDGSKK	0
KETTASSI	0
KETTAWTK	0
KGNKASEK	0
KGTAASKI	0
KQDTASII	0
LETTASNK	0
LVKTESNT	0
NENSGAKK	0
NGTSVPNQ	0
NVKTESNT	0
NVTPASNK	0
QATNPSKK	0
QDRSASYN	0
QESSASIK	0
QESTASNK	0
QETTASIE	0
QETTGAKI	0
RETTASKV	0
RVFTAPKK	0
TETDASKK	0
TETTASRL	0
YEPTGSIE	0
HEATASKK	0
HETAASKK	0
HETTGSKK	0
IETTASTK	0
KATSASKQ	0
KEATASKR	0
KEATASLK	0
KETDGSNK	0
KETIGTIS	0
KGTTASEI	0
KQITAPNK	0
KVTTASKN	0
KVTTASKR	0
MANAASNK	0
QETTASSK	0
QPSSAPKK	0
QQTTAAKK	0
RETTASNN	0
RGTTASEI	0
RQTKDSKK	0
RVTKATNK	0
SDTHASKR	0
YQTTGSKK	0
EATSASKK	0
HVNSAANP	0
IEPSASNK	0
KATTASKE	0
KDSTASVK	0
KDTTASKT	0
KENRASEN	0
KENTGSKK	0
KESPASEK	0
KESTASKE	0
KESTASVR	0
KETAASKT	0
KETRGSKR	0
KETSASLK	0
KETTASQN	0
KETTGSKN	0
KGTTASQK	0
KVTPASHK	0
KVTTASEK	0
NETLGPKI	0
NVTPASIK	0
PETRASKK	0
PQANGSQK	0
PSRPASIK	0
QDSTASRN	0
QEAAASKK	0
QEAPASKK	0
QEATASIK	0
QGDIAETM	0
QGTTASNK	0
RDRNASIR	0
RESSAVDM	0
RETTASGK	0
RGTAASKK	0
SETAASKK	0
TEPAASKK	0
VESTASKK	0
CDAIATVA	0
IETIAADL	0
KAPTASNN	0
KASTASMK	0
KEPTASVK	0
KEPTGSNK	0
KESTASYK	0
KGSAASKK	0
LRASASER	0
NDHIASYT	0
PETTASKQ	0
PETVASKK	0
QELAASIR	0
QESTGSIK	0
QETSASKR	0
RATPASKK	0
RETAASRK	0
RETTASNT	0
RETTGSQK	0
TEITASTN	0
TENSGAKK	0
TESIASRL	0
TPTGGVKK	0
GGTSAEYK	0
KESTGAIK	0
KETSASMK	0
KETTASRQ	0
KETTGSTK	0
KETVASNK	0
KGTNASKK	0
KGTSASKI	0
KRTTGSRQ	0
KSTTALET	0
KTTTASKK	0
METSASKK	0
MPTTAAKE	0
NEPLASKK	0
QESTAAKQ	0
QQTSAGKK	0
REASASKI	0
REFTAPTK	0
RVTTASKQ	0
TDRTVAKK	0
TESTASKR	0
TGTSASKK	0
AVTAASNK	0
EENAASKH	0
HEATASGI	0
HETTASKI	0
KATIGSNK	0
KATTASKI	0
KEIAASKK	0
KEMGASKN	0
KERSASKK	0
KESSASNK	0
KESTASSK	0
KETIASGK	0
KGMAVSSI	0
KNATASSK	0
KQAVESAQ	0
KVTAASEN	0
LEAAASNK	0
NDSPATVK	0
NEASASKV	0
NGTAASHK	0
PETTASQK	0
PQTSASIK	0
QDAPASKK	0
QDSTASKK	0
QETAASKR	0
QQTSASKK	0
REMTVAQN	0
RETSASTK	0
RETTAPKK	0
RGTGASKS	0
TEGTKSQK	0
TEITASKK	0
TKTTASKK	0
TNIPASKK	0
TQPTATYQ	0
AEPTGSIE	0
EGPMASEK	0
GETNASKK	0
IETTAAKL	0
KATAASKN	0
KEATASQN	0
KEATASVK	0
KEPTASKR	0
KEPTASYK	0
KEPTGSKL	0
KESPASNK	0
KETAAMKK	0
KETAASKS	0
KETTASER	0
KETTASET	0
KSPAASNN	0
KVKTESKK	0
KVNRARIE	0
LESAASTK	0
NEAAASNK	0
NETTASKQ	0
NPTIAAYS	0
PENTASKN	0
PEPTASNK	0
PESAASKK	0
PETAASTK	0
PETTASKT	0
QQTPASQR	0
QQTTASSK	0
REAAASKK	0
REATASKN	0
RETNGAKL	0
RETPASVK	0
RETTASRE	0
SETTASNK	0
TDASASEK	0
TQAPGSKD	0
EDSTASKK	0
IQPSASVI	0
KATTASKL	0
KEPTASKI	0
KESTASDK	0
KETAASTT	0
KETYSEKK	0
KGTPASIK	0
KGTTASYK	0
KLTTAARK	0
KPTTGSNK	0
KVTTASKL	0
LETTASKT	0
NEFRASKI	0
QDTPASKK	0
QEPPASKK	0
QESTGSKK	0
RESTGSKK	0
RNSSASKK	0
RPTTASKK	0
SDTTASKK	0
SQTTASKK	0
TGTYASVK	0
GESTGSKQ	0
KATNASKK	0
KDSPASKK	0
KDSSASKK	0
KDTTATKK	0
KEIAASVQ	0
KEPSASQQ	0
KEPTASKN	0
KEPTGSYQ	0
KETRASNK	0
KETTASRR	0
KETTASTE	0
KGATASEK	0
KGATASKM	0
KGPSASKK	0
KGTIASKK	0
KQTAAPNK	0
KVANASNQ	0
LETTASGQ	0
NDGTGSLE	0
NETSAAEK	0
QDTSPSKK	0
QETSASIK	0
REATASIK	0
RETMASRS	0
TETTDSKK	0
YETRGSKK	0
DDTTSSKI	0
DQTVASKK	0
EEPTASEK	0
HETTASIK	0
HEVTVTKD	0
KEHTASKK	0
KETRGSKT	0
KGNTASKK	0
KHSIAAKI	0
KLRTASQK	0
KPSTASKK	0
KQTLACKD	0
KQTTASTK	0
NETTASEH	0
NETTASRL	0
PEAAASNQ	0
PEATASRK	0
PECGASVK	0
PETTASRI	0
QDPTASKK	0
QEPTASQK	0
QESHASDK	0
QETSGSKK	0
QPTSASSI	0
REAAGSKK	0
REATASRK	0
RETTASMK	0
RETTASNI	0
RGSRPAKQ	0
RGTNASKK	0
TDATASKK	0
TGTTRSDQ	0
TNIPAPKT	0
TQTKDSKK	0
EENPGAKK	0
EETTASYK	0
HETNASKK	0
IESTASKR	0
IETSASKI	0
IETVASKK	0
KATTGSKK	0
KDTNASKK	0
KEAAASGQ	0
KEATASKE	0
KEHTGAKK	0
KENTASKQ	0
KEPAASEK	0
KESTGSKR	0
KESTLSRN	0
KETIASKR	0
KETNASIK	0
KETTGSKR	0
KGTSASNK	0
KHTTASKK	0
KLTTASKK	0
KRSTASVV	0
KSTTASKK	0
KVTAASIK	0
KVTSAEKH	0
LDTTGSKK	0
MANSASKK	0
NERCASKQ	0
NESTASKR	0
NETNGAKL	0
PETAASNS	0
PQAPGSKD	0
QATAASKK	0
QATTASKN	0
QEATASKN	0
QERAASYK	0
QESTASIK	0
QHTAASKT	0
RATTASIK	0
RATTASNK	0
RDTLASLE	0
RETTASSE	0
RETTASTI	0
RQTAASKK	0
RQTTACIK	0
SESTAAKL	0
TDTRGSVK	0
TNIPAPKQ	0
EETTASKQ	0
FETTASKK	0
HETSASKI	0
HEVTASKP	0
IETTASEK	0
KEANASKK	0
KEASASER	0
KEITASKT	0
KENTASNK	0
KETIASIK	0
KETRASTK	0
KKITASIK	0
KKPTASKK	0
KLSTASQK	0
KQTTASKI	0
KVKTASNK	0
MGTSAEYK	0
NETDASKK	0
NETVASKK	0
NPTAASYQ	0
QETEASKI	0
QGTSGLNK	0
QPTTASLI	0
QVSTASKK	0
RESTASRK	0
RHTAASKT	0
TDSTASKK	0
TDTSASKK	0
TNIPAPKR	0
YQTSASKQ	0
KATIAAKQ	0
KDTTASQK	0
KEATSSKK	0
KENTASIE	0
KEPTASKQ	0
KERTASTK	0
KESTAAIK	0
KESTGATK	0
KETAASQK	0
KETNASKN	0
KPTPASKK	0
KPTTAAKK	0
KQTSASRK	0
KVTTASQK	0
LATNASET	0
LETTASKI	0
MDSKAVKK	0
PENTASKK	0
PETDASKK	0
PQSTAIKK	0
QDTAASKK	0
QESSAVDM	0
QESTASKN	0
QVNTASKK	0
RATCASKK	0
RETTASDK	0
RETTASRN	0
RVHAAPSK	0
TETAASNS	0
TETTATKK	0
TGTAASKK	0
VATSASKK	0
DATIAAKS	0
GETIAADL	0
GGTTASKK	0
GKTSASGM	0
GQTSAAKR	0
HEAAASNK	0
HETPASKK	0
HRANGATK	0
KEPSATIK	0
KETLASQK	0
KETNASNK	0
KETTASTQ	0
KQTSAAKL	0
KQTTASKT	0
KQTTASVK	0
NETAASNS	0
NETTASQN	0
NETTASVT	0
PETSGSEK	0
QATTASKI	0
QESTAAKL	0
QESTATDN	0
QVTAASKK	0
QYNTASNR	0
RATTASKQ	0
REATASNK	0
RESSASQT	0
RETSRSEI	0
RETTASTT	0
RSSAEARK	0
RVATASKK	0
SETNASKK	0
SETTAAKL	0
SETTASKI	0
SETTASVK	0
TEAIASTK	0
TQTPASQR	0
TTTVGSKN	0
EENSGAKK	0
EETAASNS	0
HDTAASNR	0
HETSASKQ	0
HQTTASKK	0
KATIAAKN	0
KATIAAKT	0
KATTASYK	0
KDTTASEK	0
KEASRSMQ	0
KEITAQKK	0
KENSASKK	0
KESTAAQK	0
KETRGSKS	0
KGTGGSEK	0
KTTATSMK	0
KVTTASIE	0
LHSIAAKK	0
MQTSAAKR	0
MVTTASKK	0
PERTASKK	0
PETTVSDQ	0
PVTTSSKK	0
QDTTAEIK	0
QEAAASKR	0
QEANASLK	0
QQSTATTQ	0
RDAIGSKL	0
RETTASKP	0
RKTTASKK	0
RVATASEK	0
TDPTVSLK	0
TEPPASKK	0
TESSASKK	0
TNIPAPKI	0
VATIAAKS	0
AESTASKK	0
CESSARTK	0
EPQAASKV	0
GESSASKL	0
HDTTASGR	0
HEPNAALR	0
HETTASKL	0
IETAASKL	0
IETTATSI	0
IGPTASIQ	0
KATTASTQ	0
KDTMANQP	0
KESRASNK	0
KESSASRK	0
KETPASKT	0
KHRTASNK	0
KLAPASNE	0
KQTTAAKK	0
KQTTASKC	0
KVKTESNK	0
KVTAASGG	0
LDPPASAE	0
MGTTASKK	0
NESTASTR	0
NETTASLK	0
PETTASKC	0
PETTASKE	0
QETAASIK	0
QETTASEI	0
RDAPASKK	0
REPTGSKK	0
RETSASKQ	0
RETTASHK	0
RETTASKD	0
TESTASKQ	0
WGGTGSKK	0
HDAAATIK	0
HETTASNK	0
HETTASTK	0
IQTNESNH	0
KATTASIE	0
KEDTASKK	0
KEMTASKK	0
KEPTASKT	0
KESTASIE	0
KETIASNK	0
KETIGAKK	0
KETPASYK	0
KETTGSKI	0
KGSSASKK	0
KGTSASKE	0
KIATASKK	0
KPTEASKR	0
KVATASIN	0
LESTASKR	0
LETPASKK	0
LETTASKQ	0
LQTTASKK	0
NETTASKE	0
PEASASKK	0
QDTTASNK	0
QEGTKSKK	0
QETSASVK	0
QGTTASTK	0
REGAASKK	0
RETAASVK	0
RETTASIQ	0
RGTTASNK	0
SETTASEK	0
TETGASKK	0
TLTIAAKV	0
EEAIASTK	0
EEGAASWT	0
EETDASIE	0
EVTTASNK	0
HDRTASKN	0
HEAIASKK	0
HGHTASKK	0
IATSASKK	0
IEAAASNK	0
IEPSGSTK	0
KATAASSE	0
KATIAANK	0
KDNTASKK	0
KDTVATAE	0
KELTASKK	0
KEPTGSEK	0
KERAVSRW	0
KERTSSEL	0
KESHASKK	0
KETAATKT	0
KETIASKT	0
KETNASKQ	0
KETNASKR	0
KETPASVK	0
KGSTASNK	0
KGTTASIE	0
KPTTASKQ	0
KVNTASKK	0
KVTTASVK	0
LETAASKL	0
LETRASKK	0
LETTATSI	0
LVTASSKD	0
MATAASQK	0
NDPSASKK	0
NDSSAATK	0
NETRASKK	0
NETTASYK	0
NRATASKK	0
PAATASQK	0
PEAAGSEK	0
PESIASRL	0
PETAASKE	0
PETSASVR	0
PVTTSSEK	0
QATTASRK	0
QEATASTK	0
QECTASKK	0
QEITASKK	0
QENTASDK	0
QQATASKK	0
QSTPRSLK	0
QVTTASKQ	0
RATTACTK	0
REPPASKK	0
RETGASTK	0
RETSASSY	0
RETTASVQ	0
RQATASKK	0
RQGTASTK	0
RVSTASKK	0
SDASASKK	0
SDPAASKK	0
SETPASKK	0
SQSSGAKK	0
TESTASIK	0
TETGASIK	0
THASGSKK	0
EESPVSKQ	0
EGATASKK	0
GEPIASTK	0
IANTVTEI	0
IDTSASKK	0
IENSGAKK	0
IETTASQE	0
KASTASIK	0
KEATGSVN	0
KESTGAKE	0
KESTGAKS	0
KETRASKN	0
KETTGSVK	0
KETTGSYK	0
KETTSSKK	0
KEVTGSKI	0
KGATASNK	0
KPTAASKK	0
KVTTASRK	0
LENTASKK	0
LESTASKQ	0
LETTASTK	0
MEPIASTK	0
NATNPSKK	0
NATTASSK	0
NENTASKK	0
NESTAAKQ	0
PETTASRL	0
PGTSASKK	0
PQKTASKQ	0
QATTASNK	0
QDTLASLE	0
QEPTASIK	0
QNSSASKK	0
RASTASKK	0
RDTTASRK	0
RENTASRK	0
RETLASKK	0
RVTTASNK	0
SETAASYE	0
TASTAAKT	0
TDRSASYN	0
TETPVSYK	0
WESTGAKL	0
YDTTAARK	0
EDASASEK	0
EETDASEK	0
IDASASEK	0
KASTASIR	0
KDITASKK	0
KDTNASKN	0
KEATASQK	0
KEGTASKE	0
KENRASKN	0
KENTASKR	0
KETAASLK	0
KETADSKV	0
KETRGSNK	0
KETTARNR	0
KETTASKG	0
KETTASSN	0
KETTGSQK	0
KGHTGSYT	0
KGPTAADK	0
KGTRSSKK	0
KPTSASKK	0
KQLTGAKK	0
KQTTASEK	0
KVPSGSEK	0
KVTPASKR	0
LESCAERK	0
MESTAAKL	0
METIAADL	0
NEANASAN	0
NENSASKK	0
NETIASKK	0
NETRASRL	0
NETTASQK	0
PATSASKK	0
PDPTASQN	0
PETTASLK	0
PETTDSKK	0
QATTASIK	0
QATTASYN	0
QDTTASIK	0
QEIADAGK	0
QETTAPKK	0
QETTASGK	0
QQSTARKI	0
QRTTASKK	0
QVPSAPMQ	0
QVTSASKK	0
RDTTGSKK	0
RESTGSKR	0
RETTASAK	0
RETTASRT	0
RETTASTR	0
RGAPASKK	0
RLTTASKK	0
RVPSAPMQ	0
SATTASKK	0
SETTASKQ	0
TASTVSKK	0
TEARASKK	0
TERTASKK	0
TESHASDK	0
TESTAAKQ	0
TESTASTK	0
TETAASKI	0
TETAASNK	0
TETTASKE	0
TGTTGSQN	0
VGTTASVQ	0
VGVTDSNK	0
YNIPAPKK	0
EEASASKK	0
EEITASKK	0
EESSASIK	0
EETTASKI	0
EGTPASKC	0
EGTPASKK	0
EVSIRSKE	0
GELAASRE	0
GVTTASKK	0
HETTASRK	0
IELAASRK	0
IENTASKK	0
IVTSVSTK	0
KATHASKK	0
KDPTASNK	0
KDRSASYK	0
KEAEASNT	0
KEPSSSRK	0
KESEASDK	0
KESNASVK	0
KESSASVK	0
KESTGSNK	0
KETPASRK	0
KETRGSTK	0
KETTASQE	0
KETTASYE	0
KETTDSQK	0
KETVASKE	0
KEYAASVK	0
KGITASKK	0
KGTTATKK	0
KLTKVELK	0
KQATASEN	0
LDATASKK	0
LHTAASKK	0
LPKLASKE	0
MDTTASKK	0
NETAASNK	0
PETGASKK	0
PGTPASKK	0
QETAASRK	0
QETSASNE	0
QETWATNQ	0
QQTTGSKR	0
RATTASYN	0
RDSFASKK	0
RDTTAAKK	0
REPTASTK	0
RESCASKI	0
RESTASKM	0
RESTATKS	0
RETEASKI	0
RETPASTK	0
RETSASEK	0
RETTASKA	0
RRTTASKK	0
RVTSASKK	0
SEPNASTK	0
SESSASKL	0
SETIAADL	0
SETSGSDK	0
TDTTAPEG	0
TETCASRT	0
TETTASIE	0
TETTVSDQ	0
TGATASKK	0
THTAASKT	0
AETPASKK	0
AETRGSKK	0
EETGASKK	0
ELAAASKK	0
GATTASKK	0
GESPASKK	0
HEPTASKK	0
HETTASKR	0
HETTASVK	0
IESPASGS	0
IESSASVN	0
IETIASKK	0
IETSAAEK	0
IETSASKE	0
IGSMASKR	0
KATIASTT	0
KATTAPTT	0
KATTASSK	0
KDPAASKK	0
KDTKASTV	0
KDTTAASI	0
KEGTGSRK	0
KEPPASKT	0
KEPPASYR	0
KETAASYK	0
KETTASAL	0
KETTASIN	0
KGPTASNK	0
KKATASKK	0
KQTSAAKI	0
KQTSAAKN	0
KRTPAAKK	0
KVTAASKT	0
KVTPGSKK	0
KVTTASIQ	0
LENAASKH	0
LETIASKK	0
LGSMASKR	0
MESTAEKR	0
MQVSAAKL	0
MQVSAANK	0
NESTASTK	0
NETAASLK	0
NPATGSKM	0
PEARASKK	0
PEGTKSQK	0
PEISAESR	0
PETAASIK	0
PETAASKR	0
PQTKDSKK	0
QATAASKR	0
QATIAAKK	0
QETPASNK	0
QETTASKH	0
QETTASRI	0
QHSIAAKI	0
QVPTASKK	0
RATSASKD	0
RDTTASQN	0
RETSASRK	0
RETTSSKK	0
RGTPASKK	0
RKITASIK	0
RKTTASNK	0
RQTTAAKK	0
RVPTASKK	0
SESSASSK	0
SETTASNQ	0
TDVAAAVR	0
TEAAGSEK	0
TEASASKK	0
TEATASIK	0
TEPTASQK	0
TETSASNK	0
TLSKAATM	0
YEKSGSNT	0
DEPTASRN	0
DETSASKK	0
EETTVSDQ	0
EGTSASKK	0
HKPTASKI	0
IENAASIR	0
IETRASKK	0
IETSASNK	0
IETTAAKK	0
IPPTASNK	0
IQANASKK	0
KDTTASLK	0
KEGTASQK	0
KEPTASLK	0
KETRAAEK	0
KETTASIT	0
KETTGSKQ	0
KGAAASKK	0
KGLMAERK	0
KGPAASKK	0
KKPIASKK	0
KQAARSDK	0
KVASASKK	0
LETSAAEK	0
MEATASKK	0
NATTGSKK	0
NGSTASKK	0
PDTSGEHK	0
PESPASKK	0
PETNGAKL	0
PETSGSTT	0
PGTTGSLN	0
QDPGVSKA	0
QEATASKT	0
QEDGASEI	0
QETLASKK	0
QETSASKN	0
QGTTASNE	0
QLSTAAKL	0
QQTTASKR	0
RAAVGSKL	0
REASGSQN	0
RESTASKT	0
RETAASQK	0
RETPASNK	0
RETTGARI	0
RGATASTK	0
RGSPASKK	0
RGTTASKQ	0
RVTAASKK	0
SATIAPEK	0
SETAASKL	0
SETTASTK	0
SGSMASKR	0
TSTTASEK	0
YEATASKK	0
YETAGSKN	0
AETTASRK	0
EATNPSKK	0
EDTSASKK	0
EESSASKT	0
EETTASKE	0
EETTASLK	0
GETSASKK	0
GETTAAKL	0
HETTASKT	0
IATTASEK	0
IEAIASKK	0
IESCASKK	0
KADTASKK	0
KAPTNSKN	0
KATTASVK	0
KATTGSEK	0
KDTSASEK	0
KEATASTN	0
KESAASKQ	0
KESIASQN	0
KESNASLK	0
KESTASEN	0
KESTASSL	0
KESTGSIK	0
KHSRAPTT	0
KKNIAAET	0
KKTTVSGK	0
KPVDASEQ	0
KQVSAAKK	0
KRAPTSIT	0
KVTSASIK	0
KVVAASGT	0
LETNAADI	0
LETSASKI	0
LETTASEK	0
LETVASKK	0
LGTTASKR	0
LNIGGSIK	0
LQTPASIK	0
NDKLASYK	0
NKSTASKK	0
PATNPSKK	0
PENTASLQ	0
PGPTASYK	0
QAIPASMK	0
QATPASKK	0
QDSAASIR	0
QEASRSAQ	0
QEATASNK	0
QEATASRK	0
QEIPASMR	0
QEPTASNK	0
QESTASEK	0
QESTASKT	0
QESTASRK	0
QETAASKN	0
QETIASKR	0
QETPASTK	0
QETSASSY	0
QETSGAKT	0
QETTASKS	0
QGTTASKI	0
QQSTASVK	0
QQTTASTK	0
QTNAAPKR	0
QVTTASSI	0
RAICGSKQ	0
RDTTASKI	0
RDTTASNK	0
RESTASKN	0
RETTASNE	0
RETTVSKK	0
RGTTAPKK	0
RGTTASKI	0
RQTTATKK	0
TATSASKK	0
TATTASNK	0
TEIPATNL	0
TETSASRK	0
TETSASTK	0
TETSNAWE	0
TGPAASKK	0
WENPASMQ	0
YVLIGAKK	0
AQTSAAKR	0
DEPTGSIE	0
DESTASKK	0
EETSASKI	0
EPSSAPKK	0
HDASASKD	0
HENAASKH	0
HETLASIK	0
HETSASNK	0
HETTASKE	0
IERTASKK	0
IESTASIK	0
KDTTDSKK	0
KEASASNK	0
KEPSASNK	0
KEPTASRS	0
KERSASNT	0
KESTASIR	0
KESTGARK	0
KETARSDL	0
KETIASKQ	0
KETRGSKQ	0
KETSASNN	0
KETSASRN	0
KETTASVN	0
KGATASKQ	0
KGSPASKK	0
KGTNASKN	0
KQATASTR	0
KQPSASKK	0
KRTSASKM	0
KVTAASKI	0
LETAASNS	0
NDITGAKK	0
NDTTGSKK	0
NETAASKI	0
PEPTASKI	0
PETTASDK	0
PKNSGSKK	0
PQSTASKK	0
QAADASTK	0
QDTTASKL	0
QEATDSTK	0
QETEASKN	0
QETTASSE	0
QGGAASKK	0
QGTTASKN	0
QRPTASYK	0
QTSTASAT	0
REAIASKK	0
REATASEK	0
REATASTK	0
REGTASKK	0
REPSASKK	0
REPTASIK	0
RESTASKI	0
RETAASTK	0
RETIASTK	0
RETSAANK	0
RETSASAK	0
RETTASER	0
RETTASTN	0
SEASASKQ	0
SGTSAEYN	0
TDTTASKQ	0
TGTTASIK	0
THSIAAKI	0
VETRGSKK	0
WVRPASTI	0
YDTAASKN	0
YETTASKL	0
EDTNAAQE	0
EEANASIT	0
EENTASKK	0
EETSASNK	0
GETAASKK	0
GETTASKR	0
GETTASTK	0
GETTGSKK	0
GPTRASSI	0
HEATASTM	0
HETTATSI	0
HVKTESNT	0
IETDASKK	0
IETNGAKL	0
KDDTESMK	0
KDPSASKK	0
KDSCASTA	0
KDSTGSKK	0
KDTAASVK	0
KDTPGSKR	0
KDTSASRK	0
KEAFASKK	0
KEATASSK	0
KEATASYK	0
KEPAAAAE	0
KESAASNK	0
KESAASRK	0
KESTAAKT	0
KESTASRE	0
KETADSKK	0
KETCASKK	0
KETIGSKQ	0
KETNASEQ	0
KETSASEN	0
KETTAAVK	0
KETTASHT	0
KGIIASTN	0
KGTSGSKK	0
KGTTASTV	0
KKSTAAYK	0
KPSAASPN	0
KQINADRK	0
KQTAASWK	0
KVSAASKT	0
KVSPGSWK	0
KVTTASKV	0
LETTASLK	0
METTASKR	0
MGTSAPTK	0
MQVSAAKR	0
NASTASKK	0
NEGTKSQK	0
NEPIASKK	0
NESPASKK	0
NETTVSDQ	0
NMITAPQK	0
NQAPGSKD	0
NVSAASVK	0
PEAIASTK	0
PEDTASGM	0
PEISATIK	0
PETTAANK	0
PPSQAPKK	0
PPTSGHKT	0
QAATVSLG	0
QASNACDN	0
QDTTAAKK	0
QETLASTK	0
QETTASMK	0
QGPPASNK	0
QGPSASKK	0
QGTTASKL	0
QGTTGSKK	0
QQTPASKK	0
QQTTASKQ	0
QVATASKK	0
QVTKATKK	0
RARTVAKK	0
RATAASKK	0
RATTASKN	0
RDASASER	0
RDTTASKN	0
REATASKT	0
RETAASKT	0
RETRASKT	0
RETTAAIK	0
RETTAAQV	0
RETTASET	0
RETTASQN	0
RETTASQT	0
RETTGSNK	0
RGATASEK	0
RGTTASTK	0
RKATGPKT	0
RQTSASKK	0
RRTNAQTK	0
RRTTVAVK	0
RSTNASVK	0
SETSAAEK	0
SGSTASTN	0
SVMSGSEE	0
SVTTAPKK	0
TDAIGSKL	0
TDTAASKK	0
TETAASIK	0
TETSASEK	0
TETTASRT	0
TETTASYK	0
TGPTASKK	0
TGTTASHK	0
TGTTASNK	0
TKNSASKI	0
YEGSGRTK	0
YESSASKL	0
YRHSASTK	0
YVTTASKK	0
EDATASKK	0
EERTASKK	0
EESPASKK	0
EETTAANK	0
EPTTASKK	0
IAAPASKR	0
IETTASLK	0
IGTSASKK	0
IPTGGVKK	0
KANTASKK	0
KAPAASKK	0
KASIAPGI	0
KASPDTKK	0
KDATASKI	0
KDSIAANI	0
KDTSGSKK	0
KEASASIK	0
KEIIASKK	0
KEITASEK	0
KEITGSKK	0
KENPASKK	0
KENTGSMK	0
KERTASKE	0
KETAASIE	0
KETSGTKK	0
KETTAAKE	0
KETTAATK	0
KETTASKP	0
KETTASLR	0
KETTGPKK	0
KETTGSKT	0
KGATASIK	0
KGATASKI	0
KGTAASEK	0
KHPPASKG	0
KQAPASKK	0
KQPTAPKN	0
KQRSASRK	0
KQTAASKR	0
KQTSASQK	0
KQTTATVK	0
KVSTAAKK	0
KVTTASYK	0
LAGSASNR	0
LDTSASKK	0
LETTASIR	0
LGSSASNA	0
LQAPGSKD	0
METTAAKL	0
NATTASNK	0
NEAMASKK	0
NETPASNK	0
NGTTASIK	0
NVTPASKK	0
PDASASEK	0
PDATASKK	0
PEPAASKK	0
PETAASNK	0
PETTASEN	0
PETTASSK	0
PPTGGVKK	0
PQAAALKQ	0
QATPATKK	0
QEGSASKK	0
QEGTASKK	0
QEIPASKK	0
QENSAPEK	0
QESAASTK	0
QESTATKS	0
QETPASKL	0
QETPGSKK	0
QETSASKQ	0
QETTASDK	0
QETTASRT	0
QETTASVL	0
QETTGSTK	0
QQDTASKK	0
QQTAASKK	0
QVPAASVK	0
REATASKR	0
REIPASKK	0
RESPGSKK	0
RETSASKR	0
RETTASEE	0
RETTASRR	0
RETTASSI	0
RETTASVI	0
RGTTASKT	0
RHSIAAKI	0
RRTAASKK	0
SEAAASNK	0
SETTASKM	0
TETTASNQ	0
TPSSAPKK	0
VEPTASKK	0
AGIGGPGN	0
EEGTKSQK	0
EETTASSK	0
EGSTASKK	0
EGTTRSDQ	0
EQKTASKQ	0
EVAPAHRI	0
GETTASQE	0
HESTATKK	0
HETAASHL	0
HETAASKL	0
HETTASKN	0
IETTASQK	0
IETTDSKK	0
KANTGSKK	0
KASSASKK	0
KDTTASKL	0
KDTTASYN	0
KEASASKI	0
KEPAASRK	0
KEPSAPKK	0
KEPTASKM	0
KESAASEK	0
KESAASKN	0
KESSASKN	0
KETAASKE	0
KETNASKT	0
KETNASTK	0
KETPASIE	0
KETPASLK	0
KETPESKN	0
KETSASKS	0
KETTAAKN	0
KETTAARK	0
KETTASNS	0
KETTASQI	0
KETTASRS	0
KETTDSIK	0
KGNGASIK	0
KITAASKL	0
KQTPASNK	0
KQTPASQK	0
KQTSAAKT	0
KQTTASKN	0
KRSPASTQ	0
KVTVAHKN	0
LENSGAKK	0
LESIASKK	0
LETEASKK	0
LGTPASRK	0
LQACASKK	0
MDATASTE	0
MEPPGSKN	0
METTGSKK	0
NDATASKK	0
NDSTASKK	0
NDTSASKK	0
NETTAANK	0
NGTTRSDQ	0
PESHASDK	0
PESTASKQ	0
PESTASNK	0
PETTASYK	0
PGTTASIK	0
QDASASER	0
QDTTASKN	0
QERSASKK	0
QETPASKI	0
QETSAAKK	0
QETTAAKR	0
QETTASIR	0
QGTSASRN	0
QRTTVAVK	0
RATNASKK	0
RATTASKT	0
RECTASKK	0
REGTGSKK	0
RETAASKQ	0
RETPASRK	0
RETTASQR	0
RETTASTE	0
RETYAPRP	0
RGITAAKT	0
RGTRASKK	0
RQTTASNK	0
RQTTASTK	0
RSTTALET	0
SESSASKG	0
SETTATKK	0
SQSPASEK	0
TASTASKK	0
TESTGSKK	0
TETAASKR	0
TETTAANK	0
TETTASKS	0
TETTASYV	0
TQKTASKQ	0
TRNAASKN	0
VEPTGSIE	0
VGTPVSKK	0
YETNASKK	0
YGSAASNT	0
AEPIASTK	0
DESAVVKK	0
DETRGSKK	0
EESHASDK	0
EHTAASKT	0
EQAPGSKD	0
GEPTASKK	0
GETTVSKE	0
HETIASKK	0
HETTASKQ	0
HPPKASWQ	0
IEASASKK	0
IENAASKH	0
IQTKDSKK	0
KATIAAKE	0
KATPASKQ	0
KATPASKR	0
KATRASKK	0
KDRPGSKQ	0
KDTMAEKT	0
KEATASGK	0
KEKPGSKK	0
KENNGSTA	0
KEPTASKE	0
KESGASKK	0
KESPGSKK	0
KETAGIKK	0
KETHGSTN	0
KETRGSIK	0
KETTASAT	0
KETTASEE	0
KETTASQQ	0
KETTASYN	0
KEVTASEK	0
KGPTASKT	0
KGRTASGR	0
KGSVASNK	0
KGTAGSKK	0
KGTSASEK	0
KQGSAANK	0
KQRVAPYK	0
KQSIGSKK	0
KQTSASNK	0
KVTPASNK	0
KVTTASKS	0
KVVSASKK	0
NEATASNK	0
NESTASIK	0
NETTDSKK	0
NGRTASNS	0
NGTSASKK	0
NSTNGSEQ	0
PEATASKI	0
PESPASEK	0
PGTAASKK	0
PKTTASKR	0
QAAVGSKK	0
QDSSASKK	0
QDTRASKK	0
QDTTASKI	0
QETAASTK	0
QETAGSKK	0
QETSASIN	0
QETTASHK	0
QETTASKM	0
QETTASRN	0
QGTPASGI	0
QGTTAAKK	0
QGTTASKT	0
QWTIASKN	0
RDPGVSKA	0
RDSTASRN	0
RDTTASVK	0
RETSASKE	0
RETTASNR	0
RGTTASKL	0
RHATASVK	0
RQTTASKR	0
RVTTASIK	0
SENAASKH	0
SESAASKK	0
SETTATSI	0
SGTSASKK	0
SVKTESNT	0
TECAGSNT	0
TETAASKN	0
TETTASDK	0
TETTGAKI	0
TPTTASKK	0
TVTPASKK	0
VNIPAPKK	0
EDRSASYN	0
EEAAGSEK	0
EEPAASKK	0
EHNTAAIE	0
ESSSASGE	0
HDTPGSIQ	0
IEATASIK	0
IESPASKK	0
IESSASKK	0
IETTASRL	0
KAAPASKK	0
KAASASKK	0
KAPTASNK	0
KARAASKN	0
KATSASNK	0
KATTASLK	0
KAVTASRK	0
KDALASHQ	0
KDATASRK	0
KDGTASKK	0
KDRTASKK	0
KDTAASNK	0
KDTAGSKK	0
KEASGSKK	0
KEGAASKK	0
KEITASNK	0
KEPSAEKQ	0
KEPTASKL	0
KETAASSK	0
KETCESTE	0
KETPAPRK	0
KETSASGK	0
KETTASLE	0
KETTASLT	0
KETTGSIE	0
KEYTASKK	0
KGATASTK	0
KGSTASKT	0
KGTLASQP	0
KGTTAAKK	0
KGTTASSK	0
KPTTASNK	0
KQAKASRK	0
KQSPGSVQ	0
KQTRASKK	0
KRPTASKK	0
KRSTASKK	0
KVRIASNK	0
KVSSASKK	0
KVTNASKK	0
LEANASKQ	0
NATTASIK	0
NEATASGK	0
NECTASKK	0
NESIASRL	0
NETGASKK	0
NETVSSKK	0
NGATASKK	0
NPTTPSKH	0
NQTTAAKK	0
PDTTASRK	0
PECAASKN	0
PEIPASKK	0
PKTPGSIK	0
PQATASIT	0
PQTPASQR	0
QAPTASKK	0
QATTASQK	0
QDTTASRK	0
QEATASEK	0
QETRASHK	0
QETSAANK	0
QETTASNN	0
QETTASQR	0
QVAWGVNN	0
QVPTASIE	0
RAVTDSYK	0
RDTTASIK	0
REAPASKK	0
REIPASMR	0
REPNPSHE	0
REPTASNK	0
RETEASKN	0
RETPASEK	0
RETTASVT	0
RETTGSKR	0
RGTTASEK	0
RGTTASIK	0
RHANASKN	0
RKNSGSKR	0
RQDTASII	0
RQDTASKK	0
RVTPASKK	0
SETNGAKL	0
SKTTGSKT	0
TEAPASKK	0
TETIASHQ	0
TGTVASTK	0
TLPGASLQ	0
TNIPAPNK	0
TQTTAAKK	0
TVHASAKK	0
VETTASKL	0
AATTASKK	0
AGTSAEYK	0
DGTTASKK	0
DNIPAPKK	0
EASTASKK	0
EDSVASNL	0
EEKIASKK	0
EESSASKE	0
EKTTASKK	0
EVGHASDQ	0
EYTPDSSV	0
GETTASEK	0
HETSAAEK	0
HPTAASNK	0
IATTASNK	0
IESKASNK	0
IETTASLM	0
KAPTASNE	0
KASTGSKK	0
KATIAAEK	0
KATSASTK	0
KDPTASTN	0
KDSAASNK	0
KDSTASTK	0
KDTMASKK	0
KEAGASKK	0
KEASASEK	0
KEATASAK	0
KEATASDK	0
KENSASTQ	0
KENTASRK	0
KEPGASKD	0
KEPTASTR	0
KEPTGSKR	0
KEQTASKK	0
KERTASNK	0
KESAASKT	0
KESAGSKK	0
KESPASQQ	0
KESTASKV	0
KESTASYE	0
KETPASKL	0
KETSASHK	0
KETSASIE	0
KETTAAGQ	0
KETTASDI	0
KETTASII	0
KETTASKY	0
KETTASLQ	0
KETTASYR	0
KETTCSTK	0
KETTGSAN	0
KETVAKQK	0
KGASASKQ	0
KGPPASKK	0
KGSTASIK	0
KGTAASIK	0
KGTAASRK	0
KGTTASKS	0
KGTTASNE	0
KGVTASKK	0
KKTTASRK	0
KLDIASKR	0
KPATASKK	0
KQGIASKQ	0
KQTSAAKS	0
KQTTGSMK	0
KRTTAAEQ	0
KVAPASKK	0
KVAWGVNK	0
KVSPASKK	0
KVTPAPKN	0
KVTPASGT	0
LEGTKSQK	0
LENRARYQ	0
LETAASNK	0
LETTASQK	0
LGTVASTK	0
LKTEGAKV	0
MELAASRE	0
NESGSSRV	0
NESTASKQ	0
NESTASRN	0
NGTVASTK	0
PDRSASYN	0
PETSASNK	0
PETSASRK	0
PGATASKK	0
PGTTASHK	0
PPSSAPKK	0
PVTTASKT	0
QATTASEK	0
QATTASKL	0
QATTASKQ	0
QDTSAAKK	0
QDVAAAVR	0
QEATASRI	0
QERPSSGN	0
QESTGAKK	0
QETAASEK	0
QETPASEK	0
QETTPSNK	0
QGTTASEK	0
QQACASKK	0
QVPTALEN	0
QVTSASIK	0
RATGASKQ	0
RATSGSKK	0
RATTASEK	0
RDTTASKR	0
REPIASKK	0
RERIASKS	0
RESAASQK	0
RESDSSEK	0
RESTASEK	0
RETAASKE	0
RETSAATR	0
RETSASKN	0
RETTASDI	0
RETTASTQ	0
RETTASVN	0
RETTAVQT	0
RETVASVM	0
REVTASKK	0
RGPSASKK	0
RGTSASIK	0
RGTTASQK	0
RGTTASRK	0
RLAATSES	0
RQPMATDK	0
RQTSAAKK	0
RRHGASTM	0
RVDNAAEK	0
RVPTALEN	0
SDTTASNK	0
SESSASKK	0
SETIASKK	0
TESSAVDM	0
TESTASEK	0
TNIPAPKS	0
TNSSASKK	0
TQTAASKK	0
TQTPASRE	0
VESTASTK	0
WESSASKL	0
WGTSASRQ	0
WQSTASTK	0
YATAASKK	0
YGTSAEYK	0
AETTASIK	0
AETTASKN	0
DKTTASPK	0
DPSTASLK	0
EATTASKN	0
EDTAASKK	0
EESSASKN	0
EETAASKI	0
EETAASKR	0
EETAASNK	0
EETSASKR	0
EVTKATNK	0
GLATASTE	0
HEATASNQ	0
IEARASKK	0
IETAASIK	0
IETAASNS	0
IQSSASII	0
KASAASKK	0
KATIAAIK	0
KATPASIK	0
KATPASSN	0
KAVTASKK	0
KDNIASEK	0
KDPAGSHK	0
KDPTASVK	0
KDTVASKK	0
KEASGSST	0
KEATASTR	0
KEDADSKK	0
KENTASEK	0
KEPAASNK	0
KEPPASLK	0
KEPSASTK	0
KESAASKR	0
KESAASQK	0
KESRASTK	0
KESTGAEK	0
KETPASDK	0
KETSAPKK	0
KETSASEV	0
KETSASIQ	0
KETTAKTQ	0
KETTASYI	0
KETTGSRK	0
KETTPSKK	0
KEVSASKK	0
KEYTESYG	0
KGTAASKT	0
KGTQASKI	0
KGTSAAKK	0
KHTSASKK	0
KHTSVESS	0
KKTAASKK	0
KPTAAPNV	0
KPTTVPMR	0
KQPSGSIE	0
KQTIRSTI	0
KQTSAANK	0
KQTSASIK	0
KQTTASKE	0
KQTTASQK	0
KSTSAAKK	0
KVARASEK	0
KVATASTK	0
KVPSASKK	0
KVSSASKR	0
KVTTGSKK	0
KVTTLSKK	0
LDITASKK	0
LQTKDSKK	0
LQTLASKQ	0
LQTPASQR	0
LQTSASKK	0
MATTASKK	0
NASTAIEQ	0
NEATASIK	0
NEITASKK	0
NQKTASKQ	0
NQTKDSKK	0
PDPTASKK	0
PESTAAKQ	0
PESTASKR	0
PETTASKS	0
PGTTATKK	0
PHTAASKT	0
PVASATKT	0
PVSSASKK	0
QATTASKR	0
QDAAASKK	0
QDTTASKR	0
QEIPEEKQ	0
QENTASEK	0
QETIGTIK	0
QETSASEK	0
QETTASNQ	0
QETTVSKK	0
QGTTASQK	0
QGTTASRK	0
RATIGAKK	0
RATSASKS	0
RATTASNV	0
RDTGASKN	0
RDTPASKK	0
RETSASMN	0
RETTASEP	0
RETVASNK	0
RGTSGSKK	0
RGTTATGK	0
RLTTAADK	0
RPTGGVKK	0
RTSTASAT	0
RVTNAAKK	0
RVTTASKL	0
SETTASKT	0
TESSASIK	0
TESTASNK	0
TETAASEK	0
TETNAADI	0
TETTASRI	0
TETTSSKE	0
TNIPAPIK	0
TRKPAARH	0
YELIAATT	0
YETIAADL	0
YVTKASNV	0
AETTDSVD	0
DANSASEN	0
EDPTASKK	0
EQTPASQR	0
GATGGSKE	0
GDPPASRT	0
GESTAAKL	0
GETVASKK	0
HQTAASKK	0
IDATASKK	0
IETGASKK	0
IETTASLQ	0
IHPTASEH	0
IQLAASVQ	0
KAATASKN	0
KATSGSKK	0
KCSFAAKK	0
KDPGVSKK	0
KDTRASKK	0
KDTSASNK	0
KDTTASAK	0
KDTTASHI	0
KDTVASCK	0
KEAAASEK	0
KEAYASKK	0
KENTGSKE	0
KEPTGSKN	0
KESKVSVK	0
KESPASKS	0
KESTAAKE	0
KESTGAQK	0
KETGASNK	0
KETIASRK	0
KETPASLR	0
KETRASLK	0
KETTASGN	0
KGASASLK	0
KGTSASIK	0
KGTSASTK	0
KHPTAAEI	0
KKTSASKK	0
KNTTASKK	0
KQPFAANK	0
KQSSASKK	0
KQTTASLK	0
KREAGSIQ	0
KVTPASET	0
KWATASKK	0
LDRSASYN	0
LEAAGSEK	0
LETNGAKL	0
LETSASNK	0
LETSASRK	0
MDGAVPKE	0
METTATSI	0
MQTTASKK	0
MQVSASKK	0
NEAAGSEK	0
PATTASRK	0
PEATASNN	0
PETAASKI	0
PETTGAKI	0
PGLTASSQ	0
PVTKATNK	0
QATPESSK	0
QATTASYK	0
QEASASIK	0
QEGTGSKK	0
QESDASNK	0
QESTAPGR	0
QETTASNT	0
QGASASKK	0
QGPPASKK	0
QGTRASKK	0
QPPSASFV	0
QQATASTK	0
QRTAASKQ	0
QVTTASNK	0
RAPTGSNK	0
RATPASIK	0
RATTGSKK	0
RETHGSKE	0
RETPASIK	0
RETPVSYK	0
RGTTAAKK	0
RKPTASKV	0
SERTASKK	0
TATTASTK	0
TDTPVSQR	0
TEAAASKK	0
TEGTASVK	0
TEIPASMR	0
TESTAAKK	0
TESTASVK	0
TETAASTK	0
TETPASNK	0
TETSASIK	0
TETTASEI	0
TGNTASKK	0
TGTIGSIQ	0
TKTTAETK	0
TLTSASKK	0
TVTTASKQ	0
VQPTASKN	0
YETTASVK	0
ADTGAPRE	0
CHSPVGQR	0
DETSASQK	0
EETTASER	0
EETTASRI	0
ENTSVAIR	0
EQTKDSKK	0
GETTASKQ	0
GEVTADII	0
HAATASKK	0
HGATASKK	0
IATKASSN	0
IDTRARKK	0
IEHPAPRI	0
IETTASKE	0
IETTGSTQ	0
IETTVSDQ	0
KAKAASNI	0
KASTGSKR	0
KATTASKS	0
KATTASYE	0
KDSTASKR	0
KDTTASEI	0
KEASAAKI	0
KEATASET	0
KEGAVSNK	0
KEIRASKK	0
KEPSASEK	0
KEPSASIK	0
KEPTGSQK	0
KERAASKK	0
KESAGSSK	0
KESTASEI	0
KESTASKH	0
KESTGSKQ	0
KETGGSKK	0
KETNASLK	0
KETNASVK	0
KETPASKE	0
KETRASEK	0
KETRASIK	0
KETRVSSE	0
KETSASKV	0
KETTASCK	0
KETTASTV	0
KETVASNR	0
KFRTGAKI	0
KGSSASEK	0
KGTPASNK	0
KGTTAPKK	0
KHTTASKN	0
KLTAAATV	0
KNASDSRE	0
KPTTASIK	0
KQPAGSKT	0
KQTAGSIK	0
KRSPASVN	0
KVPNASRR	0
KVRTASKK	0
KVSKGSRG	0
KVSSAPIK	0
LAATASKK	0
LAATPSRK	0
LEAIASTK	0
LESPASKK	0
LETSASTQ	0
LETTASKS	0
LETTASYK	0
LEVPASQL	0
LGRSASTE	0
LKSAASKK	0
LSCLSSLQ	0
NAATASKK	0
NATTASEK	0
NEAIASTK	0
NEATASKQ	0
NESTASNK	0
NESTGAKK	0
NETAASIK	0
NETEASKI	0
NETSASKL	0
NETTASDK	0
NETTGSRN	0
NGTAASKK	0
NGTPASKK	0
PAATASRK	0
PESTGSKK	0
PKTTASKK	0
PQTTAAKK	0
QDTTASKT	0
QEPNPSHE	0
QEPSVSWK	0
QEPTASTK	0
QETSASLK	0
QETTASTT	0
QETTGSIK	0
QEVTASKK	0
QGTTASVK	0
QKPTASKK	0
QQSAVVKK	0
QQTTGSKK	0
QRTDAVKI	0
QVTPASKK	0
RDSSASKK	0
RESTASQK	0
RETTASES	0
RGTTASKN	0
RGTTASYK	0
RISYAADE	0
RKSPASVK	0
RQSTASKK	0
RQTSASIK	0
RRTDAVKI	0
RYTSASSQ	0
SETTAPKK	0
SGVTASKK	0
TADTVPSN	0
TALAGSIQ	0
TATAASKK	0
TDPGVSKA	0
TECTASKK	0
TEPTASKL	0
TESTGAKK	0
TETEASKI	0
TETTAEKK	0
TVRTIPEK	0
WDPTASER	0
WEPTGSIE	0
WGTTASRI	0
WQTSGSIK	0
YENTASKK	0
YETAASKK	0
YETPASKK	0
YGTTASKK	0
YQTSAAKR	0
AEPTASKK	0
AGTTASKK	0
AVTTASKK	0
DETTGSNK	0
DVATASGS	0
EDTCCAIK	0
EECSAETK	0
EEKTASKK	0
EESTASIK	0
EETIASKK	0
EQASASIE	0
EVKLASKK	0
FQSADAQT	0
GDTTASKK	0
GETSASKI	0
GETTASKI	0
GETTASNK	0
GETTASVK	0
GQTTASKK	0
HENSGAKK	0
HESAASKK	0
HESIASKK	0
HETSASKL	0
HEVSASKK	0
HGSMASKR	0
HQPTVSKN	0
HRTTASKK	0
IDSTASKI	0
IDSTESTH	0
IEGTKSQK	0
IEPAASKK	0
IESSASEN	0
IESTASKI	0
IGPTASKK	0
IGSSASKE	0
IGTDASGQ	0
IQKTASKQ	0
IVTNASKN	0
KARTASKK	0
KASSASRS	0
KASTASIE	0
KATMATHT	0
KATSGSRN	0
KATTASGK	0
KATTVSKK	0
KDASGSKK	0
KDATASKL	0
KDTGVPNP	0
KDTPAAEI	0
KEAGASRR	0
KEANASTE	0
KEGSDSKK	0
KEITASSK	0
KENTASIK	0
KEPGASKK	0
KEPTASEN	0
KEPTASGK	0
KEPTASRT	0
KEPTGSKQ	0
KESAASVK	0
KESPASRK	0
KESSASSK	0
KESTAAKN	0
KESTASRR	0
KESTGAYK	0
KETAASDK	0
KETAASEI	0
KETAASNQ	0
KETASSVT	0
KETIASKN	0
KETPASGK	0
KETRGSKE	0
KETSASKM	0
KETSGSIK	0
KETTASDQ	0
KETTASNL	0
KETTASST	0
KGPTASTK	0
KGRTASKK	0
KGSTASEK	0
KGTAASNK	0
KGTAASVK	0
KGTPASNI	0
KGTPASRK	0
KGYTAPKK	0
KHTSVSMK	0
KKTPASKK	0
KKWRGSSK	0
KPTNASKK	0
KPTRLAEK	0
KPTTASLK	0
KQSAAPKK	0
KQTAASIK	0
KQTNASKK	0
KQTSAAKQ	0
KQTTATKK	0
KQTTGEIC	0
KQTTSSPK	0
KRTKGSNT	0
KSTTAPHK	0
KVTGASNQ	0
KVTNASQT	0
KVTTGAKS	0
KVYSAPRR	0
LDTLASLE	0
LESTASIK	0
LETGASKK	0
LETTAANK	0
LNSSASKK	0
LQKTASKQ	0
LVTAASKK	0
MESNASVQ	0
METAASKK	0
NATSASKK	0
NEARASKK	0
NECPASST	0
NEGSTSTC	0
NETAASKR	0
NETIAAKV	0
NETSASIK	0
NETSASNK	0
NVPSASKK	0
NVTTASKQ	0
PATIAAKK	0
PATPASKK	0
PDAIGSKL	0
PEPSASKK	0
PERAASNK	0
PESTASIK	0
PESTASTK	0
PGSTASKK	0
PGTDGDQT	0
PGTVASTK	0
PVHAAPSK	0
PVPGASEK	0
QDTGASKN	0
QDTRASTQ	0
QDTTASEK	0
QEASASNK	0
QEATASKQ	0
QEDTASKK	0
QEITVAYK	0
QEPTASKT	0
QETPASKQ	0
QETRASKT	0
QETSASKT	0
QETSASQK	0
QETTASQE	0
QETTASRE	0
QETTGARI	0
QGSTASKI	0
QGTAASIK	0
QGTTASEI	0
QGTTASKQ	0
QGTTGSEN	0
QKNSGSKR	0
QRTNAQTK	0
QRTVACGK	0
QVSAGSCN	0
QYGSGSQK	0
QYTMACMD	0
RATTASKE	0
RDTDASSS	0
REATASKQ	0
RENSASKK	0
REPTASEK	0
RESDASRK	0
RESTASKE	0
RETNAAKK	0
RETPGSKK	0
RETSASRI	0
RETSASVK	0
RETTASRQ	0
RGANASTI	0
RGPTSSKM	0
RQTTHSKK	0
RVAWGVNN	0
RVTIAAKI	0
RVTSASIK	0
SDTSASIK	0
SENSGAKK	0
SETSASKI	0
SETTASQK	0
SETTASYK	0
SGTSAENK	0
TAASASVS	0
TDAPASKK	0
TDTTASNK	0
TEASASLK	0
TEPPASKN	0
TESAASRR	0
TESTASRN	0
TETAASCK	0
TETAASKQ	0
TETTASHK	0
TETTASSK	0
TGPPGSTR	0
TQSTASKK	0
TQTPASKK	0
TVTKATNK	0
VAPSAWQV	0
VDTPASRQ	0
VEATASKK	0
YATTASKK	0
YEPTASKK	0
YGSMASKR	0
AELAASRE	0
AESRGSKN	0
AETTASKQ	0
AETTASNK	0
AETTASTK	0
DEPIASTK	0
DETAASNK	0
EATPASKK	0
EATTASGN	0
EATTASNK	0
EEAAASKK	0
EEARASKK	0
EETTASEI	0
EETTDSKK	0
EGTVASTK	0
EQTTASKN	0
EWATGSRK	0
GESAASKK	0
GESTAAKK	0
GETAASKL	0
GETTASRK	0
HDVTPSLS	0
HEKAASKH	0
HERNASVA	0
HESTASKR	0
HETTASEK	0
HGTTASTK	0
HQTPASQR	0
IATAASKK	0
IATTASTK	0
IETTGAKI	0
IVSTATEK	0
KAATASIK	0
KAATTGYK	0
KATSASIK	0
KATSASKE	0
KATSASKL	0
KATTASDK	0
KATTASEN	0
KDTPGSKK	0
KDTSASIK	0
KDTSASKQ	0
KDTSASTK	0
KDTTASDK	0
KDTTASIE	0
KDTTASKE	0
KDTTASKS	0
KDTTATNK	0
KEAGAQIK	0
KEASASKS	0
KEASASTK	0
KEATASHK	0
KEDSASKK	0
KEGSASRK	0
KEGTGSKV	0
KEHRASKN	0
KEITAATR	0
KELTASKL	0
KEPPASKI	0
KEPRASIK	0
KEPTASDK	0
KEPTGSKI	0
KEPTGSRK	0
KEPTGSSK	0
KERNGSLK	0
KERTASIK	0
KERTGSKK	0
KESSASEK	0
KESSASKT	0
KESSASYK	0
KETAASIA	0
KETAASTE	0
KETIAAIK	0
KETIASKE	0
KETIASKS	0
KETNASEK	0
KETNASRK	0
KETPASMK	0
KETRDSKK	0
KETRGSEK	0
KETRGSIE	0
KETSASDK	0
KETSASRI	0
KETTACWK	0
KETTASGQ	0
KETTASPK	0
KETTASVE	0
KETVASKT	0
KGATASLK	0
KGGTASKK	0
KGSTAATK	0
KGTPASYE	0
KGTSAEKK	0
KGTSASKL	0
KGTTASDK	0
KGTVASNK	0
KPTTASVK	0
KQTCASRK	0
KQTGASKK	0
KQTSASKT	0
KTDFAPET	0
KVKSASKH	0
KVRSGSPK	0
KVTTASGK	0
LEASASKK	0
LETEASEK	0
LETTASKE	0
LETTATKK	0
LETTVSDQ	0
LQSTASIR	0
METTASVK	0
NAASASTN	0
NATAASKK	0
NDRSASYN	0
NETTASRI	0
NVPNASIN	0
NVTAASKI	0
PDTLASLE	0
PEAPGSKK	0
PEATASKN	0
PEPTGSKK	0
PESTGAKK	0
PETDASKR	0
PETTASAK	0
PETTASIR	0
PGTAGSKK	0
PGTTASNK	0
PGTTRSKK	0
PLSSASKQ	0
PNSSASKK	0
PSVTAAQI	0
QATAASKN	0
QDASASKK	0
QEAPASDK	0
QEATASKL	0
QECSASKI	0
QEPTASEK	0
QESDASRK	0
QESPASRL	0
QESRASKK	0
QESSAPKG	0
QESTASKI	0
QESTATKK	0
QETAASKQ	0
QETSASKL	0
QETSASYK	0
QETTASER	0
QETTASKV	0
QETTASNR	0
QGPTSSKM	0
QGTHAAMG	0
QGTTASKE	0
QQTTGSVK	0
QVAPATKK	0
QVATSSKK	0
QVHAAPSK	0
RACTASKK	0
RATIAAKK	0
RATTASKI	0
RATTASRK	0
RDAAASKK	0
RDASASKK	0
RDSPASKK	0
RDTTATKK	0
REPTASKI	0
RESRASLK	0
RESTASKS	0
RETAASQS	0
RETNASKQ	0
RETSAPKK	0
RETTASIN	0
RETTASKG	0
RETTASVE	0
RETTGSIK	0
RETTGSKE	0
RETTGSKN	0
RLTTAQSK	0
RVSSDAKK	0
RVTTASRK	0
SDPTARMN	0
SEAAGSEK	0
SEGTKSQK	0
SESTASKN	0
SETTASKE	0
SETTGAKI	0
TDTPASEQ	0
TDTTASIK	0
TDTTGSKK	0
TEAADSYK	0
TESLAVIE	0
TESTATKK	0
TETPAVKK	0
TETSASKL	0
TETTASGK	0
TGTPASKK	0
TGTTASKL	0
TPTAASKK	0
TQTSASKK	0
TVATASKK	0
TVHAAPSK	0
VDTTASKK	0
WDQAASLQ	0
YDSTASRK	0
YETVASKK	0
ADTTASKK	0
AETAASKK	0
CETKASNK	0
DETAASKK	0
EAATASKK	0
EATTAAQK	0
EEPSASKK	0
EEPTASKI	0
EESSASNK	0
EESTAAKQ	0
EESTASKR	0
EGTAASKK	0
EQSPEPKS	0
EVHAAPSK	0
EVSSAPQI	0
GESPASRK	0
HDSTASKK	0
HERAVISK	0
HETTASEI	0
HETTASQK	0
HETTGSRQ	0
HGTNASKY	0
IEPTGSQK	0
IESSGSRK	0
IESTASTK	0
IETAASKI	0
IGTNASIK	0
IPSSAPKK	0
IQSVAANK	0
IVTPASKK	0
KAASGSNK	0
KAATASRK	0
KATAASEN	0
KATPGWKK	0
KDSIASKK	0
KDSRASKK	0
KDTAAAKK	0
KDTPASTK	0
KDTRASNK	0
KDTSASKL	0
KDTSASKN	0
KEAPASTK	0
KEARASIK	0
KEASASKT	0
KEASASLK	0
KEGNASKE	0
KEITASQK	0
KELPASTK	0
KENRGSNK	0
KEPAASIK	0
KEPTAASG	0
KESDASKK	0
KESIASKT	0
KESPASIK	0
KESPASLK	0
KESTAPKK	0
KESTASMK	0
KETAASKH	0
KETAASYR	0
KETGASKL	0
KETRASQK	0
KETSASIR	0
KETTASGE	0
KETTASGI	0
KETTASYH	0
KETTVSTK	0
KETVASIK	0
KGAAASKV	0
KGSMASKK	0
KGSPASGP	0
KKSTASKK	0
KKTAPSRK	0
KPTTASEN	0
KQAPGSKK	0
KQSPASKK	0
KQTTAPKK	0
KQTTASAL	0
KRTPDAIE	0
KSSTASKK	0
KVATASIK	0
KVSTARKK	0
LESTATKK	0
LETTASRL	0
LGATASKK	0
MENAASKH	0
METNASKK	0
METTASIK	0
MHSRVPKK	0
MVTPASNE	0
NDAGASRE	0
NDGSASMQ	0
NESAASFQ	0
NESTGSKK	0
NETSGSKK	0
NHTAASKT	0
NKTTASKK	0
NVATASKK	0
PDTSASKK	0
PEAAASKK	0
PEATASTK	0
PESTASKL	0
PETEASKI	0
PETRGSKI	0
PETTASSE	0
PHSIAAKI	0
PVTTASKQ	0
QAHMASLT	0
QAPSASKK	0
QDGTSPKK	0
QDTTASTK	0
QEASRSMQ	0
QESTASKM	0
QETCAPNH	0
QETRASKI	0
QETTGSKR	0
QETYSEKK	0
QGPAASYK	0
QGSSRSVK	0
QKITASIK	0
QKTTASNK	0
QQDTASII	0
QQTAAPNK	0
QQTTASRK	0
QQTTASVK	0
QVTSASLK	0
RATTASQK	0
RDRPSSSK	0
RDTMANQP	0
RDTNASRK	0
RDTTASKS	0
REARASKQ	0
REASRSMQ	0
REATAAKK	0
REIPEEKQ	0
REPGASKD	0
REPTASKQ	0
RETGASKR	0
RETTASYN	0
RETTATKN	0
RETVASVL	0
RGPTASEN	0
RGTPASYK	0
RLTCASEK	0
RPGTASKT	0
RRTTASYH	0
RVATAANK	0
SAATASKK	0
SETTAAKK	0
SETVASKK	0
SGAAAAKK	0
SGTSAEKL	0
SPSSAPKK	0
SPTGGVKK	0
SQTKDSKK	0
TATPASKK	0
TDITAPTK	0
TDTIASRR	0
TEPTASNK	0
TESRASKL	0
TESTASKI	0
TESTGSKR	0
TETAASRK	0
TETNASKQ	0
TETSASSY	0
TGTTASVK	0
TNIPAPTK	0
TQPTGSEQ	0
TVESAANK	0
TVTSASKK	0
WQTSAAKR	0
YEPIASTK	0
YETTAAKL	0
AEATASKK	0
EATTASKT	0
EESTASRK	0
EETSASIK	0
EETSASSY	0
EGTTASTK	0
EHATAANK	0
ERSTASMI	0
ERTTASKK	0
GETIASKK	0
HDASASEK	0
HDTPAFIK	0
HEPAASKK	0
HESIASRL	0
HETAASNS	0
HETPASNK	0
HGTTAPEI	0
IDRSASYN	0
IDSTASKK	0
IETSASRK	0
IETTAANK	0
IGATASKK	0
IQTPASQR	0
IQTSASKK	0
KAAIASKK	0
KAATASKL	0
KAERASVI	0
KAPKASIK	0
KASTASNK	0
KATAASNK	0
KATPASNK	0
KATPASTE	0
KATTAAKK	0
KDASASEH	0
KDPTASQK	0
KDPTASRK	0
KDSTASRK	0
KDTAASIR	0
KDTIASKK	0
KDTTASDT	0
KDTTDSKW	0
KEAAASTK	0
KEASASKL	0
KEASASRK	0
KEATASKS	0
KECPASNS	0
KEGAASVI	0
KEGLASTK	0
KEGSASKK	0
KEPAGSKK	0
KEPPASNN	0
KEPSGSKK	0
KEPTASRI	0
KEPTASRN	0
KEPTASSK	0
KEPTGSPK	0
KESTASHK	0
KESTASKD	0
KESTASNR	0
KESTGSTK	0
KETGASEK	0
KETGASRK	0
KETIASVK	0
KETKASDN	0
KETKASKT	0
KETNASYK	0
KETNVPRI	0
KETRASSK	0
KETSASEI	0
KETSASEQ	0
KETSVPKK	0
KETTAAEK	0
KETTAAKQ	0
KETTAAKT	0
KETTASYQ	0
KETTASYT	0
KETTGSKS	0
KGDAASQR	0
KGGAGSKE	0
KGPSASCT	0
KGSGASKD	0
KGSTASTK	0
KGTAASKQ	0
KGTPGSKK	0
KGTSASKQ	0
KGTTASNR	0
KHPAASKK	0
KKEPASFR	0
KLISATKK	0
KLTSASKK	0
KLTTASIK	0
KLTWAAQN	0
KPTPASNK	0
KQASASKK	0
KQGTASKK	0
KQPADALW	0
KQTAASNK	0
KQTAASTK	0
KQTPASIK	0
KRNPASGI	0
KRTAASKK	0
KVAICSEH	0
KVSSASIK	0
KVTTAAIK	0
KYAAATEN	0
KYIASAEK	0
KYTTAAKQ	0
LATNPSKK	0
LEATASIK	0
LGTPASKK	0
LQTTAQDN	0
MATAASKK	0
METTASNK	0
NDTTAAET	0
NEGTASKK	0
NEPAASKK	0
NEPTGSKK	0
NESHASDK	0
NESKASLK	0
NESSGSNI	0
NETSASEK	0
NETSASSY	0
NQYDASIK	0
PATTASNK	0
PETSASVK	0
PETTASRN	0
PEVAASST	0
PGPTASKK	0
PITAAAHG	0
QAATASIK	0
QAIAASTR	0
QATIASKK	0
QDRPSSSK	0
QDTTASRE	0
QEANASKK	0
QESTASYK	0
QESTGSKR	0
QETPASRK	0
QETTASEN	0
QETTASKD	0
QETTASVT	0
QGTTASKR	0
QGTTATGK	0
QPTTGSNK	0
QQTLACKD	0
QQTSAAKK	0
QQTTASIK	0
QRTNASKK	0
QVSNASHK	0
QVTTASKR	0
QVTTASKT	0
REITVAYK	0
RENAASKK	0
RETCASKK	0
RETNASKI	0
RETRASKI	0
RETRASNL	0
RETSASKT	0
RETTASAT	0
RETTGSIE	0
RETTGSKQ	0
REVPVAKK	0
RGSTASIK	0
RGTTASKE	0
RHPTAPKT	0
RPPAASIN	0
RQACASKK	0
RQSPASKK	0
RVTGASIK	0
SDTSASKK	0
SDTTVWDN	0
SESIASRL	0
SESPASIK	0
SETAASNS	0
SGTVAGKQ	0
SGVIAAKK	0
TDPPASEE	0
TEGTGSKK	0
TETPASYE	0
TETSAAKK	0
TETSGSKK	0
TGSTASKK	0
TQSTSLTK	0
TVPSAPMQ	0
VDTTAAKK	0
VETTASKN	0
WESTAAKL	0
YELAASRE	0
AAASGSRN	0
AETIASKK	0
DETPASKK	0
DVTTASKK	0
EATACSQE	0
EEITAPHK	0
EEKTASEK	0
EEPSASTK	0
EEPTASQK	0
EEPTGSKK	0
EETAASTK	0
EETAGSKK	0
EETNGSKT	0
EETSASNN	0
EETTASMK	0
EETTASSE	0
EGSMASKL	0
EGSRPAKQ	0
EGTTASKN	0
EHTIATNK	0
EITAASKK	0
ENSSASKK	0
ERTTVAVK	0
EVPSAPMQ	0
GDSTAWKS	0
GEPTASKQ	0
GETNASQK	0
GETPASKK	0
GETTASKT	0
HDPAASNK	0
HDTSASKK	0
HEAAGSEK	0
HETDASKK	0
HETTAANK	0
HPSSAPKK	0
HQTKDSKK	0
IATNPSKK	0
IEAAASKK	0
IENIAPIK	0
IEPTASIK	0
IESTAAKQ	0
IETADSQI	0
IETTATKK	0
IGTPASKK	0
IGTTASIK	0
IGTTASTK	0
IGTTRSDQ	0
IQATASYK	0
IRTTASKK	0
IVTKATNK	0
KAKTASKK	0
KANTPSVT	0
KATAASEK	0
KATIAATK	0
KATSASRK	0
KDATASNK	0
KDATASVK	0
KDHTASKK	0
KDHTESVN	0
KDPEASTH	0
KDRQGSKE	0
KDSSAADK	0
KDSTASKI	0
KDSTASQK	0
KDTNASKR	0
KDTTASEN	0
KDTTASSK	0
KDTTVAKK	0
KEAAASIK	0
KEAAASKR	0
KEIAGSIE	0
KEISARVE	0
KENVASNG	0
KEPTASMK	0
KEPTGSKS	0
KEPTGSKT	0
KEPTGSVK	0
KEPTGSYK	0
KERRGSRG	0
KERTASKL	0
KESLASKK	0
KESLASNK	0
KESTASNQ	0
KESTASNT	0
KESTGAKH	0
KETACSKK	0
KETADSNT	0
KETAGSKN	0
KETRESVK	0
KETSASKG	0
KETSASMS	0
KETSASRT	0
KETSGVRQ	0
KETTASDT	0
KETTASFK	0
KETTASVR	0
KETVGSIK	0
KGARASKK	0
KGATASKT	0
KGLTASKK	0
KGNTASKR	0
KGPSGSRN	0
KGPTALKK	0
KGTSASQK	0
KGTTDSKK	0
KGTTVSEQ	0
KGVTASKE	0
KKTTASTK	0
KLPIASQK	0
KPTTASKR	0
KPTTASTK	0
KQRLASLT	0
KQSMASKK	0
KQTSASKI	0
KQTTASKS	0
KRTADSRK	0
KRTKASSI	0
KRTSASKK	0
KSSTAAKK	0
KVIASSEK	0
KVTSASKI	0
KYTTASWR	0
LEATASTK	0
LEPTASAQ	0
LESTASTK	0
LQTTVAMR	0
MATTDSRK	0
MEHPAPNI	0
MQVSAAEK	0
MQVSAATK	0
NDASASEK	0
NDNPAPQN	0
NDTTASNK	0
NEPTASKN	0
NESSASEK	0
NESSASIK	0
NESTASKL	0
NETNAADI	0
NETSASRK	0
NETSASVK	0
NETTVSLR	0
NGPTASKK	0
NGTARSET	0
NGTTASKT	0
NGTTASNK	0
NQSTASKK	0
NQTSASKK	0
NVRTASYR	0
PATTGSKK	0
PEATASKT	0
PEATASNK	0
PESTASRK	0
PESTASVK	0
PETSASIK	0
PETSASKL	0
PETTAPKK	0
PETTASHK	0
PETTASTN	0
PGLAAAKI	0
PGTTASTK	0
PQDTASKK	0
PVPSAPMQ	0
PVTSASKK	0
QAHTASRK	0
QASSASKV	0
QATPASKQ	0
QATTASKE	0
QATTATKK	0
QDIGASKQ	0
QDPSGSKK	0
QDTTASKQ	0
QEGSASLK	0
QEPGASVK	0
QEPNATVL	0
QEPSGVTI	0
QEPTASKI	0
QESCASKI	0
QESIASVK	0
QETDASKR	0
QETKASKK	0
QETNASNK	0
QETSAATR	0
QETSASSK	0
QETTASEQ	0
QETTASRR	0
QETTASTE	0
QETTGSKN	0
QETTGSNK	0
QGSSASKK	0
QIATASKK	0
QLSTASQK	0
QQTTASKL	0
QQTTASKT	0
QQTTASNK	0
QRLTAPNI	0
QRSAASYE	0
QRTTASYH	0
QSTTALET	0
QVASASKH	0
QVATASYA	0
QVNRARIE	0
QVTTASIK	0
QVTTASIQ	0
RAPAASKK	0
RATPASYK	0
RATTASVK	0
RDTSVAGA	0
REATASKE	0
REATASKI	0
REIGAAKK	0
REPTSSYR	0
RERGGSKN	0
RESAAAKT	0
RESTAANK	0
RESTASKV	0
RESTASLK	0
RETAASIA	0
RETPASKR	0
RETPASKT	0
RETRASKN	0
RETRASKQ	0
RETTASIT	0
RETTASLE	0
RETTASSQ	0
RETTATKK	0
RETYSEKK	0
RGNTASKK	0
RGPSASEK	0
RGSTASKI	0
RGTTASKR	0
RKPTASKK	0
RKRTASPT	0
RPTAATNI	0
RQPTASKK	0
RQVTASKK	0
RRSTASKK	0
RVRIVATN	0
RVTTASQK	0
RVTTASTK	0
SETTAANK	0
SETTASLK	0
SGTSAEIK	0
SGTSAEYT	0
SPTSASEN	0
TACTASTK	0
TAPTASKK	0
TATTASIK	0
TDASASER	0
TDSTASYE	0
TDTLASLE	0
TDTPASKK	0
TEATASKE	0
TEATASQK	0
TEATASTK	0
TENTASCK	0
TEPSASKK	0
TEPTASEK	0
TERIASLK	0
TESPASRK	0
TESSASKN	0
TESTASEE	0
TESTASKT	0
TESTASRK	0
TETAASLK	0
TETIASTQ	0
TETSASKQ	0
TGSTASNK	0
TGTSASNK	0
TGTTASKI	0
TLTTAAKD	0
TPTAASKR	0
TQTPGSTK	0
TRTAASKQ	0
TRTNAQTK	0
TVSTASKK	0
VESSASNK	0
VETAASKK	0
VETIASKK	0
VETSASKK	0
WATIAAKS	0
WATTALSK	0
YETTASEL	0
YETTASKR	0
AAPTAANI	0
AEAAASNK	0
AETTASKI	0
AETTGSKK	0
EDASASER	0
EDTLASLE	0
EDTTGSKE	0
EEGTASKK	0
EESSASKD	0
EETTASDK	0
EGSMASKI	0
EQTSASKK	0
EVAWGVNN	0
FDSIAAYE	0
FEPTVSKT	0
GENSASQG	0
HDATASKK	0
HENTASKK	0
HERTASTV	0
HETTASLK	0
HGTAASKK	0
IATTASIK	0
IDPSGPKK	0
IDSSASVK	0
IEAIASTK	0
IELAASNK	0
IEPSASKK	0
IESHASDK	0
IESIASRL	0
IETAASNK	0
IETTASTI	0
IETTASYK	0
IGTVASTK	0
IHTAASKT	0
IQTAASKK	0
IQTPASKK	0
KASHASKK	0
KASSASKR	0
KATIAARK	0
KATPASRK	0
KATTASEI	0
KATTASEQ	0
KDATASEK	0
KDATASKT	0
KDSAGSKK	0
KDSRASEK	0
KDTAASEK	0
KDTPASNK	0
KDTTASRE	0
KEAAASKQ	0
KEAAASNQ	0
KEAPASNK	0
KEASASVK	0
KECTASQK	0
KEIVASSK	0
KENTASTK	0
KEPLASKK	0
KESAASLK	0
KESPASSI	0
KESTASNN	0
KESTASTN	0
KETAASGK	0
KETHASEK	0
KETLASTK	0
KETSASQI	0
KETTAADQ	0
KETTASEH	0
KETTASES	0
KETTASRG	0
KETTGSGK	0
KEYRASKS	0
KGGAASKK	0
KGGTASDQ	0
KGNTASIK	0
KGPTASKE	0
KGSTASKR	0
KGTAASKN	0
KGTTASEN	0
KGTTASVQ	0
KGTTDPKK	0
KLQTPSIK	0
KNPCAAQK	0
KQATASNK	0
KQNTASKK	0
KQTPVAIK	0
KQTSASKQ	0
KQTTASKM	0
KRKIASIK	0
KRTTASRK	0
KSTSASTK	0
KTTAASKK	0
KTTPASIQ	0
KVATASKI	0
KVPTAAKK	0
KVTAASRK	0
KVTTASEV	0
KVTTASLK	0
KVTTASSK	0
LDSTASKK	0
LETEASKI	0
LPTTASKK	0
LQSSALEK	0
LQSTASKK	0
LVPSAPMQ	0
NAITASME	0
NDAIGSKL	0
NEASCSDK	0
NEPPASKK	0
NEPTASEK	0
NETEASKK	0
NETKGSEK	0
NETTGAKI	0
NGTSASNK	0
NHSIAAKI	0
NQTPASQR	0
NRPTASKK	0
NTTAASKK	0
PAFVAALQ	0
PATPASWD	0
PATSASNT	0
PDSTASKK	0
PDTTASIK	0
PEITASKK	0
PETNAADI	0
PETSASKR	0
PETSASKT	0
PETSASTK	0
PQSPASQM	0
PVYPGSVQ	0
QAASASKK	0
QAITGATN	0
QATHASKK	0
QATRASKK	0
QATTASVK	0
QDPAASKK	0
QDSTASNK	0
QDTTASYK	0
QEASASNT	0
QEATASKE	0
QEPGGSVK	0
QEPIASKK	0
QESIASKK	0
QESTASEN	0
QESTASQK	0
QETAASLK	0
QETRESVN	0
QETTAPKL	0
QETTASET	0
QETTASNE	0
QETTASNI	0
QETTASTN	0
QGTAASEE	0
QLTTASKK	0
QPPAASIN	0
QVTTASKI	0
RATTASTK	0
RATTTSHK	0
RDNSASEK	0
RDSAASKK	0
RDTTASKL	0
RDTTASKQ	0
RDTTASQK	0
RDVAAAKK	0
REATGSKK	0
REGTASNT	0
RENKASEL	0
REPLASKK	0
REPTASRS	0
RESAASDQ	0
RETAASYK	0
RETHASKK	0
RETTASMQ	0
RETTASNS	0
RETTASQI	0
RETTASST	0
RGPIASKK	0
RQTPASKK	0
RVCWASST	0
RVSTAAKL	0
RVTTAAKK	0
SEPAASKK	0
SGPAASNE	0
SPTTASKK	0
SQKTASKQ	0
TAATASSK	0
TATTASYN	0
TDPTASKK	0
TEARASKT	0
TEPTGTAS	0
TETAASEI	0
TETDASKR	0
TETPASIK	0
TETPGSKK	0
TETSAPEQ	0
TETTAPKK	0
TETTASIQ	0
TEVTASKK	0
TGRTASWA	0
TGTTASTK	0
TNIPAPEK	0
TQSAATKK	0
VEPIASTK	0
WGTTASKK	0
YDSTASKK	0
YEQTASQK	0
YETTASKN	0
YETTASNK	0
YETTASRK	0
YVTTASEV	0
AATRSSMK	0
AETTASRL	0
CQTTASVK	0
DEATASKK	0
EATRASQV	0
EDVRATKK	0
EEAIASKK	0
EEAIGPYK	0
EEFTAAKK	0
EEPIASKK	0
EESTASKN	0
EESTASKT	0
EETPASKN	0
EETSPSYT	0
EQTPASKK	0
EQTTASIK	0
EVATARNG	0
EVTTASKQ	0
GATTASQK	0
GDTLASKK	0
GENSGAKK	0
GETTASIK	0
GGSMASKR	0
HDTPASKK	0
HETRASKK	0
IASTASKK	0
IESRASKK	0
IESTASNK	0
IETMASKK	0
IETNAADI	0
IETSAENK	0
IETSASIK	0
IETSASTK	0
IETSATTV	0
IETTASRI	0
IGTTGSKK	0
IQISATNK	0
IQSTASKK	0
IRATASRK	0
IVATASKK	0
IVTTASKQ	0
KAKTGSKK	0
KANIAAKL	0
KASAASKQ	0
KASKAAHQ	0
KASTASIH	0
KATIAAIE	0
KATIAAKI	0
KATIAALK	0
KATPASTK	0
KATSASKN	0
KATSASLK	0
KATTASIQ	0
KCANAANN	0
KDPPASKK	0
KDPSGSKK	0
KDTAASKR	0
KDTKASKK	0
KDTSASKR	0
KDTSAVAS	0
KDTTAPKK	0
KDTVGPKK	0
KEAPASKR	0
KEASASKQ	0
KEATASEI	0
KEGFSSEP	0
KEITAANK	0
KEKIASHS	0
KENRASKK	0
KENTASES	0
KEPCASNS	0
KEPNASKK	0
KEPTASRE	0
KEPTPSVK	0
KEQTASYR	0
KERPASKQ	0
KERTASRK	0
KESRASKN	0
KESTASAK	0
KESTASEG	0
KETAASNN	0
KETAASRE	0
KETNAPRS	0
KETPASEN	0
KETPASNT	0
KETSASNE	0
KETTASDE	0
KETTASEL	0
KETTVSDI	0
KGGPAPEK	0
KGHSASTE	0
KGSSASVK	0
KGSTASRK	0
KGSTASVK	0
KGTAASTK	0
KGTPASKN	0
KGTPASKT	0
KGTTASNT	0
KGTTTSKN	0
KGTVASKK	0
KKTAALGT	0
KKTTAAKK	0
KPACASKK	0
KPTAGSIT	0
KPTTAAYD	0
KQAQTSKD	0
KQASGSTK	0
KQIAASND	0
KQSTASKI	0
KQTIASKK	0
KQTSGSKK	0
KSTPASKI	0
KSVLAANK	0
KVAAASKK	0
KVAIGSKR	0
KVGTASDK	0
KVLTASLK	0
KVNAGSKK	0
KVPAASKK	0
KVTAASTK	0
KVTMASIK	0
KVTSASTK	0
KVTVASIK	0
KVTVASKK	0
KYPSAPKH	0
LATAASKK	0
LATPVANK	0
LDASASEK	0
LDITAAEE	0
LEPAASQK	0
LESHASDK	0
LESTASKN	0
LETDASKK	0
LETLAMGK	0
LETSASIK	0
LETTASIE	0
LGPTASKK	0
LGTPGSNT	0
LGTSASKK	0
LGTTASKQ	0
LGTTRSDQ	0
METIASKK	0
METSAAEK	0
MQASASQI	0
NDTPGSQR	0
NEPPASIK	0
NEPTASIK	0
NEPTASNK	0
NESIASKK	0
NETAASKT	0
NETAGSQR	0
NETDGSKK	0
NETPASKI	0
NETTASSK	0
NGSAAAKT	0
NGTTASIT	0
NQTAASKK	0
NQTPASKK	0
NQTTASTQ	0
NSTTSSKQ	0
PANTASKN	0
PATTASKR	0
PDTAASKK	0
PDTTASKN	0
PECTASKK	0
PEPTASQK	0
PESSAVDM	0
PESTASQI	0
PETTASRE	0
PETTATKK	0
PEVPISKK	0
PPTTASKK	0
PQASASYI	0
PQATASKK	0
PQTTASNK	0
PRTTVAVK	0
PVTTASIK	0
PYTPASIK	0
QACTASTK	0
QATTASYR	0
QATTGSKK	0
QDITASKK	0
QDPAASKI	0
QDTTASKS	0
QEAIASKK	0
QEGTAVKN	0
QEPTASKL	0
QEPTASKR	0
QESNASKK	0
QESRASLK	0
QESSASKN	0
QESSASNK	0
QESTASKE	0
QESTASTR	0
QETPASKR	0
QETPASKT	0
QETPASQK	0
QETTASQT	0
QETTGSKE	0
QGTPASYK	0
QQATASIK	0
QQSSASKK	0
QQTTAAGK	0
QQTTATKK	0
QQTTGSRH	0
QRNPASAK	0
QRTTASRK	0
QVSSASKR	0
QVTTASEK	0
QVTTASVI	0
RASSASKK	0
RATTASKL	0
RDDTASPV	0
RDTTASTK	0
REPTASNT	0
RERTASKI	0
RETAASIE	0
RETAASKS	0
RETCASLQ	0
RETIASKT	0
RETSASNT	0
RETTARNR	0
RETTASQQ	0
RETVASIK	0
RGSTASQC	0
RPTMAAKK	0
RPTTAAKK	0
RQGIASKQ	0
RQRAGSKQ	0
RTTTATKK	0
RVANASNQ	0
RVNRARIE	0
RVSTDSKK	0
RVTTASKN	0
SDRSASYN	0
SESNASKK	0
SESTASKR	0
SETRVSIE	0
SETSGSKK	0
SETTASKS	0
SGTSAETK	0
TATTASQK	0
TDASASKK	0
TDSSASKN	0
TDTTASVK	0
TEATASKN	0
TEATASKT	0
TEDNASLQ	0
TEGPSSKT	0
TESDASRK	0
TESRASTK	0
TESTASKM	0
TETAASIE	0
TETAGSKK	0
TETEASKN	0
TETPASKN	0
TETTGSKR	0
TETTGSNK	0
TGIMSERD	0
TGTIAAKK	0
TGTIAANK	0
TGTTASKN	0
TNIPAPVK	0
TRTTVAVK	0
TVTAASKK	0
VEARASNE	0
VEATASEK	0
VEGIASAH	0
VETTASIK	0
VRPAESGK	0
YDTTASKK	0
YETTASIK	0
YVTAASVC	0
AETTASKT	0
AVTPASKK	0
DEARSPTV	0
DELAASRE	0
DELRASKK	0
DETTGSKK	0
DGTSAEYK	0
EASTASSE	0
EATTASTK	0
EDTTASTK	0
EDTTASVK	0
EEATASEK	0
EEATASKT	0
EETAASEK	0
EETTASNI	0
EGDTASKK	0
EGPTASKK	0
EPPAASIK	0
EQATASKK	0
EQDTASKK	0
EQSTAPES	0
EQTAASKK	0
EVSTASKK	0
EVTAASKK	0
HEGTKSQK	0
HEPSASKK	0
HETEASKK	0
HETVASKK	0
HQSSASVK	0
IAATASKK	0
IDTAASTK	0
IELAASIK	0
IEPTASQK	0
IESSASKI	0
IPTTASKK	0
IQAPGSKL	0
IVIKASYK	0
KAAAASKK	0
KAANASYI	0
KAATASNK	0
KASTASKI	0
KATPGSKK	0
KATSASKI	0
KATSASSI	0
KDTAASKI	0
KDTPASKQ	0
KDTSASQK	0
KEARVPLK	0
KEATASRI	0
KEATASYQ	0
KECPASKN	0
KEIAASRK	0
KEKAASKK	0
KENTASKN	0
KEPPASNK	0
KEPSASKN	0
KESAASKS	0
KESAGSAK	0
KESPASIN	0
KESPASTK	0
KESSASTK	0
KESTASGE	0
KESTASKS	0
KESTGSVK	0
KETAASDR	0
KETAATSN	0
KETDASNK	0
KETGASTD	0
KETIASQK	0
KETKASKQ	0
KETNASKE	0
KETNGAKQ	0
KETNGSKT	0
KETPASHK	0
KETPGSVE	0
KETRASKM	0
KETRASRK	0
KETRASYK	0
KETSASEE	0
KETSASNR	0
KETSASRE	0
KETSASTN	0
KETSGSKR	0
KETTAPNK	0
KETTASEA	0
KETTAVRK	0
KETTGSEI	0
KETTRSRK	0
KETVASKN	0
KGASAPRR	0
KGASGSKK	0
KGAYGSNN	0
KGISASEK	0
KGPAASVQ	0
KGPIASKK	0
KGPTASIK	0
KGPTASQK	0
KGPTASRI	0
KGPTASRK	0
KGPTASYK	0
KGSTGSKK	0
KGTGASKK	0
KGTSASAK	0
KGTTASGK	0
KGTTASIT	0
KGTTASNN	0
KGTTGSEK	0
KGVYGAIT	0
KKTNASTI	0
KKTTASIK	0
KLIGASVE	0
KLSVASKQ	0
KLTTASKN	0
KNPSGSTI	0
KPTSVPRK	0
KQATASTK	0
KQTPASTK	0
KQTTAANK	0
KQTTASDK	0
KQTTDSKH	0
KRAGASKK	0
KVATASDK	0
KVLPASNK	0
KVSIASKK	0
KVTAASNK	0
KVTAGSKK	0
KVTIAAKK	0
KVTRASKK	0
KVTTASIR	0
KYTRAAGK	0
LDNTASKE	0
LDTTASRK	0
LESSAVDM	0
LETAASKR	0
LETFASAI	0
LETPASLK	0
LETTASSK	0
LGNTASKK	0
LPSSAPKK	0
LPTGGVKK	0
LQTTAAKK	0
LRTSATKK	0
LVTNDAQQ	0
MEAPTSKK	0
MESAASKK	0
METAASKL	0
METTASQK	0
MGSMASKR	0
MQITGSLK	0
NDTTASRK	0
NERTASKK	0
NESTASKM	0
NESTATKK	0
NETLASKK	0
NKTSASNE	0
NLKSGRLI	0
NQASASYT	0
NQSTGSTT	0
NVTSASKK	0
PEATAAVK	0
PEGTASKK	0
PESAASRK	0
PESSASIK	0
PETEASKN	0
PETSAVKK	0
PETTASNQ	0
PETTASTT	0
PQTAASKK	0
PVPTASKK	0
PVTAASKK	0
QAMSAPKQ	0
QATNASKK	0
QATNASNN	0
QDHTASKK	0
QDSPASKK	0
QEATASSK	0
QELTASKK	0
QEMTASKR	0
QENTASRK	0
QEPTGSKK	0
QETAASTT	0
QETRASRR	0
QETSASKE	0
QETSASRT	0
QETTASTR	0
QGATASKR	0
QGPSAVKK	0
QGSRPAKK	0
QGTAASRK	0
QGTAGSKK	0
QGTTASKS	0
QGTTGSIK	0
QKAFASKL	0
QQTTASKI	0
QQTTASKN	0
QRATASKI	0
RAPTASKK	0
RAPTGSTN	0
RARTASEK	0
RDTTASEK	0
RDTTASKT	0
REASASIK	0
REIAASKK	0
REPTASKR	0
RERTASTK	0
RERTASWK	0
RESPASIK	0
RESTASVR	0
RETAASEK	0
RETAASNT	0
RETCGSGK	0
RETIASGK	0
RETIASNK	0
RETNASNK	0
RETNGSKK	0
RETPAVKK	0
RETTAARK	0
RETTASRS	0
RETTGSLH	0
RGTSAAKK	0
RGTTASHK	0
RGTTASRN	0
RGTTASYT	0
RHNTAPKT	0
RPPRVEIR	0
RPTRASNK	0
RPTTGSNK	0
RQSAASKK	0
RVTTASEK	0
SAAPDSKL	0
SATIAAKK	0
SCRVASKK	0
SDTLASLE	0
SDVAAAVR	0
SEITASKK	0
SETAASNK	0
SETRASKK	0
SGTTRSDQ	0
TATTGSKK	0
TDPTASIK	0
TEATASKI	0
TEITVSTQ	0
TEKGDSKK	0
TELTASKK	0
TEPTASRK	0
TESIASKK	0
TESTATKS	0
TETAASQK	0
TETNASKI	0
TETPASQK	0
TETPASTK	0
TETSASKN	0
TETSASKR	0
TETTAAIK	0
TETTASNI	0
TETTASSE	0
TETTGARI	0
TETTGSTK	0
TETTPSGI	0
TGTRASKK	0
TGTTAAVE	0
TLPRASEQ	0
TNIPAPKE	0
TSAAATKG	0
VESTAAKL	0
VGTTASKK	0
WETRGSKK	0
YATAASIQ	0
YENVASTK	0
YESTAAKL	0
YETTGSKK	0
AELTASKS	0
AGSMASKR	0
AHTIAPQK	0
CESRAPKI	0
DEPTGSTK	0
EANTASKK	0
EATNASNI	0
EATPGSKK	0
EATTAAKK	0
EDAIGSKL	0
EDTTASRK	0
EDVAAAVR	0
EEIPASKK	0
EEIPASMR	0
EEPNPSHE	0
EESSASGK	0
EESTASEK	0
EETAASIK	0
EETIASTK	0
EETSASRK	0
EETSASTK	0
EETSASTL	0
EETTASEN	0
EGSMASKN	0
ENSIASKK	0
EVTPASKK	0
EVTTESIN	0
GDPSASKH	0
GESAASQV	0
GETTASKN	0
GETTASLK	0
GGIPASNI	0
GVKTESNT	0
HAADASKK	0
HARTASKK	0
HDPTASKK	0
HEMTASEK	0
HEPTASQK	0
HESTAAAI	0
HESTASKQ	0
HESTASTK	0
HETAASVK	0
HETGASKK	0
HETTASRL	0
HETTASYE	0
HETTDSKK	0
HETTVSDQ	0
IATIAAKK	0
IDGTSSKR	0
IEAAGSEK	0
IEGTASKK	0
IEPTASEK	0
IEPTASNK	0
IESTDSNK	0
IETAASKR	0
IETDASKR	0
IETEASKI	0
IETTASKS	0
IETTAWKK	0
IGSTASKK	0
IGTTASST	0
IQTTASKI	0
KANTESNG	0
KATCASKK	0
KATSASEK	0
KATSASGK	0
KATSASKW	0
KATSASVK	0
KATTASMK	0
KATTASRI	0
KATTASRT	0
KATTASSP	0
KATTASVE	0
KATTGSIN	0
KDATASCK	0
KDATGSKT	0
KDCYASVH	0
KDDTASKK	0
KDPGASIK	0
KDPTASKN	0
KDSTASKQ	0
KDTAASIK	0
KDTAASKQ	0
KDTAASRK	0
KDTMASVK	0
KDTNGSYE	0
KDTSASYK	0
KDTTASGK	0
KEAAASQK	0
KEAAGSKK	0
KEANASLK	0
KEASASKN	0
KEASASKR	0
KEATASIE	0
KEATASNT	0
KEATASRT	0
KEATASST	0
KEATDSKK	0
KECAASID	0
KEGTASKI	0
KEITASKR	0
KENTAETT	0
KENTASVK	0
KEPSASVK	0
KEPTAPKK	0
KEPTASAK	0
KEPTASLE	0
KEPTGSKE	0
KEPTGSNI	0
KERGASAK	0
KERPASEK	0
KERTASKR	0
KERTASKT	0
KERTASQK	0
KESAASYK	0
KESDASKT	0
KESPASKR	0
KESSASKQ	0
KESTAAIE	0
KESTAANK	0
KESTAATK	0
KESTASGK	0
KESTASIL	0
KESTASNI	0
KESTASYN	0
KESTGAIE	0
KESTGAKD	0
KETAASAK	0
KETAASEE	0
KETAASMK	0
KETAASYE	0
KETDASEK	0
KETDASTV	0
KETGASKI	0
KETGASKN	0
KETGASTK	0
KETGGSKE	0
KETGRSKK	0
KETGTSQK	0
KETHASKT	0
KETHASYK	0
KETIASKI	0
KETIASLK	0
KETKASEK	0
KETPASVR	0
KETPGSRK	0
KETRGSDK	0
KETRGSVK	0
KETSASKD	0
KETSASNI	0
KETSASNT	0
KETTAENK	0
KETTASLN	0
KETTASMQ	0
KETTASNH	0
KETTATNK	0
KETTGSNN	0
KETTGSSK	0
KETYASKK	0
KGAPASNQ	0
KGATASKE	0
KGATASKL	0
KGATASRK	0
KGNSGSVV	0
KGPPASKQ	0
KGPTASKL	0
KGPTASKR	0
KGPTVSTQ	0
KGSTAKIK	0
KGTAASKR	0
KGTPASKE	0
KGTSASKN	0
KGTTAPEK	0
KGTTAPST	0
KGTTASRN	0
KGTTASTI	0
KHATASTN	0
KHGSASKK	0
KHSTAAVR	0
KHTTDSYK	0
KLTSASKG	0
KLTTASNK	0
KPTTASEK	0
KPTTASRK	0
KQATASEK	0
KQFIASGE	0
KQITASKK	0
KQPPATYK	0
KQRAGSKK	0
KQTPASEK	0
KQTSAATK	0
KQTTASGK	0
KQTVASKK	0
KQVIGPKK	0
KRHTAVIH	0
KRITASKG	0
KRTIASDN	0
KRTTASNK	0
KVATASKN	0
KVATASQK	0
KVATASRK	0
KVGSASDK	0
KVINPPSQ	0
KVPHATET	0
KVRTASYT	0
KVSNAKLK	0
KVTNASRK	0
KVTPASKT	0
KVTSASKL	0
KVTTASSN	0
KVTTASTQ	0
LDPGVSKA	0
LDTAASKK	0
LEITASKK	0
LESTASLK	0
LESTASNK	0
LETPASNK	0
LHSAASTM	0
LRCGGSTK	0
LVSPASNK	0
LVTTASKI	0
MDTAASKK	0
MDTTAPRL	0
MEAAASNK	0
MEATASSM	0
MENSGAKK	0
METPASKK	0
METTASEK	0
METTASYK	0
MQVSAAKI	0
MVKTESNT	0
MVSTASNK	0
NAHNASNS	0
NARAASTI	0
NATAASTK	0
NDPGVSKA	0
NDTAASKK	0
NDTPASKK	0
NDTTASIK	0
NEASASIK	0
NEFVASKD	0
NESTASKI	0
NESTASKN	0
NESTASVK	0
NESTATKS	0
NETHASSK	0
NETNASEQ	0
NETTASKS	0
NETTASNT	0
NETTASRT	0
NETTATKK	0
NETTGAKK	0
NGSRPAKQ	0
NGTYGSKE	0
NIPTDSKI	0
NPTTASLK	0
NRTTASKK	0
NVTAASKK	0
PAATASKT	0
PATAASNK	0
PATIASKK	0
PDASASER	0
PDGTGSVN	0
PDITAANK	0
PEAIASKK	0
PEAIASKQ	0
PEATASKE	0
PEPTGSDT	0
PESRDSVV	0
PETAASKT	0
PETMSTGT	0
PETPASNK	0
PETSAAKK	0
PETSASKN	0
PETTASEI	0
PETTASKM	0
PETTASKV	0
PETTASLE	0
PETTASTQ	0
PETTGSKR	0
PETTGSNK	0
PQTSASKK	0
PRTNAQTK	0
PVAWGVNN	0
QAATASIE	0
QAPIGSKI	0
QATNVSKK	0
QATSASNI	0
QATTASHK	0
QATTASTK	0
QDPTASQK	0
QDTPASNK	0
QDTPASRK	0
QDTPASTK	0
QDTSASKL	0
QDTSASNK	0
QDTTASLK	0
QEATASKI	0
QEHSAVKK	0
QEHSGSKK	0
QEITASIK	0
QEKTASKK	0
QEMTAAKN	0
QEPTPSNK	0
QESPASER	0
QETAVSTV	0
QETIASGK	0
QETPASYK	0
QETRASKN	0
QETRASKR	0
QETTASEE	0
QETTASMS	0
QETTASRQ	0
QETTASST	0
QETTASVQ	0
QETTGSKI	0
QETTGSKQ	0
QGARASKR	0
QGATASNK	0
QGLRASTA	0
QGMAVSSI	0
QGNTASKK	0
QGRAASKK	0
QGTSASIK	0
QKATASKK	0
QKTSASKK	0
QKTTASDK	0
QLILAAKR	0
QLTTASKQ	0
QPTTASKI	0
QQPTASKK	0
QQTIASKK	0
QQTTASKV	0
QSPTASVI	0
QSSSGQIG	0
QVGEASKR	0
QVTPGSKK	0
RAANASYE	0
RATSASKI	0
RCTGASKK	0
RDLTASQT	0
RDSTASKI	0
RDTAASLK	0
RDTLASTK	0
REASASKL	0
REIAAPNK	0
RELTASKK	0
RENSGAKL	0
REPRASKK	0
REPRASKN	0
REPTASKL	0
REPTASKT	0
REPVASNG	0
RERTASRV	0
RESDASNK	0
RESGASKK	0
RESPASNK	0
RESTLSRN	0
RETAASDK	0
RETAASNQ	0
RETIASKP	0
RETIGSNN	0
RETIGTIS	0
RETSASQK	0
RETTASQE	0
RETTASYE	0
RETVASKT	0
RGATASKR	0
RGGTASKK	0
RGMAVSSI	0
RGQTPSIQ	0
RGSTAPKP	0
RGSTASNK	0
RGTSASNK	0
RGTTASEN	0
RGTTGSIK	0
RIATASKK	0
RLRTASQK	0
RPSSAAAQ	0
RPTAASKK	0
RPTTASNK	0
RQISASDR	0
RQSSASKK	0
RQSVAVDK	0
RQTAAPNK	0
RQTTASKN	0
RRATASKI	0
RRSAASYE	0
RVTTASKI	0
RVTTASKT	0
RVTTASYT	0
SEARASKK	0
SEPPASKK	0
SESTASIK	0
SETNGSTK	0
SETTASSK	0
SETTVSDQ	0
SGSTASKK	0
SGTSAEYQ	0
SKINAAIE	0
SPPLVAEK	0
SQAPGSKD	0
SVPSAPMQ	0
SVTKATNK	0
TAASASIN	0
TASAASRT	0
TASTASKE	0
TATIASKK	0
TATNASIE	0
TATTASKL	0
TATTASKT	0
TDRTTSYE	0
TDSTASRN	0
TDTTASRK	0
TDTTASTK	0
TEATASNK	0
TEDIASHD	0
TEPIASKK	0
TEPTASTK	0
TESAASEK	0
TESLAART	0
TESSASNK	0
TESTASDK	0
TESTSARL	0
TETAASKT	0
TETNASKT	0
TETPASRK	0
TETTASEQ	0
TETTASIR	0
TETTASNE	0
TETTASVQ	0
TETTGSKE	0
TETYSEKK	0
TGTTASEK	0
TGTTASKQ	0
TGTTATGK	0
TGTTGSKK	0
TGVTASYT	0
TQSTGSDE	0
TQTTASKE	0
TRTDAVKI	0
TTSTASAT	0
TVTTGSDK	0
VDVTASRQ	0
VGTSAEYK	0
WAIAGAKN	0
WDTSGSRY	0
WDTTGSEN	0
WESTASKK	0
WETSASKK	0
YEATASTK	0
YELTASKK	0
YESAASKK	0
YETTASKQ	0
YVTTASKT	0
YVTVASKK	0
AENSGAKK	0
AETNASKK	0
AHYNASTN	0
EALRASRH	0
EAPTASKK	0
EATAASKK	0
EDAPASKK	0
EDTTASNK	0
EECTASLE	0
EEPPASKK	0
EEPTASNK	0
EESSASEK	0
EESSASLK	0
EESSAVDM	0
EESTASNK	0
EESTASQK	0
EETNAADI	0
EETSGSTK	0
EETTASIE	0
EETTASKM	0
EETTASRT	0
EETTGSKE	0
EGTTASNK	0
EKTAASAK	0
ELTTPSES	0
EQTSAAKK	0
EVTTAAKK	0
GDTSASKK	0
GEATASEK	0
GESSASKK	0
GETTATSI	0
HATNPSKK	0
HDTTASKR	0
HEGPASNV	0
HESHASDK	0
HETAASKI	0
HETTASKS	0
HGSNASKK	0
HGTSGSRK	0
HHPTAAVR	0
HQAPGSKD	0
HQATASKK	0
HVTAASKK	0
HVTTASKQ	0
IDTTASTK	0
IEATDSKR	0
IEIAASKK	0
IETKASKI	0
IETSASKQ	0
IETSGSKK	0
IETTASKM	0
IGTTASNK	0
INSSASKK	0
IRASASYK	0
KAATASKT	0
KANTGPEK	0
KAPSASKK	0
KASNAAVK	0
KASPASKK	0
KASTASTK	0
KATIAAVK	0
KATSGAKK	0
KATTAPKK	0
KATTATKK	0
KDGNASED	0
KDGTGSKK	0
KDNIVSNK	0
KDPTASIK	0
KDPTASLK	0
KDPTASTK	0
KDSNASKK	0
KDSPASNN	0
KDSTASIK	0
KDTAASKL	0
KDTSASKT	0
KDTSGSIK	0
KDTTASMK	0
KDTTASNQ	0
KDTTASRI	0
KEAAASDT	0
KEAAASKL	0
KEAKASKK	0
KEAPASIK	0
KEATASEE	0
KEATASEN	0
KEATASLE	0
KEATASNQ	0
KEGPASKK	0
KEGSASTK	0
KEGTASNK	0
KEITASEI	0
KEKTASKQ	0
KELGAPKK	0
KENAASEI	0
KENTASQQ	0
KEPPASIK	0
KEPPASKQ	0
KERTASEK	0
KERTASVK	0
KESIASRL	0
KESNASKH	0
KESSASQK	0
KESSASSR	0
KESTASIQ	0
KESTASRT	0
KESTGAKM	0
KESTGAKV	0
KETAASEN	0
KETIASEK	0
KETKASKI	0
KETLASKN	0
KETNASQK	0
KETRASKE	0
KETSASAK	0
KETSASIN	0
KETSASNQ	0
KETSASVR	0
KETTAALK	0
KETTAAQK	0
KETTASAN	0
KETTASDN	0
KETTATET	0
KETTGSLK	0
KEVTAEKT	0
KEVTASAT	0
KGGTASKL	0
KGITAPEI	0
KGPCGSNR	0
KGPSVSQK	0
KGPTASKN	0
KGSAASNK	0
KGSNASIK	0
KGSTASEH	0
KGSTASQK	0
KGTPASEK	0
KGTTASAK	0
KGTTASHK	0
KGTTASIR	0
KKTTASEK	0
KPTNACVR	0
KQATASIK	0
KQSAASKK	0
KQSIASIT	0
KQSSGSKK	0
KQSTASVK	0
KQTAASRK	0
KQTFAAKT	0
KQTIATQT	0
KQTPASKE	0
KQTSAAYK	0
KQTSASYK	0
KQTTASYK	0
KRPTVSKI	0
KRSRASKK	0
KRTPASKK	0
KRTTASNQ	0
KSTTAAKK	0
KTPRASKK	0
KTSTASKS	0
KTTFAREN	0
KVKTASKK	0
KVRTASIK	0
KVSAGSNN	0
KVSIARCK	0
KVSTASTK	0
KVTIASKK	0
KVTPASTV	0
KVTSASNK	0
KVTTASET	0
KVTTASMT	0
KVTTASRE	0
KVTTASTN	0
LATTASNK	0
LDPRASTK	0
LDTSAAKK	0
LEAIASKK	0
LEARASKK	0
LEGMASKR	0
LEPAASKK	0
LETAASIK	0
LETNASKI	0
LETTSSGT	0
LGSTASKK	0
LGTSASDN	0
LGTTASEK	0
LPPRASIE	0
LRTNAQTK	0
LRTTASKK	0
METTASKT	0
METVASKK	0
MGATASIR	0
MPYSGSEI	0
MQVSAAKN	0
NATRASEK	0
NATTASQK	0
NDPKASLK	0
NDPTASKK	0
NDSTASRN	0
NEARASTK	0
NEATASKN	0
NEATASKT	0
NESTASRK	0
NETPASEK	0
NETSASKR	0
NETTASEN	0
NETTASGK	0
NETTASTE	0
NGANASQK	0
NGASATQK	0
NGSEAAVS	0
NQDTASKK	0
NQRTASVL	0
NVHNAERR	0
NVTKATNK	0
NVTTASNK	0
PARTATKK	0
PATTASEK	0
PDTTASVK	0
PEAPASKK	0
PEGTASVK	0
PEPNASKK	0
PESTATKS	0
PETSASEK	0
PETTASNI	0
PEVTASWA	0
PGATASGI	0
PGLTAPKK	0
PGTMASMK	0
PGTTASKN	0
PGTTASRT	0
PHGPGSKN	0
PRTDAVKI	0
QATTASTQ	0
QDTSGSKK	0
QEATGSKK	0
QEKTASKD	0
QENIGAEL	0
QENSASKK	0
QESAASDQ	0
QESTASKS	0
QESTASRE	0
QETAASYK	0
QETADSKK	0
QETIASEK	0
QETNASNA	0
QETRASLR	0
QETRASTK	0
QETSASIE	0
QETTASQQ	0
QETTGSQK	0
QGTNVEKK	0
QGTRAVKK	0
QGTTASET	0
QGTTASSR	0
QGTTASYK	0
QPTGGVKN	0
QPTIATKI	0
QQLTASEN	0
QQRAGSKQ	0
QQTPAAKK	0
QRATASKK	0
QRTPAAKK	0
QVASASKK	0
RAITGATN	0
RASTASKI	0
RATAASKN	0
RATTAAKK	0
RATTASSK	0
RATTASYE	0
RDATASIK	0
RDPDASKI	0
RDSTASNK	0
RDTSASIK	0
RDTTASEQ	0
RDTTATNK	0
REATASLK	0
RECTASYQ	0
REDTASKK	0
REGIASNT	0
REISASKK	0
REPAASTK	0
REPGASKK	0
REPSASNK	0
RESSASKN	0
RESSASNK	0
RESSASVK	0
RETAASLK	0
RETNAADK	0
RETNASKR	0
RETTASLQ	0
RETTASVR	0
RETTGSYK	0
RETVASKR	0
RGASASKK	0
RGPTAADK	0
RGPTAASV	0
RGTIASKK	0
RGTSGSYI	0
RGTSTSYT	0
RGTTASVK	0
RGTTGSKK	0
RGYTAPKK	0
RHTTASKK	0
RHTTASKN	0
RLRAAPNK	0
RQPTAPKN	0
RQSIGSKK	0
RQSTASIE	0
RQTAASKR	0
RQTTASIK	0
RQTTASKI	0
RQTTGSKK	0
RQVSAAKK	0
RRTPGSDK	0
RRTSASKK	0
RSTTASKK	0
RVPIASIK	0
RVPNASRR	0
SASTASKK	0
SDPTASKK	0
SDSTPSNK	0
SEATASIK	0
SENTASKK	0
SESTASKQ	0
SESTATKL	0
SETGASKK	0
SETSASQK	0
TATTASKE	0
TDTTASKL	0
TEGTASKK	0
TENSASKK	0
TEPGGSVK	0
TEPTASKN	0
TESCASKI	0
TESIATIR	0
TESTATNR	0
TETAGSNK	0
TETIASQN	0
TETTASEN	0
TETTASMK	0
TETTASRE	0
TGPPASKK	0
THTGASKK	0
TNIPAPRK	0
TQPTASKK	0
TTTTACVK	0
TVTTASKT	0
TYGTASKK	0
VELAASRE	0
VESTDAKN	0
VETTASVK	0
VQSGASGK	0
WEPIASTK	0
WVTTASKK	0
YETTATSI	0
AEPIASDR	0
AETRASKK	0
AETTASVK	0
AGSSAAET	0
AVTTASLK	0
CDSTDSQK	0
CESTASKK	0
CETPASKK	0
DATTASKK	0
DDSTRATV	0
DDTTASKK	0
DESAASKK	0
DETTASKL	0
DQRTAGKK	0
DQTSAAKR	0
DQYTAQKD	0
DRPTASER	0
EAPIASNI	0
EAPTASEK	0
EAPTASNN	0
EASSASKK	0
EATIAPNL	0
EATTASKQ	0
EDPGVSKA	0
EDTTASQT	0
EDTTGSKK	0
EEAPASKK	0
EEATASKN	0
EESCASKI	0
EESTASTK	0
EETTASKS	0
EGTNASKK	0
EGTSGSKK	0
EGTTASIK	0
EKTTASQR	0
EQTSPAKN	0
EVPTASKK	0
EVTSASKK	0
FATIAAKS	0
FRPTGSQK	0
FYTGDGNT	0
GESSAAEQ	0
GETGASKK	0
GETTAAKK	0
GETTGSAN	0
GGTNASKK	0
HATTASQK	0
HDTAASKK	0
HEASASKK	0
HEAWASKI	0
HEPTASVK	0
HESTAAKQ	0
HETAASIK	0
HETAASKR	0
HETSGTKK	0
HLTTAPEI	0
HPCTAPEK	0
HPTTASKK	0
IATTASYK	0
IDTTASNK	0
IDTTASQK	0
IEATASNK	0
IELAASKR	0
IEPTASEI	0
IESSAVDM	0
IESTASKL	0
IESTASVK	0
IESTATKS	0
IETSASKN	0
IETSASKR	0
IETSASQK	0
IETSDAHI	0
IETTASSK	0
IGATASNK	0
IGATASTT	0
IGRTDSTQ	0
IQSAVVKK	0
IQTSAAKK	0
IQTTVPHH	0
IVTSASKK	0
KAASGSKK	0
KAATASTK	0
KAPTGSKK	0
KARTASNK	0
KASTASKE	0
KATAASKT	0
KATAASLK	0
KATGASKK	0
KATIASNK	0
KATKASKK	0
KATSASKT	0
KATTASEG	0
KATTASHK	0
KATTASKH	0
KDGYGSLK	0
KDIAASKK	0
KDPAGSTW	0
KDRRASKT	0
KDSTASEK	0
KDSTASKT	0
KDTAASYK	0
KDTLASKK	0
KDTPASRK	0
KDTSAAKK	0
KDTSASKI	0
KDTYAPRK	0
KEAAASEI	0
KEAAASRK	0
KEAIASNK	0
KEAIGSNK	0
KEAPASKI	0
KEAPASNN	0
KEAPGSKK	0
KEASASDT	0
KEASASQK	0
KEATASAI	0
KEATASKM	0
KEDPGSQR	0
KEDTASNK	0
KEGIGSRK	0
KEGTASVK	0
KEIPASYK	0
KEISASNK	0
KENPGSKR	0
KEPIASIK	0
KEPIASKN	0
KEPKASMR	0
KEPPASKN	0
KEPPGSKK	0
KEPRASKK	0
KEPSASKI	0
KEPSVSVE	0
KEPTASEI	0
KEPTASIE	0
KEPTASNN	0
KEPTGSIQ	0
KERHAAKA	0
KERTASKN	0
KERTVSTI	0
KESAAATK	0
KESAASKE	0
KESNASIK	0
KESPASKQ	0
KESSASIE	0
KESTAARK	0
KESTASKY	0
KESTGALK	0
KESTGSKN	0
KETAASHK	0
KETAASRN	0
KETAASTN	0
KETHASNK	0
KETKASIK	0
KETNARIR	0
KETPASNQ	0
KETPASTI	0
KETPATKK	0
KETPVSKK	0
KETSAAIN	0
KETSASGT	0
KETSGSRK	0
KETTAPTQ	0
KETTASAE	0
KETTASAI	0
KETTASEV	0
KETTASGR	0
KETTASGT	0
KETTASMT	0
KETTASRV	0
KETTASVL	0
KETTPSQT	0
KETTSSIK	0
KEVRASNN	0
KGAAASKQ	0
KGDTASKK	0
KGPTASCK	0
KGPTASLK	0
KGSSASKN	0
KGSTASIQ	0
KGSTASYK	0
KGTAASHK	0
KGTLASKK	0
KGTLASYK	0
KGTPASNN	0
KGTSASKR	0
KGTSASKT	0
KGTTASKH	0
KGTTGSNK	0
KKTTASKQ	0
KKVDASQH	0
KLAAASKK	0
KLGTGSRK	0
KNSSASKL	0
KPATAAER	0
KPGPESKI	0
KPSAASHK	0
KPTTASHK	0
KQAPASEK	0
KQASASRK	0
KQATAANK	0
KQATASVK	0
KQATGSKK	0
KQLTASKK	0
KQRTASKK	0
KQTAASKT	0
KQTAGSKK	0
KQTSASTK	0
KQTTASIE	0
KQVSASKK	0
KRSSASKK	0
KSTTASEN	0
KTATASKK	0
KVAGASKK	0
KVATASEK	0
KVNTASHK	0
KVPTASEE	0
KVSTASRK	0
KVTIASSV	0
KVTSASTN	0
KVTTASDK	0
KVTTATKK	0
KWTHASKK	0
LANTCQNV	0
LATTGSKK	0
LDTTASIK	0
LEAPASKK	0
LENAASSN	0
LETTDAEK	0
LETTGAKI	0
LQDTASKK	0
LQTAASKK	0
LQTTASIQ	0
MEGSASLK	0
MENTASKI	0
MERSASQK	0
MESSASKK	0
METRASKK	0
METTASRK	0
METTASTK	0
MQVSAAKS	0
NATTGSSM	0
NDAAASKK	0
NDTLASLE	0
NEASASNK	0
NENTASEK	0
NEPAASKS	0
NESSAVDM	0
NESTASEK	0
NETAASEK	0
NETAASTK	0
NETAASVQ	0
NETIASGK	0
NETNAAHK	0
NETPASIK	0
NETPASKT	0
NETSASKT	0
NETSASQK	0
NETTASIE	0
NETTASNE	0
NETTASNR	0
NETTDSRK	0
NGAPASKK	0
NGSAASKK	0
NGTRASKK	0
NHTRASKK	0
NKTTASNK	0
NPTGGVKK	0
NQPTASKK	0
NQTDASVR	0
NQTTASRK	0
NQTTGSKK	0
NRTTVAVK	0
PAPTASKK	0
PATTASHE	0
PATTASKN	0
PEATASIK	0
PEATASKQ	0
PESIASKK	0
PESTASRN	0
PETLASKK	0
PETSASHK	0
PETSASQK	0
PETSASSY	0
PETTASLV	0
PETTASRR	0
PGPTSSKM	0
PGSAASKK	0
PGSSASKK	0
PLTPASVK	0
PQTTASKN	0
PQTTGSKK	0
PRTTAPNK	0
PRTTASKK	0
PTATVEKK	0
PVPTAAES	0
QAMTGCQE	0
QANSAPQK	0
QASSASRS	0
QASTASIE	0
QATAASNK	0
QATRASRK	0
QATSASHK	0
QATSASTK	0
QATSGSII	0
QDLRAANK	0
QDRFASQP	0
QDTRGSER	0
QDTSAPKK	0
QEAPGSKK	0
QEATASKR	0
QEPPASKR	0
QEPTASKQ	0
QEPTASRK	0
QEPTDSKK	0
QEPTGSNK	0
QESPASEK	0
QESTASLK	0
QESTASYG	0
QETAASKE	0
QETAASQK	0
QETAASVK	0
QETIASKT	0
QETIGTKK	0
QETNASKQ	0
QETPAVKK	0
QETSASDK	0
QETTASEL	0
QETTASNV	0
QETTASSQ	0
QETTASTI	0
QETTATKR	0
QETTGSKL	0
QGAAASKK	0
QGAPASKK	0
QGPTAADK	0
QGQTASRK	0
QGSTASKL	0
QGSTATKK	0
QGTKASQN	0
QGTTASLE	0
QKRSASRK	0
QKTAASKK	0
QKTAASLK	0
QNTTASKK	0
QPTSAWNK	0
QQAARSDK	0
QQHAAYMS	0
QQSVAVDK	0
QQTAASVD	0
QQTSVPTT	0
QQTTASKE	0
QRASAPKK	0
QVANASNQ	0
QVPTASKG	0
QVTTAAKK	0
QVTTASTK	0
QWPTASKK	0
QYTAASYG	0
RAGSGSTK	0
RAISASKK	0
RASSRSKV	0
RATAASNK	0
RATHASKK	0
RATTASAK	0
RDPSASKK	0
RDTAASKN	0
RDTAASNK	0
RDTTAART	0
RDTTASYK	0
RDVNASLK	0
REAAASTI	0
REANASKK	0
REASASTK	0
REASGSKK	0
REGSASKK	0
REISGSKK	0
REPAASKL	0
REPTASGD	0
REPTASTR	0
RERTGSKK	0
RESAASKR	0
RESSASQK	0
RESSASTK	0
RETAASSK	0
RETIASKI	0
RETMASKK	0
RETPASKI	0
RETPASKQ	0
RETPASQK	0
RETRASNK	0
RETSASRE	0
RETTAAGQ	0
RETTAAKR	0
RETTASDQ	0
RETTASKY	0
RETTASLT	0
RETTASTD	0
RETTASYR	0
RETTGSEK	0
RGPAASKK	0
RGSSASKK	0
RGSTASYK	0
RKTVASTK	0
RLGRASSM	0
RLSTASQK	0
RPPTASKK	0
RPTPASKK	0
RQCRASKK	0
RQLTASEN	0
RQMGASKQ	0
RTTTASKK	0
RVITALKI	0
RVKTGSYI	0
SDTTASVK	0
SEPTASVI	0
SESTASTK	0
SETSASKQ	0
SETSASRK	0
SETTASIQ	0
SGTSAEKR	0
SGTSAEYI	0
SGTVASTK	0
SNTKASKK	0
SQTTAAKK	0
TAAVGSKL	0
TATAASKN	0
TEATAAEE	0
TEKTASKD	0
TENMASKR	0
TETKASKK	0
TETNASNK	0
TETPASKL	0
TETSASNT	0
TETTASKV	0
TETTASTN	0
TETTVSKD	0
TEVAASTK	0
TGSTASKI	0
TGTIASKK	0
TGTPASTN	0
TKITASIK	0
TKNSGSKR	0
TLLTAMNK	0
TPPAASIN	0
TQIIAAKI	0
TQMISPCK	0
TQSAVVKK	0
TQTAASHK	0
TQTTASKN	0
TQTTASKQ	0
TQTTASKR	0
TQTTASNK	0
TRATSSIK	0
TSAIASQR	0
TSTTALET	0
TVPTASKK	0
TVPTASNT	0
TVTKASIK	0
VEPTGSKI	0
VKSTAPNR	0
VQAIAGLQ	0
VQTSAAKR	0
WETTAAKL	0
WETTASKL	0
WNIPAPKK	0
WQPPASLK	0
YEAAASNK	0
YETPASTK	0
YETTASKT	0
YLPAARSG	0
YVTNASEI	0
AATDASKK	0
AETAASKL	0
CEILGTIK	0
DATPASKN	0
DATRASKK	0
DEPSASAI	0
DETNASKK	0
DETTASKR	0
EATTASEK	0
EATTASQK	0
EDTAAAKK	0
EDTSASFR	0
EEATASIK	0
EEATASTK	0
EEPPASKQ	0
EEPTASGK	0
EEPTASIK	0
EEQAASKM	0
EESSASYK	0
EETIASSK	0
EETPGSKK	0
EETSASKT	0
EETSGSKR	0
EETTASNQ	0
EETTASNT	0
EETTASYN	0
EGTRASKK	0
EGTTASKI	0
EGTTASKL	0
EGTTASKQ	0
EGTTASRK	0
EKITASIK	0
EQTTASKR	0
EVPRASNR	0
GDNTASKK	0
GDSTAWKK	0
GEPTGSKK	0
GETDASKK	0
GETSASNK	0
HAATGSIQ	0
HATAASKK	0
HATTASEK	0
HDPSASEN	0
HEPTGSKK	0
HETSASIK	0
HETSASKT	0
HETTATKK	0
HRPTASMG	0
IAAVGSKL	0
IATTASKR	0
IDTTASRK	0
IEATASTK	0
IELAASKL	0
IEPTGSKK	0
IGTTAAKQ	0
IITAASRI	0
IITTAAKK	0
IRTSASKR	0
IVTAASKK	0
KAAIGTKK	0
KAATASQK	0
KAIAASKK	0
KAITASKK	0
KAPPASKK	0
KATDASKK	0
KATNASNK	0
KATTAAKI	0
KATTASQT	0
KATTDSKK	0
KATTGSRN	0
KDATGSKK	0
KDNSASKK	0
KDPAASKI	0
KDPNASTK	0
KDPSASEK	0
KDSSASTG	0
KDSTATKK	0
KDTAACIK	0
KDTTAANK	0
KDTTASAL	0
KDTTASKV	0
KDTTASRN	0
KDTTGAIK	0
KDTTGSNK	0
KEADASKI	0
KEAIGSKK	0
KEANASKQ	0
KEASASTE	0
KEASGSKR	0
KEATASGT	0
KEATASIR	0
KEATASRN	0
KEATGSRK	0
KEATSSYR	0
KEATVSKK	0
KEGTASIK	0
KEGTASRK	0
KEINASKK	0
KEITASIK	0
KEITASKQ	0
KELTASLK	0
KEMAASAK	0
KENTASKT	0
KEPLASKT	0
KEPNASKI	0
KEPTSEQN	0
KERIAVTK	0
KESAASMK	0
KESAASRR	0
KESSASHI	0
KESSASIQ	0
KESSASKE	0
KESTASNE	0
KESTASRI	0
KESTASRV	0
KESTGAGK	0
KESTGAVK	0
KESTGSKI	0
KESTGSRK	0
KETAAAMN	0
KETAASNI	0
KETAASQN	0
KETASSIK	0
KETGASKQ	0
KETIAAEK	0
KETIAAKT	0
KETIAPKK	0
KETIASNR	0
KETKASNK	0
KETLASKQ	0
KETLGSKK	0
KETNASNN	0
KETPASKV	0
KETPASRI	0
KETRGSLK	0
KETRGSRK	0
KETSAPTK	0
KETSASNS	0
KETSGSKN	0
KETSGSKQ	0
KETSPSKK	0
KETSSSKK	0
KETTAPGE	0
KETTASNG	0
KEVTASRK	0
KGATASKR	0
KGCTASKK	0
KGPIASNH	0
KGPSASET	0
KGSNASKK	0
KGSTASAK	0
KGTAASLK	0
KGTGGSKK	0
KGTSASRK	0
KGTSASVK	0
KGTSDSQK	0
KGTTASIQ	0
KGTTASMK	0
KHTTAAKK	0
KKTSGAKK	0
KLGSASDK	0
KNTTASAR	0
KPKSASNN	0
KPPTASKK	0
KPRASSNK	0
KPTGAKAT	0
KQANASKK	0
KQITAAKK	0
KQPPASKK	0
KQSTASNK	0
KQTAASKL	0
KQTSASKL	0
KQTTASIT	0
KQTTDSKK	0
KRKTASSR	0
KRTTPSKS	0
KSSHASSE	0
KVARASKK	0
KVAWGVKK	0
KVTAGSAS	0
KVTPASKI	0
KVTSASKN	0
KVTSASKR	0
KVTTASEI	0
KVTTASKG	0
KVTTASQE	0
KVTTASSE	0
KVTTASTE	0
KYTTASKK	0
LATTASKT	0
LDAIGSKL	0
LDTEASKK	0
LEPTASQK	0
LESIASRK	0
LESTAAKL	0
LESTASKM	0
LETFAEVT	0
LETSASYV	0
LGSTASQA	0
LVTKATNK	0
MASSVTKI	0
METTASLK	0
MHCAGSQK	0
MQTTAAKK	0
NDTAASKT	0
NDTGASKN	0
NDVAAAVR	0
NEAAASKK	0
NEASASTK	0
NESRASKK	0
NESTASQK	0
NESTGSKR	0
NETPASKL	0
NETTAARK	0
NETTASRN	0
NGTNGSIK	0
NHTIASDK	0
NNSSASKK	0
NPSNASKQ	0
NQTSASLK	0
NTSTASAT	0
PACSDSKT	0
PATPATKK	0
PATSASKQ	0
PATTASIK	0
PATTASKI	0
PATTASQK	0
PATTASTK	0
PDTTASEK	0
PDVAAAVR	0
PEPTASKQ	0
PESTASKT	0
PESTATKK	0
PESTGSKR	0
PETIAAKL	0
PETIASKL	0
PETNGSKK	0
PETSGSKK	0
PETTASIE	0
PETTASNN	0
PETTASRT	0
PGTNASKK	0
PGTPASYK	0
PGTTASKL	0
PGTTASKR	0
PGTTASLK	0
PGTTGSKK	0
PQTPASKK	0
PQTTASTK	0
PSTTALET	0
PVATASDK	0
PVSTASKK	0
QAGCAEDK	0
QASTASKE	0
QATSASNK	0
QATTASKC	0
QATTASQE	0
QDATASTK	0
QDNAASYP	0
QDTTASQK	0
QDTTESSM	0
QEHTASKK	0
QEPRASIK	0
QEPTASKN	0
QERTGSKK	0
QESAASKN	0
QESAASTT	0
QESGASKK	0
QESSASKQ	0
QESSASRK	0
QESSASVK	0
QESTASGK	0
QESTASRN	0
QESTASSK	0
QESTGSKQ	0
QETAAPQK	0
QETAASKS	0
QETGASLK	0
QETHASKK	0
QETHASTK	0
QETLASKI	0
QETNASKR	0
QETPASDK	0
QETRASIK	0
QETSASMK	0
QETTAPTE	0
QETTASIT	0
QETTASLT	0
QETTGAKK	0
QETTGSEK	0
QETTGSKT	0
QETTGTKK	0
QGANASIK	0
QGASASTT	0
QGPTASRQ	0
QGSTASQP	0
QGTSASRK	0
QHSPRSES	0
QMNIAAKL	0
QNASASKL	0
QPTSASKK	0
QQETAVKL	0
QQTSASRL	0
QVAAASKK	0
QVTPASPK	0
QVTTASLK	0
RAAAASKK	0
RAATPSKK	0
RASSASRS	0
RATGASRR	0
RATTATNK	0
RDNTASKK	0
RDSAGSGK	0
RDTNASKK	0
RENTASNK	0
RERTASRK	0
RESSASEK	0
RESTAPKK	0
RESTASEN	0
RESTASTR	0
RETAASRI	0
RETAASTT	0
RETIASIK	0
RETIGSKQ	0
RETNASKT	0
RETPASKL	0
RETPASTT	0
RETPASYK	0
RETPATKK	0
RETSASQR	0
RETTAAKS	0
RETTAPIK	0
RETTASAI	0
RETTDSIK	0
RETVASEK	0
RETVASKE	0
RGPPASKK	0
RGPPASKQ	0
RGRTASKK	0
RGSAASKK	0
RGTSGSEN	0
RGTTASEL	0
RGTTASSK	0
RKSSASML	0
RLSTASKK	0
RLTWAAQN	0
RPRSASIK	0
RPTSASKK	0
RQSTAVIT	0
RQTAASAK	0
RQTCASRK	0
RQTSASTK	0
RQTTASRK	0
RQVTASNI	0
RVATAAKK	0
RVRIGSKK	0
RVSAASKK	0
RWPTAEKD	0
SDATASKL	0
SDTPACKK	0
SDTTASVS	0
SDTTGSKK	0
SEATASNK	0
SESPASKK	0
SESTAAKQ	0
SETNAADI	0
SETSGSIK	0
SGTPASKK	0
SGTSAEKN	0
SGTSAEYR	0
SRPPGSQT	0
TAAGASES	0
TASTASIK	0
TATIAETW	0
TATSASQA	0
TATTASKN	0
TATTASKQ	0
TATTASKR	0
TDAAASKK	0
TDTTAAKK	0
TDTTASKS	0
TEMAASSK	0
TEPTASRS	0
TEPTASVL	0
TESNASKK	0
TESNESKK	0
TESRASLK	0
TESTASKL	0
TETAASIN	0
TETNASKN	0
TETPASVK	0
TETTASAK	0
TETTASEE	0
TETTASSQ	0
TGLTAAKK	0
TGSRPAKQ	0
TGTTAAKK	0
TGTTASRK	0
TLTTASKK	0
TQTLACKD	0
TQTTASIK	0
TQTYASKK	0
TRSAASYE	0
TRTTASKL	0
TSAAAAYT	0
TTSPASTK	0
TVSTASEE	0
TVTRASKI	0
TVTTASKL	0
TVTTASLK	0
TVTTASRK	0
TVTTSSKK	0
VETNASKK	0
VQTAASKK	0
WEMPGSRI	0
YEATSSGS	0
YGATPSYT	0
YQCTRSLK	0
AETTASEK	0
AETVASKK	0
AQTTASKK	0
AYTIAANK	0
CESTGAKL	0
CQTTASEK	0
CVCTAAKT	0
DDTTAAKR	0
DETTASIK	0
DETTASKQ	0
DGIAASKE	0
DQTTASKK	0
DRPVASKN	0
EAAVGSKL	0
EATPASKI	0
EATTASKL	0
EDSTASKN	0
EDTPGSHN	0
EDTTASIK	0
EEATASKL	0
EEPMACRI	0
EEPTASRK	0
EESSASKG	0
EESTASKQ	0
EETIGSKK	0
EETSAANK	0
EETSASVK	0
EETTASIQ	0
EETTASKD	0
EETTASKV	0
EETTASTT	0
EGIVAAYK	0
EGPTSSKM	0
EGSTASKI	0
EGTTASEI	0
EGTTASEK	0
EGTTASKT	0
EGTTASRT	0
EGTTATGK	0
EGTTGSIK	0
EHTTASTV	0
ELTKAYLK	0
EPAITAET	0
EPPAASKK	0
EPSNARQR	0
EQQTDSRK	0
EQTPASQQ	0
ERTAASKQ	0
ERTNAQTK	0
ETAPASIK	0
EVPTALEN	0
EVSGASTK	0
EVSIAAKA	0
GATAASKK	0
GCPAASKK	0
GDATASKK	0
GEAAASIK	0
GEAAASNK	0
GENAASKH	0
GESTASKR	0
GESTASTK	0
GETNGAKL	0
GETPASTK	0
GETTDSKK	0
GGTSATKK	0
GLNGASGT	0
GPTNADKI	0
HAPPASNK	0
HATSASKK	0
HDAPASKK	0
HDRSASYN	0
HEARASKK	0
HEATASTK	0
HEPSCSKM	0
HESSASIK	0
HETSASRK	0
HETTASIE	0
HETTASYK	0
HGTIASIR	0
HGTTRSDQ	0
HHTAASKT	0
HLPAASKT	0
HPSTGSHT	0
HVMTASNK	0
IATIASKK	0
IATTASKL	0
IATTASLE	0
IATTASRK	0
IDAPASKK	0
IDASASER	0
IDPAASTR	0
IDTTDSKT	0
IEATASTN	0
IEPPASKK	0
IEPSASNR	0
IESSDANN	0
IESTASKQ	0
IESTGAKK	0
IESTGSKR	0
IETDASKV	0
IETKASKK	0
IETSASEK	0
IETSASKD	0
IETTASDK	0
IETTASEI	0
IETTASIE	0
IGSTASKI	0
IGTAASKK	0
IGTIASNK	0
IGTTASEK	0
IKRTASKT	0
ILAIGGKK	0
IPMAAAIK	0
IPTTASKN	0
IVNTAPIK	0
IVSAATNK	0
IVSSASKK	0
IVTAASKE	0
IVTTASIR	0
IYICAEKK	0
KAATASKE	0
KAATASKQ	0
KADTASKP	0
KAHSDSIE	0
KAIAASQV	0
KANSASKK	0
KAPAASYA	0
KAPSASNK	0
KAPTASHT	0
KAPTASKN	0
KARDGSNK	0
KARFGSKT	0
KARLASRL	0
KASTASEK	0
KASTASKT	0
KASTASVK	0
KASTPSKI	0
KATAASEI	0
KATAASQK	0
KATAGSKK	0
KATGGSKI	0
KATIAAQK	0
KATIASIK	0
KATIASTK	0
KATNASKI	0
KATTAANK	0
KATTASKD	0
KATTASKV	0
KATTASNN	0
KATTASQR	0
KATTASRE	0
KATTASTN	0
KATTASTR	0
KATTLADK	0
KAVAASKK	0
KDALAEKK	0
KDAPASNK	0
KDAPGSEP	0
KDATASKR	0
KDITASGK	0
KDMRSSKK	0
KDPLASKK	0
KDPTASER	0
KDPTASKQ	0
KDPTASQT	0
KDRSASTK	0
KDRTASGR	0
KDSAASIK	0
KDSPASIK	0
KDSPASTK	0
KDSTASHS	0
KDSTASKN	0
KDSTGSKQ	0
KDTAASTK	0
KDTAGSIG	0
KDTPASEN	0
KDTPASKN	0
KDTPASKR	0
KDTSVSRK	0
KDTTAPYT	0
KDTTASLR	0
KDTTASTT	0
KDTTATNR	0
KDTTDSKE	0
KDTTGSIK	0
KDTTGSKN	0
KDTTRSKK	0
KEAAASVK	0
KEAAASYK	0
KEAIASKN	0
KEAMRSQE	0
KEANAAKK	0
KEASASGK	0
KEASASYD	0
KEASESKN	0
KEASNSDI	0
KEATASMK	0
KEATASQT	0
KEATASTT	0
KEAVASKK	0
KECAASII	0
KEDSASLL	0
KEGAGSKK	0
KEGFAEKK	0
KEGSGSKK	0
KEGTGSKQ	0
KEIAASKE	0
KEIEASHK	0
KEIPASKT	0
KEITAAIK	0
KEITASKI	0
KEITASTK	0
KELSASYK	0
KENHASEE	0
KENMASCI	0
KENPGAKK	0
KENSASIK	0
KENTASKI	0
KENTASLQ	0
KENTASQK	0
KENTASTE	0
KENTASTG	0
KENTGSYQ	0
KEPAASGK	0
KEPAASTK	0
KEPPASRK	0
KEPSASKT	0
KEPSASRN	0
KEPTASNQ	0
KEPTGSLE	0
KEPTGSRE	0
KERSASVK	0
KERTASIQ	0
KERTATKQ	0
KESAASKI	0
KESIASKR	0
KESIASQK	0
KESKASER	0
KESNASKT	0
KESPASKT	0
KESRASKT	0
KESSAALK	0
KESSASEN	0
KESTASQT	0
KESTASTI	0
KESTASTL	0
KESTGADK	0
KESTGANN	0
KETAASHT	0
KETAASIN	0
KETAASKM	0
KETAASNR	0
KETAASRR	0
KETAGSKI	0
KETAGSRK	0
KETASSEK	0
KETDASEE	0
KETGASIK	0
KETGASKR	0
KETIAATK	0
KETIASDK	0
KETKASES	0
KETLASKT	0
KETMASKK	0
KETNGSIK	0
KETPASKD	0
KETPASRT	0
KETPGSIK	0
KETSASET	0
KETSASLR	0
KETSASLT	0
KETSASRR	0
KETSASSI	0
KETSASTI	0
KETSASTQ	0
KETSASTT	0
KETSASVI	0
KETSGSEK	0
KETSGSNK	0
KETSGSNT	0
KETSGSTK	0
KETTAAYK	0
KETTASHE	0
KETTASSR	0
KETTASWK	0
KETTDSKR	0
KETTGSEN	0
KETTVSYK	0
KETYESYK	0
KEVTASKN	0
KEVTASKR	0
KEVTASNK	0
KEYTAATK	0
KGAAAPYT	0
KGAGASKI	0
KGASASIK	0
KGATASQK	0
KGATASYK	0
KGATDSKK	0
KGATGSKK	0
KGGLASKD	0
KGIAASQQ	0
KGPAASTN	0
KGPTAPEK	0
KGPTASKI	0
KGSAASTK	0
KGTAASKS	0
KGTAASYK	0
KGTPASKI	0
KGTPASQK	0
KGTSASSK	0
KGTSASYK	0
KGTSGSYK	0
KGTTASGI	0
KGTTASNI	0
KGTTASRT	0
KGTTASTN	0
KGTTASTR	0
KGTTGSKE	0
KHSTASKK	0
KHTNASKQ	0
KHTPGSRI	0
KKASASKK	0
KKATASLK	0
KKTRASKK	0
KKTTASKN	0
KLATASTI	0
KLSTASKK	0
KLTAASKQ	0
KLTTAAEE	0
KLTTTAKR	0
KPANASHR	0
KPPTASLK	0
KPSTAAKK	0
KPSTASLH	0
KPTTASMK	0
KPTTASNT	0
KQAAASKK	0
KQATLASE	0
KQDRASRK	0
KQGAASIR	0
KQGTASKT	0
KQGTVTQL	0
KQIAQSVN	0
KQIPAKIK	0
KQIRVQVT	0
KQPSASNK	0
KQPTAPTN	0
KQPTASNR	0
KQPTASRK	0
KQSTASKN	0
KQTAASKI	0
KQTPASKL	0
KQTPASYK	0
KQTSAAQK	0
KQTSASLK	0
KQTSGSIK	0
KQTTAAKS	0
KQTTAFKH	0
KQTTASSK	0
KQTTGSKR	0
KQTTVSKT	0
KRTDAVKK	0
KRTPSAKN	0
KRTTAAKY	0
KRTTASKN	0
KRTTASTK	0
KRTTGEKV	0
KSAPASNT	0
KSTEASKK	0
KSTSATKV	0
KTTEASKI	0
KVAPASIK	0
KVIAASNE	0
KVIAASSK	0
KVITASKK	0
KVKTASKR	0
KVNDCASP	0
KVNSASEK	0
KVPPASKK	0
KVPTALEK	0
KVPTASNK	0
KVSAASKP	0
KVSTASKL	0
KVSTASNK	0
KVSTASTI	0
KVTAASEI	0
KVTAASKR	0
KVTAASQT	0
KVTRAAKV	0
KVTSASRK	0
KVTSGSKK	0
KVTTASEQ	0
KVTTASRR	0
LASSASKK	0
LDRTASKK	0
LDVAAAVR	0
LEPSASKK	0
LEPTASKT	0
LESSASIK	0
LESTAAKQ	0
LESTASKE	0
LESTASKT	0
LESTGSKK	0
LETAASEI	0
LETSASKE	0
LETSASTK	0
LETSASVK	0
LETTASGK	0
LGPTGSKT	0
LKNSGSKR	0
LLAGATQK	0
LPRTASQK	0
LQTAASPL	0
LQTTASKR	0
LRTTASYH	0
LVHAAPSK	0
MANAASMK	0
MEPTASKK	0
MERTASIT	0
MESAASKQ	0
MESSAVDM	0
METDASKK	0
METTASKI	0
METTASKQ	0
METTASRL	0
MQVSAAKT	0
MQVSAAQK	0
NAASASKE	0
NATAASKN	0
NATKASRT	0
NATPASKK	0
NATTASKQ	0
NATTASKT	0
NATTASRK	0
NATTASYN	0
NDAPASKK	0
NDATASKT	0
NDTLAAKK	0
NDTRASKK	0
NEAAASKT	0
NEAPASKK	0
NEATAAKK	0
NEATASMI	0
NEAVPSFK	0
NEGPCSKQ	0
NELTASKK	0
NESNCSIK	0
NESRASGI	0
NESRASLK	0
NESSASKR	0
NESSASNK	0
NETAASKN	0
NETEASKN	0
NETIASYK	0
NETIGAYE	0
NETPASKQ	0
NETPATKK	0
NETSASKN	0
NETSASTK	0
NETTAPKK	0
NETTASAK	0
NETTASEI	0
NETTASKH	0
NETTASLE	0
NETTASRQ	0
NETTASSL	0
NETTGSGK	0
NGPTSSKM	0
NGRIASYT	0
NGRRNSRQ	0
NGTTASEK	0
NGTTASQK	0
NGTTASRK	0
NGTTASTK	0
NKGVSSHT	0
NPRAASEK	0
NPSSAPKN	0
NQACASKK	0
NQATASKK	0
NQDTASII	0
NQPTASKE	0
NQTTASEE	0
NQTTASKR	0
NQTTASNK	0
NRTPASKK	0
NRTTASYH	0
NSPTAGIK	0
NVPSAPMQ	0
NVPTAGNK	0
NVPTASKK	0
PAAVGSKL	0
PATTASYN	0
PDAPASKK	0
PDRPSSSK	0
PDTPASKK	0
PDTTASKI	0
PEASASDD	0
PEASASNK	0
PEGTGSKK	0
PEPGASKK	0
PEPIASKK	0
PEPNPSHE	0
PEPPASKK	0
PEPTASMK	0
PEPTASRK	0
PESTAAKK	0
PESTASKM	0
PESTASKN	0
PETPASIK	0
PETRFAMV	0
PETSASSK	0
PETTASMK	0
PETTASNT	0
PETTAVKK	0
PETTGARI	0
PETTGSKE	0
PGAPASSK	0
PGPPASKK	0
PGPRASTK	0
PGSRPAKQ	0
PGTNASAM	0
PGTSASEK	0
PGTSESKK	0
PGTTATGK	0
PGTTGSIK	0
PHTAAVRK	0
PKTTASNK	0
PLTWAAQK	0
PPASASKK	0
PPATASKK	0
PPATASKN	0
PQSVAVDK	0
PQTSAAKK	0
PRATASKI	0
PVTPASKK	0
PVTTASEK	0
PVTTASTK	0
QAASGSNK	0
QASNASIE	0
QATAASYQ	0
QATTASDK	0
QATTASRN	0
QATTASSK	0
QDATASIK	0
QDATASKL	0
QDATASKN	0
QDLTGSKK	0
QDPTASGQ	0
QDSPVSEV	0
QDSTASIK	0
QDTSPSKL	0
QEAGASKK	0
QEANASIK	0
QEASASLK	0
QEATASKS	0
QEGSASNK	0
QEHFASIV	0
QEIAAPHT	0
QEISASKK	0
QENAASKK	0
QENPASKK	0
QENTASIE	0
QEPAASRK	0
QEQSASKT	0
QERTASTK	0
QESAASKQ	0
QESAASRK	0
QESIASQN	0
QESKGPRN	0
QESSASEK	0
QESSATKK	0
QESTAAIK	0
QESTASHK	0
QETGGSKK	0
QETIASEH	0
QETIASIK	0
QETIASTQ	0
QETMASKK	0
QETNASEI	0
QETNASKN	0
QETPAAIP	0
QETPASIK	0
QETPASKE	0
QETPASVK	0
QETRASRK	0
QETSASEI	0
QETSASEQ	0
QETSASKS	0
QETSASQR	0
QETSASRI	0
QETTAAKS	0
QETTARNR	0
QETTASHT	0
QETTASKP	0
QETTASSN	0
QETTASTQ	0
QETTCSKR	0
QETTDSQR	0
QETTDSTK	0
QETTGSRK	0
QETTRSKK	0
QGATASYD	0
QGDTASKT	0
QGTAASKL	0
QGTNASKK	0
QGTRAGKN	0
QGTSAAKK	0
QGTSGSKK	0
QGTTASIR	0
QGTTASMK	0
QHTTASKK	0
QIDGGAKT	0
QITAAPRT	0
QITAASKL	0
QKTSARTK	0
QKTTASKT	0
QLTKVELK	0
QPRCASKE	0
QPTNASKI	0
QPTSVPRK	0
QQGSSAQI	0
QQGTGSNK	0
QQRTASKK	0
QQTAASWK	0
QQTSAARK	0
QQTTASTQ	0
QQYSAANN	0
QRTYGSPK	0
QSTSASKK	0
QSTTASKK	0
QVPTVSNE	0
QVTAASKI	0
QVTAGSKK	0
QVTPASSK	0
QVTSASNQ	0
QVTTASKL	0
QVTTASRK	0
QVTTLSKK	0
RAATASQK	0
RAHRGSEP	0
RAIPAAKK	0
RAKNDSNK	0
RAPSASKK	0
RAPTASIK	0
RASGASEE	0
RASTTSKK	0
RATIASKK	0
RATKASKS	0
RATTASYK	0
RATTGSRN	0
RATTVSKK	0
RDPTASTK	0
RDSTASYK	0
RDTNASEE	0
RDTSASKL	0
RDTTASDT	0
RDTTASKA	0
RDTTASSK	0
REARASIK	0
REASASNK	0
REATASDK	0
REATASEI	0
REATASGK	0
REATASQK	0
REATASYK	0
RECSASYI	0
REDAASKN	0
REFGASKK	0
REGPSSKT	0
REGTASKE	0
REHTESDE	0
REKTASKD	0
REMTASKK	0
RENDAESI	0
RENSASRK	0
RENSGAKR	0
RENTASVK	0
REPAASNK	0
REPGGSVK	0
REPNASVK	0
REPTASVK	0
RESAAATK	0
RESAASEK	0
RESAASIK	0
RESGDTTQ	0
RESIASQN	0
RESPASRK	0
RESSASLK	0
RESTASIE	0
RETAASCM	0
RETAASKH	0
RETAASNN	0
RETFRAKK	0
RETIASPK	0
RETIVANK	0
RETNASMV	0
RETPASGK	0
RETPCSKK	0
RETRASIK	0
RETRASQK	0
RETSASCE	0
RETSASSK	0
RETSASVR	0
RETSASYK	0
RETSGSAN	0
RETSGSTK	0
RETSGVRQ	0
RETSSSDE	0
RETTASII	0
RETTASPK	0
RETTASTV	0
RETTPSKK	0
RETYASKK	0
REVGASIT	0
REWTAANT	0
REYPGSYK	0
RGALVSKK	0
RGNPTSRI	0
RGPTASKE	0
RGPTASKQ	0
RGPTASRK	0
RGTAGSKK	0
RGTIASKT	0
RGTLASKK	0
RGTMASKK	0
RGTPASVK	0
RGTSASKT	0
RGTTASLK	0
RGTTASNN	0
RGTTATKK	0
RGTTPSSN	0
RHANAATK	0
RLTKVELK	0
RPACASKK	0
RPATAAPK	0
RQLPGSKK	0
RQRVAPYK	0
RQTTASHQ	0
RQTTTSTK	0
RRSPASVN	0
RRTTASRK	0
RVARASEK	0
RVATASVK	0
RVITASEK	0
RVSSASKR	0
RVTPASTV	0
RVTPGSKK	0
RVTTAAIK	0
RVTTASLK	0
RWTSASTE	0
SAGSGSIK	0
SAPTGSRV	0
SATSASKK	0
SATTASIK	0
SDMTGSRK	0
SDSRGSKR	0
SEASASKK	0
SEHPGSAY	0
SEPTASNK	0
SETAASKR	0
SETEASKI	0
SETSASNK	0
SETSASVQ	0
SETTASGK	0
SETTASIE	0
SETTASSE	0
SGTSAEKI	0
SGTSAEKQ	0
SNTSAKGK	0
SQTPASQR	0
SQTTAARQ	0
TASAASKI	0
TATNPSKQ	0
TATPATKK	0
TATTASKI	0
TATTASRK	0
TDLTASEI	0
TDTGASKN	0
TDTMAEKT	0
TDTTASEK	0
TDTTASKN	0
TEATASEK	0
TEATASKQ	0
TEATASRK	0
TEIPASKK	0
TEISASKK	0
TEITASKT	0
TEITVAYK	0
TEKPASKK	0
TEPTASKI	0
TEPTASKQ	0
TEPTASKT	0
TEPVASKR	0
TESAASDQ	0
TESAASIK	0
TESTASKN	0
TETAASKE	0
TETAASYK	0
TETIASKI	0
TETLASKK	0
TETPASEK	0
TETSAANK	0
TETSASKE	0
TETSASKT	0
TETSASVK	0
TETTASKA	0
TETTASKM	0
TETTASRN	0
TETTASRQ	0
TGARASKI	0
TGKTASKK	0
TGLVASYK	0
TGSPASKK	0
TGTTASKE	0
TGTTASKT	0
TGTTASYK	0
TGVTASKK	0
THAIALNK	0
TKIPGAKE	0
TLAPASNE	0
TNIPAPKV	0
TPNTAAKK	0
TPTTGSNK	0
TQACASKK	0
TQDTASII	0
TQDTASKK	0
TQPTAPKK	0
TQRVAPYK	0
TQSVAVDK	0
TQTAAAKK	0
TQTTASKI	0
TQTTASTK	0
TRATASKK	0
TRTTASNK	0
TRTTASYH	0
TVASGSHT	0
TVAWGVNN	0
TVPTALEN	0
TVTSAAEA	0
TVTSASGK	0
TVTSATIK	0
TVTTASEK	0
VATTASYR	0
VEAAASNK	0
VETIAADL	0
VETTASKI	0
VETTASKR	0
VETTASNK	0
VETTGSEK	0
VPQPASKK	0
VQTTASKK	0
VRSSAAQQ	0
WETIAADL	0
WETSASNK	0
WGTSASKK	0
WQTTASEK	0
YEAIASTK	0
YESNAVKK	0
YESTASQK	0
YETSAAEK	0
YETTASKI	0
YETTASQK	0
YETTASTK	0
YGTVASTK	0
YPTGGVKK	0
YQTTASKK	0
AETSASKI	0
AETTASLK	0
AETTATSI	0
APTTASCQ	0
CEATASKK	0
CETSASKK	0
CSRSASKK	0
DESVASHK	0
DETTASNK	0
DGATASEE	0
EATTASIK	0
EATTASYN	0
EDATASEN	0
EDPTAANK	0
EEATASNK	0
EESSASIE	0
EESSASSK	0
EESSASTK	0
EESTATKS	0
EETAASQK	0
EETIGTIS	0
EETKVAKH	0
EETTASEE	0
EETTGSNK	0
EGPPASKK	0
EGSMASKT	0
EKRAAWKM	0
EQASASKK	0
EQITGSKK	0
EQTTASTK	0
EVATASKK	0
EVNPAPHR	0
EVSSASLE	0
GANVASEK	0
GDSTASKK	0
GEATASRK	0
GEPTASNK	0
GESTASKQ	0
GETNPSKK	0
GETRASKK	0
GETTAANK	0
GGTTASEN	0
GGTTGSKI	0
GQAPGSKD	0
HDSAGSQD	0
HDTTASKI	0
HEAAASKK	0
HEAIASKL	0
HEATASEK	0
HEKNASSK	0
HEPTASKA	0
HESTASIK	0
HETAASTK	0
HETSASEK	0
HETSASVK	0
HETTAAKS	0
HETTASEE	0
HETTPSYK	0
HGATASKR	0
HGTSASKK	0
HPPPASTK	0
HQKTASKQ	0
IATTASKE	0
IDAIGSKL	0
IDPGVSKA	0
IDTNASKK	0
IDTTASIK	0
IEATTAQK	0
IEIPASMR	0
IENRASDI	0
IESTASKN	0
IESTASKT	0
IESTGSKK	0
IETIASKI	0
IETIGSKK	0
IETLASKK	0
IETPASIK	0
IETRAART	0
IETSASKL	0
IETTASAR	0
IETTGSKR	0
IGTIASKK	0
IGTLASSK	0
IHSIAAKI	0
IITTAASK	0
IKTTASNK	0
IQDTASII	0
IVSTASKK	0
KAATASKM	0
KAGTASKK	0
KAPTAPVK	0
KAPTGSTK	0
KARTASKN	0
KASNASKK	0
KASTASKQ	0
KATAASIK	0
KATIAAYK	0
KATPASEK	0
KATRETIE	0
KATSASDK	0
KATSASKS	0
KATSASSK	0
KATTASAK	0
KATTASNT	0
KATTASQQ	0
KDAAASNE	0
KDASASVK	0
KDATATIK	0
KDCTASKI	0
KDDSGSTE	0
KDSAASKK	0
KDSPASNK	0
KDTAAPKV	0
KDTDASKK	0
KDTSAPKK	0
KDTTASEQ	0
KDTTASHK	0
KEAAASKN	0
KEADPSKY	0
KEAIASEK	0
KEAIASIK	0
KEANASIK	0
KEANASKR	0
KEATASEQ	0
KEATASNE	0
KEATASNR	0
KEATASQI	0
KEATASTQ	0
KEATATKK	0
KEATPARI	0
KECPASKK	0
KECSASND	0
KEGSPSRK	0
KEHAASKK	0
KEITASKL	0
KEITASRK	0
KENRASEI	0
KENSAPTK	0
KEPAASQK	0
KEPGGSKK	0
KEPIASNK	0
KEPNASTK	0
KEPTASNI	0
KEPTASNR	0
KEPTASPK	0
KEPTASTQ	0
KEPTGSIN	0
KERTGSIK	0
KESCASKK	0
KESIASKQ	0
KESNASNK	0
KESPASKN	0
KESRASEK	0
KESSASMK	0
KESTAAKR	0
KESTAARI	0
KESTASER	0
KESTASRQ	0
KESTASVQ	0
KESTGAMK	0
KETAASER	0
KETAGSNK	0
KETDASRK	0
KETEASKQ	0
KETEASRK	0
KETGGSQN	0
KETIASRN	0
KETIASTE	0
KETIGSIK	0
KETKGSKK	0
KETLAAMT	0
KETLASIK	0
KETLASNK	0
KETNASRN	0
KETNVSKK	0
KETPASEE	0
KETPASKS	0
KETRGSQK	0
KETRGSYK	0
KETSASAN	0
KETSASRH	0
KETTAANI	0
KETTAEKK	0
KETTAEYK	0
KETTASDR	0
KETTASQV	0
KETTASSV	0
KETTASTM	0
KETTASYS	0
KETTESKK	0
KETTGAKR	0
KETTGSCI	0
KETTGSKL	0
KETTGSRN	0
KEVTASLK	0
KGAAASEK	0
KGALASKK	0
KGASASVK	0
KGATASDE	0
KGATASKV	0
KGITASIK	0
KGNAASKK	0
KGSTAAKK	0
KGSTASKQ	0
KGSTASNR	0
KGTAASMK	0
KGTSAPKK	0
KGTTASKD	0
KGTTASYN	0
KGTTGSVK	0
KGTTSSKK	0
KGVTASRS	0
KHTAASKK	0
KKIADPKK	0
KKIPASHK	0
KKSSASML	0
KKTTASKI	0
KLATASKK	0
KLTPASKK	0
KMANAAKK	0
KNIPAPKI	0
KNIPAPKT	0
KNIPASKK	0
KPCIAPGK	0
KPSPDPKK	0
KPTRASKK	0
KPTSASER	0
KPTTASKI	0
KPTTASKN	0
KPTTASYK	0
KPTTATKK	0
KPTTDSRV	0
KPTTGSKK	0
KQATASRK	0
KQCPAPNI	0
KQPTASNK	0
KQRTASIK	0
KQSTASIK	0
KQSTASTK	0
KQSTGSKK	0
KQTAASEK	0
KQTAASGR	0
KQTANAKK	0
KQTPASRE	0
KQTSASGR	0
KQTSASKN	0
KQTTASKL	0
KQTTASKV	0
KRAAASKK	0
KRSTGSKI	0
KRTAASYK	0
KRTNASQK	0
KRTTASKR	0
KRTTASYI	0
KSTAASKK	0
KSTPASKK	0
KVGAASYD	0
KVPTASIK	0
KVSLGSIK	0
KVTPASQK	0
KVTSASKT	0
KVTSASLK	0
KVTSGSKQ	0
KVTTASKH	0
KVTTASNE	0
KVTTASTI	0
KYDTAATS	0
LDRTASMR	0
LDSTGAKK	0
LDTTASNK	0
LEAAASKK	0
LEASCAGN	0
LEATASRK	0
LEISASIS	0
LEPTASTK	0
LERTASEL	0
LESTGAKK	0
LETPASEK	0
LETTAAIK	0
LETTASKM	0
LETTASMK	0
LETTASNQ	0
LETTCAQN	0
LETTGARI	0
LGASASNK	0
LGPTVSKH	0
LGSRPAKQ	0
LGTAASKK	0
LGVAASQI	0
LQATASKK	0
LQPSASKK	0
LSPGASKK	0
MEGTKSQK	0
MESIASRL	0
MESTASRK	0
METTASKN	0
MLSPAAKK	0
MQAPGSKD	0
MQVSAAIK	0
MQVSAARK	0
MQVSAAYK	0
MRTPDSKW	0
MSCTASKK	0
NATIAAKK	0
NATTASKL	0
NDASASKK	0
NDITGSKK	0
NDRCAPKK	0
NDTTASKR	0
NEATASKI	0
NEATASKL	0
NEIPASMR	0
NEPTASKQ	0
NERTASNK	0
NESAAPKV	0
NESAASVK	0
NETAASKV	0
NETAGSKK	0
NETIASKR	0
NETIASNK	0
NETNGSKK	0
NETTASIR	0
NETTASKD	0
NETTASNN	0
NETTASNQ	0
NETTASQR	0
NGTTASVK	0
NGTTGSKK	0
NKNSGSKR	0
NPTIALSK	0
NQSAVVKK	0
NRTAASKQ	0
NRTNAQTK	0
NVAPASNN	0
NVSAASKK	0
NVSPASKV	0
NVTTAAKK	0
PAASASKK	0
PARTASTK	0
PATTAAKK	0
PATTAAKR	0
PDTTASQE	0
PEATASEK	0
PEATASNT	0
PEATVSPK	0
PEPTASIK	0
PEPTASKL	0
PEPTASTK	0
PERSASKK	0
PESRASLK	0
PETPASKI	0
PETTASET	0
PETTASGK	0
PETTASIQ	0
PETTASKD	0
PETTASNR	0
PETTDSIK	0
PGPTDSEP	0
PGSTASKI	0
PGTTRSDK	0
PQACASKK	0
PQDTASII	0
PQGIASKK	0
PQSAVVKK	0
PQSTVPNK	0
PQTTASIK	0
PQTTASKR	0
PRSPASKK	0
PTTSASNK	0
PVATASKK	0
PVATASSK	0
PVTIAAKI	0
QAASASRM	0
QAPPASKK	0
QAPTGSTN	0
QARAASTR	0
QASAASKK	0
QASRASNL	0
QASRDSFQ	0
QASTASKI	0
QASTASNK	0
QATAASIK	0
QATPASIK	0
QATRASAK	0
QATSAAEK	0
QATSAAKK	0
QATSASIK	0
QATTASLK	0
QDATASGK	0
QDATASKI	0
QDPSASQK	0
QDRTASKK	0
QDSAASKK	0
QDTAASKL	0
QDTTDSEG	0
QDWPGSLK	0
QEATASEI	0
QEGTKSQN	0
QEKTASEK	0
QEMIASNK	0
QEMTASKK	0
QEPTASLK	0
QEPTASQI	0
QERTASIK	0
QERTASKT	0
QESSAAKK	0
QESSVAKK	0
QESTASVR	0
QESTGAKR	0
QETAASSK	0
QETDASKN	0
QETIASET	0
QETNASKT	0
QETQASKK	0
QETRDSKE	0
QETSASGK	0
QETSDSKK	0
QETTASAK	0
QETTASII	0
QETTASSI	0
QETTASVI	0
QETTASVR	0
QETTASYR	0
QETTSSKK	0
QETVASKI	0
QGAPASNQ	0
QGCSGSKS	0
QGGTASDK	0
QGNAGSKG	0
QGPIASQQ	0
QGPTASRK	0
QGRFAPIR	0
QGSTASIK	0
QGTAASKR	0
QGTLASQP	0
QGTPASNK	0
QGTTASTE	0
QKASASRN	0
QLATASKK	0
QLTWAAQN	0
QPPAASKQ	0
QPSTASKK	0
QPTMAAKK	0
QQAPASKK	0
QQTIGKKE	0
QQTTASEK	0
QQTTATYK	0
QQVSAAKK	0
QSNPAALQ	0
QSTTAPKQ	0
QVAPASKK	0
QVDTDSKT	0
QVSAASKK	0
QVTAASRE	0
QVTSASEK	0
QVTTASQK	0
RAATASNK	0
RAKTASKK	0
RARTASKK	0
RASTAAKK	0
RASTASIK	0
RASTASTN	0
RDATASNK	0
RDSAASQK	0
RDSRASQK	0
RDSTAAKK	0
RDTMAEKT	0
RDTTASLK	0
REAFASKK	0
REDTASIK	0
REKTASKK	0
RENSGANK	0
REPAASIK	0
REPTASKE	0
REPTASKN	0
REPTASNE	0
REPTGSNI	0
RERIASKN	0
RERTASKN	0
RESAASNK	0
RESDASKK	0
RESRASKK	0
RESSASRK	0
RESSASSK	0
RESTASSK	0
RESTASYK	0
RESTDSKK	0
RETDGSKK	0
RETIASKR	0
RETNASEQ	0
RETNGSIK	0
RETSASIE	0
RETSASMK	0
RETTAATK	0
RETTAPNK	0
RETTASDN	0
RETTASMT	0
RETTASNL	0
RETTASQS	0
RETTASRY	0
RETTASWK	0
RETTGSRI	0
RETTGSRK	0
RETTRSKK	0
RETTTSKK	0
RETVASTK	0
REVRGKSQ	0
REVSASKK	0
RGATASIK	0
RGKTASHE	0
RGPCGSNR	0
RGTGASKK	0
RGTTASAT	0
RGTTASIQ	0
RGTTASSE	0
RHPPASIK	0
RPPRESEK	0
RPTSASKR	0
RQAAASVK	0
RQAPDSIK	0
RQPSGSNV	0
RQTAAAKK	0
RQTAASIE	0
RQTIAAIK	0
RQTIASKK	0
RQTPASIT	0
RQTTAKDK	0
RQTTASQD	0
RRRTASKD	0
RRTPAAKK	0
RSSTASTK	0
RTPRASKK	0
RVATASNK	0
RVSNAAYK	0
RVSRASQK	0
RVSTAAVK	0
RVTNAARL	0
RVTTASYK	0
SATTGSLE	0
SDTTASKN	0
SEAIASTK	0
SEAPASKK	0
SEDPASET	0
SEPSASKK	0
SETKASQQ	0
SETPASNK	0
SETSASTK	0
SETSASVK	0
SETTASEN	0
SKKVASNQ	0
SQATASIK	0
SQTKASKN	0
SRTDAVKI	0
SVHAAPSK	0
SVPTASKK	0
TATSASNK	0
TATTASEK	0
TDRTASKK	0
TDSTVSRK	0
TEAPVSNK	0
TEATASKR	0
TEGSASRK	0
TEMTASNR	0
TEPAGSKQ	0
TEPNPSHE	0
TEPTASIK	0
TEPTGSSE	0
TESPESIK	0
TESRASKK	0
TESSASKQ	0
