AESFAVKK	0.359967
AESNAVKK	0.608606
ADTTAAKL	0.016286
AESIAVKK	0.003986
AESRAAKL	0.380817
AESRAVKA	0.000606
AESNAVKL	0.449699
AESRASTL	0.300401
AESSASKL	0.395641
AESTAAKI	0.127479
AESSASKK	0.1807
AESSAVKL	0.065999
AESTASKL	0.273608
AESWGSKK	0.196003
AESTAAKK	0.060999
AESTAVKL	0.093151
AETDASKK	0.046155
AETIAAKK	0.091267
AETAAVKK	0.138909
AETIAADL	0.094028
AETIAAVL	0.100607
AETRAAKL	0.582463
AETIAAKL	0.043159
AETNSSKL	0.026935
AETRAVKI	0.547765
AETSAVKL	0.304097
AETRASKL	0.051759
AETSAVKK	0.643718
AETTAAKL	0.157924
AETTAVKL	0.40927
AETTAAKK	0.477728
AETTAVKK	0.756481
ANSIAAKL	0.375065
AQTDAVKL	0.176698
AETVASKL	0.433308
AQTDAVKK	0.678441
CETIAAKL	0.124309
DESSASKL	0.051759
CESSDAKK	0.011887
DESNAVKL	0.065999
DESSAVKL	0.006001
DESTASKL	0.061978
DESSAVKK	0.357588
DESSDAKR	0.500391
DETIAAKI	0.083943
DETSAVKL	0.315
DESWGSKK	0.268468
DETSAVKK	0.35932
DETVASKL	0.02327
DSSSAAKL	0.097516
DETTAVKK	0.060714
DQTDAVKK	0.214486
EASIAADL	0.154421
EASQAVKK	0.14544
EAATAVKK	0.093151
EASIAAKL	0.786567
EASSAAKL	0.051759
EASTGVKK	0.038395
EASRAAKL	0.367029
EASTAVKK	0.142839
EASVAAVL	0.255879
EATIAAKK	0.627396
EASVAAKL	0.483123
EATIAADL	0.15089
EATIAAKS	0.112883
EATNAVKK	0.118706
EATIAAKL	0.669371
EATNASKL	0.118706
EATVASKL	0.273608
EDSNAVKK	0.176698
EATVAAKL	0.720766
EDSIAAKI	0.367029
EDSTAAKL	0.176698
EDSVAADL	0.599943
EDSSASKL	0.214486
EDSTGAKK	0.018759
EDSVAAKK	1.368264
EDSVAAKS	0.065999
EDSVAAKI	1.497218
EDSVAAKR	0.051759
EDSVASKL	0.455451
EDTRESKK	0.108582
EDSVASKK	0.113028
EDTHAAKK	0.012957
EDTTAAKL	0.273608
EEGSASKL	0.381947
EDTTAAKK	0.116821
EDTTAVKL	0.292493
EEISASKL	0.622561
EENNAVKK	1.485462
EEHSAVKK	0.216206
EENNAVDL	0.051759
EENSASKL	0.243644
EERSAVKK	0.051759
EENNAVKL	0.740071
EERSASKL	0.770932
EERVASKL	0.062754
EESAASKL	0.277538
EERVAAKL	0.065999
EESAAAKL	0.352789
EESAAVKI	0.237395
EESDAAKK	0.000606
EESAASTK	0.645045
EESAAVKL	0.531172
EESDSSKK	0.154421
EESEASKL	0.396568
EESDAVKK	0.21809
EESEASKK	0.558038
EESEGAKK	1.283103
EESFAAKK	0.118706
EESEAVKK	0.064724
EESFAADL	0.142839
EESFASKK	0.051759
EESFAVKI	0.380817
EESFAAKL	0.666784
EESFAVDL	0.455451
EESFAVKL	1.132035
EESHAAKL	0.533679
EESFAVKK	1.68445
EESGDAVK	0.169398
EESIAADL	0.34549
EESIAAKL	1.044892
EESHASKL	0.194426
EESIAAKK	0.706431
EESIAAVK	0.000606
EESIASKL	1.054165
EESIAAKQ	0.281433
EESIASKK	0.238216
EESIASRL	0.084288
EESIAVKL	0.265639
EESIASKM	0.010366
EESIAVKK	0.504056
EESKASKL	0.086521
EESLAAKL	0.209698
EESKAAKL	0.390577
EESKFAKL	0.187421
EESMAAKL	0.051759
EESNAAKK	0.52888
EESLASKL	0.066736
EESNAAKI	0.444846
EESNAAKS	0.089547
EESNASKL	1.010004
EESNAAKL	1.172333
EESNASKK	0.320303
EESNAVDL	1.292157
EESNAVKL	2.087944
EESNATKK	0.037036
EESNAVKK	1.739077
EESNAVKN	0.196003
EESNAVKS	0.587475
EESNAVKM	0.498917
EESNAVKR	0.750729
EESNAVNK	0.061978
EESNEVKK	0.246735
EESNAVKT	0.185652
EESNAVTK	0.106116
EESNGSKK	0.287848
EESNVVKK	0.021796
EESNGAKL	0.142839
EESNSSKL	0.176698
EESRAADL	0.664543
EESRAAKL	1.952922
EESQAVKK	0.246024
EESRAAKK	1.252852
EESRASKI	0.044072
EESRAVKI	0.291832
EESRASDL	0.43197
EESRASKL	0.805527
EESRAVKL	0.273608
EESREAKL	0.18497
EESRAVKK	0.642823
EESRDTKK	0.419736
EESSAADK	0.037036
EESSAAKK	0.961519
EESRGSKK	0.176698
EESSAAKI	0.669371
EESSAAKR	0.000606
EESSALKL	0.264834
EESSAAKL	1.594215
EESSALKK	0.037036
EESSASDL	1.762267
EESSASKI	1.04827
EESSAPKL	0.280786
EESSASIL	0.196592
EESSASKL	1.010297
EESSASKR	0.396568
EESSASKK	1.296971
EESSASKP	0.071962
EESSASKV	0.058008
EESSASRL	0.597703
EESSASKS	0.534294
EESSASQL	0.599461
EESSASTL	0.517375
EESSATKK	0.4424
EESSASSL	0.237395
EESSASVT	0.317624
EESSAVDL	0.524028
EESSAVKL	1.203157
EESSATKL	0.187421
EESSAVKK	1.846396
EESSAVKR	0.688581
EESSDAKK	0.168264
EESSAVKM	0.282208
EESSAVRK	0.158214
EESSDAKR	0.065999
EESSGAKL	0.419736
EESSDAKL	0.176698
EESSDSKL	0.407944
EESSGSKL	0.639671
EESSNAKL	0.21809
EESSGSKK	1.04446
EESSGVKK	0.106116
EESSSSKL	0.631542
EESTAADL	0.959756
EESSSSKK	0.208106
EESSVSKL	0.500391
EESTAAKK	0.797154
EESTASDL	0.837271
EESTAAKI	1.193608
EESTAAKS	0.176698
EESTASKK	0.580634
EESTATKK	0.565864
EESTASKI	0.244365
EESTASVK	0.041999
EESTAVDL	0.264834
EESTAVKL	0.878995
EESTATKL	0.393083
EESTAVKK	1.267552
EESTESKK	0.266308
EESTGAKI	0.189287
EESTAVKR	0.459244
EESTGADL	0.424482
EESTGAKL	0.455584
EESVAAKK	0.467743
EESTGAKK	0.805086
EESTGVKK	0.13094
EESVAAKM	0.321531
EESVAVKK	0.574638
EESVAAKL	1.27597
EESVASKL	0.665718
EESWGSDL	0.22785
EESWGSKL	1.019203
EESWASKL	0.064724
EESWGSKK	1.673383
EESWGTKK	0.22785
EETAAADL	0.021796
EESWGSKR	1.042447
EESWGVKL	0.021796
EETAAAKL	0.332202
EETAAVDL	0.13094
EETAAAKK	0.039524
EETAATKK	0.121959
EETAAVKK	1.098239
EETCAAKL	0.024607
EETAAVKI	0.165702
EETAAVRK	0.860944
EETDASDL	0.065999
EETDATKK	0.645993
EETDAADL	0.051759
EETDASKL	0.682271
EETDAVKK	0.520762
EETEATKK	0.165702
EETDATKL	0.006001
EETEASKL	0.176698
EETFAAKK	0.296673
EETFAVKK	0.006001
EETFAAKI	0.077313
EETFASKL	0.606822
EETHAAKL	0.668059
EETIAADK	0.511295
EETHAAKK	0.11455
EETHAVKK	0.156494
EETIAAKI	0.555332
EETIAAKR	0.21146
EETIAADL	1.38269
EETIAAKL	1.42859
EETIAANL	0.006001
EETIAAVL	0.298913
EETIAAKS	0.390577
EETIAAVI	0.135305
EETIASKL	0.7553
EETIAVKL	0.34549
EETIASDL	0.037036
EETIAVKK	0.909315
EETKAAKL	0.249248
EETKAVKK	0.051759
EETISSKL	0.410781
EETKATKL	0.051759
EETLAAKK	0.037036
EETLAVKR	0.021796
EETLAAKI	0.051759
EETLASKL	0.360758
EETMASKL	0.273608
EETNAADL	0.118706
EETMAAKL	0.041293
EETMAVKK	0.472265
EETNASKL	0.367029
EETNDAKK	0.089547
EETNAAKL	0.22785
EETNAVKL	0.477728
EETNGAKL	0.406528
EETNSSKL	1.24738
EETNGAKK	0.35932
EETNSSKK	1.035786
EETRAADL	0.52888
EETRASDL	0.106116
EETNSTKK	0.196003
EETRAAKL	1.144791
EETRASNL	0.113028
EETRAVKI	2.159195
EETRASKL	1.253376
EETRAVDL	0.514157
EETRAVKL	1.362924
EETRAVRL	0.037036
EETRAVKK	1.629633
EETRAVKV	0.118706
EETRESKK	0.062754
EETRGSKL	0.01133
EETRDAKL	0.035368
EETRESKR	0.520017
EETSAAKI	0.069488
EETSASKL	0.538882
EETSAADL	0.249805
EETSAAKL	1.065999
EETSAVDL	0.741955
EETSAVKL	1.541114
EETSATKR	0.063658
EETSAVKK	2.050397
EETSAVKS	0.165702
EETSDVKK	0.037036
EETSAVKR	0.322826
EETSDTKL	0.21809
EETTAAKI	0.695558
EETTAAKM	0.653819
EETTAADL	1.163986
EETTAAKL	1.205165
EETTAANL	0.101447
EETTASKL	0.835775
EETTAAKR	0.071962
EETTASDL	0.645993
EETTATDL	0.006001
EETTATKR	0.869104
EETTASRL	0.158599
EETTATKL	0.43761
EETTAVKI	0.91903
EETTAVKM	0.797507
EETTAVDL	0.711358
EETTAVKL	1.497437
EETTAVKS	0.051759
EETTGAKI	0.162611
EETTAVKR	0.583846
EETTDAKL	0.359967
EETTGAKL	0.088276
EETTGTKL	0.024607
EETTGAKK	0.108797
EETTGTKK	0.237395
EETVAAKI	0.338066
EETVASDL	0.498917
EETVAADL	0.280786
EETVAAKL	1.198404
EETVASKK	0.513863
EETVAVKI	0.065999
EETVASKI	0.480575
EETVASVL	0.352789
EETVGSKK	0.026935
EETYAAKL	0.063658
EETVAVKK	0.406474
EETWGSKK	0.028896
EGSIATKL	0.167554
EGSTAVKL	0.449699
EGSIAAKL	0.128925
EGSTAVKK	1.421799
EGTIGSKL	0.235819
EHSIAAKK	0.039524
EGSVAAVL	0.01133
EGTTAVKK	0.018335
EHSRAAKL	0.264834
EMNIAAKL	0.176698
EHSIAAKL	0.197887
EKSSASKL	0.093151
ENTVAAKL	0.414058
EPTGAVKK	0.006001
ENSRAVKM	0.187421
EPSIGAKK	0.118706
EPTGGVKL	0.515516
EQSAVVKK	0.439939
EPTGGVKK	0.575373
EPTTAVKL	0.307031
EQSDAVKK	0.106116
EQSRAAKK	0.296673
EQSAVVKL	0.176698
EQSHAAKL	0.118706
EQSRASKL	0.079788
EQSSAAKK	1.032454
EQSRAAKL	0.992732
EQSSAAKI	0.224621
EQSSASKL	0.385789
EQSSAVKL	0.006001
EQSSAAKL	1.039482
EQSSAVKK	0.567338
EQSTAAKI	0.22785
EQSTASKL	0.355674
EQSTAADL	0.805086
EQSTAAKL	1.286544
EQSTAVKL	0.273608
EQSWGSKK	0.165702
EQSTAVKK	0.801667
EQSVAAKL	0.508294
EQTDAAKK	0.330512
EQTDASKL	0.708176
EQTDAADL	0.538425
EQTDASKK	0.246024
EQTDAVKI	0.708176
EQTDAVKR	0.079788
EQTDAVDL	0.685227
EQTDAVKL	1.51642
EQTEAVKK	0.051759
EQTIAASL	0.097516
EQTDAVKS	0.106116
EQTIAAKL	0.30837
EQTRAAKL	0.237395
EQTTAAKL	0.296673
EQTNAVKR	0.051759
EQTTAADL	0.010366
EQTTASKL	0.196901
EQTTDAKK	0.316066
EQTTASKK	0.067553
EQTTAVKL	0.176698
EQTVAAKK	0.205343
EQTVATKL	0.205343
EQTTDAKL	0.106116
EQTVAARL	0.165702
ESSRAAKL	0.903017
EVSIAAKL	0.208106
ESSRAAKK	0.118706
ETTGATKK	0.006001
EVTQAIKK	0.101447
GETRAVKI	0.079788
EVSRAAKL	0.483123
GESRAAKL	0.435973
GQSRAAKL	0.183038
HDSVAAKI	0.154421
GETSAVKK	0.216569
HATTAVKK	0.447992
HESFAVKK	0.675538
HESNASKL	0.051759
HENNAVKK	0.367029
HESIAAKL	0.13094
HESNAVKK	0.705345
HESRAAKL	0.683782
HESNAVKI	0.024607
HESRAAKK	0.13094
HESSASKK	0.2038
HESTASKL	0.010004
HESSASDL	0.051759
HESSAVKK	0.365754
HESWAADL	0.246735
HESWASKL	0.595827
HESTAVKK	0.220163
HESWASKK	0.101447
HESWAVKK	0.407146
HESWGSKI	0.691607
HESWAVKI	0.006001
HESWGSDL	0.781463
HESWGSKL	1.734806
HETAAVKK	0.194426
HESWGSKK	1.910905
HESWGSKS	0.176698
HETFAAKL	0.021796
HETIAAKL	0.377411
HETDAVKK	0.32476
HETIAAKK	0.089083
HETNSSKL	0.160098
HETRAVKI	0.964609
HETIAVKK	0.037036
HETRASKL	0.176698
HETRAVKL	0.21809
HETTAAKK	0.158557
HETRAVKK	0.203026
HETSAVKL	0.266874
HETTAVKK	0.445151
HETVASKL	0.520017
HETTAAKL	0.238999
HETVAAKL	0.240815
HGSTAVKK	0.298913
HQTDAVKK	1.033275
HETVAVKK	0.024607
HQSTAAKL	0.232215
IENNAVKK	0.037036
IESFAVKL	0.021796
HQTDAVKL	0.273608
IESFAVKK	0.254925
IESIASDL	0.22785
IESIASKL	1.346768
IESIAADL	0.051759
IESIASKK	0.661207
IESIAVKP	0.261018
IESRAAKK	0.407146
IESIAVKK	0.258884
IESNAVKL	0.400213
IESTAVKK	0.106116
IESWGSKK	0.603845
IESRAAKL	0.960839
IESVAVKK	0.057291
IETNASKL	0.099093
IETSAVKK	0.585919
IESWGSKL	0.176698
IETRAVKI	0.424145
IETTAVKK	0.332202
IQSWGSKK	0.675008
IETSAVKL	0.039524
IETVASKL	0.172501
IQTDAVKL	0.037036
KASEAVKK	0.006001
IQTDAVKK	0.656824
KAATAVKK	0.58814
KASIAAKK	0.855292
KASNAVKK	0.21809
KASIAADL	0.866633
KASIAVKK	0.167554
KASRAADL	0.021796
KASTASKL	0.059312
KASQAVKK	0.038395
KASRAAKL	1.042518
KASTAVKL	0.249248
KASVAAKK	0.566669
KASTAVKK	0.405547
KASVAADL	0.079788
KASVAAVL	0.632465
KASWGSKK	0.733416
KASVAAKL	1.113155
KASVGAKL	0.193511
KATAAVKL	0.010366
KATIAAKL	0.649017
KASWGSKL	0.619961
KATIAAKK	0.11511
KATIAVKI	0.165702
KATIAVKP	0.039524
KATIASKL	0.52888
KATIAVKL	0.064724
KATNAVKL	0.093151
KATTAVKL	0.184384
KATNAVKK	0.743042
KATTAVKK	0.325917
KATVAAKK	0.778758
KATVASKL	0.842647
KATVAADL	0.187421
KATVASKK	0.051759
KAVNAVKK	0.12908
KDCVGSKC	0.068464
KATVAVKQ	0.063658
KDAVGVKK	0.118706
KDSAASKL	1.10477
KDSEGTKR	0.021796
KDNSGVKK	0.118706
KDSDAVKK	0.000606
KDSIAAKL	0.138909
KDSNAVKL	0.298913
KDSIAAKI	0.821792
KDSNAVKK	0.885331
KDSSAVKK	0.135305
KDSTASKL	0.172937
KDSRAVKI	0.006001
KDSTAAKL	0.165702
KDSTAVKL	0.321531
KDSTGVKK	0.196003
KDSTAVKK	0.342323
KDSTGAKL	0.000606
KDSVAAKI	1.560154
KDSVASKL	0.13094
KDSVAADL	0.455451
KDSVAAKL	1.090511
KDSWGSKK	0.100063
KDTDAVKK	0.076582
KDSVAVKK	0.498917
KDTDAAKK	0.038395
KDTRAVKL	0.187421
KDTTAADL	0.193088
KDTIAAKL	0.076582
KDTSAVKK	0.008293
KDTTAAKL	0.596565
KDTTAVKK	1.291127
KDTTAAKK	0.135507
KDTTAVKI	0.41558
KDTVAAVL	0.106116
KEAIAADL	0.118706
KDTTAVKL	1.032015
KEAAAVKK	0.184384
KEAVASKL	0.018335
KEGSASKL	0.203026
KEASAVKK	0.102315
KEGNAVKK	0.582705
KEHHASKL	0.118706
KEHTGTKK	0.11455
KEGTAAKL	0.073478
KEHSAVKL	0.083943
KEINAVKL	0.118706
KEKTASKL	0.01397
KEINAVKK	0.715967
KEKRAVKI	0.668059
KENAGVKK	0.232215
KENNAAKK	0.13094
KEKTAVKK	0.352789
KENNAADL	0.54312
KENNASKL	0.848795
KENNAVKK	1.43796
KENNAAKL	0.547765
KENNAVKI	0.907993
KENNAVKM	0.038395
KENNSSKL	0.065999
KENNAVKL	1.67626
KENNAVKS	0.118706
KENSGVKK	0.051759
KENVASKL	0.154421
KENSAVKK	0.192686
KENTGVKK	0.205343
KEPSAVKK	0.352789
KERNAVKK	1.063323
KENWGVKK	0.038395
KERIAVKR	0.066736
KERSASKL	0.7475
KERVAAKL	0.428509
KERNAVKL	0.34549
KERTAVKK	0.197887
KERVASKL	0.630816
KESAAAKK	0.231055
KERVASKK	0.138909
KESAAADL	0.332585
KESAASDL	0.079788
KESAASTL	0.016997
KESAAAKL	0.52702
KESAASTK	0.563533
KESAAVDL	0.187421
KESAAVKL	0.744098
KESAATKL	0.079788
KESAAVKK	1.051475
KESAGVKK	0.196003
KESDAAKK	0.419736
KESADSKL	0.006001
KESCGSKK	0.205343
KESDASKL	0.102911
KESDSSKK	0.711545
KESDAAKL	0.22785
KESDAVKL	0.429177
KESEAAKK	0.571524
KESEASKL	0.21809
KESDSSKL	0.101447
KESEASKK	0.21483
KESEAVKL	0.051759
KESEGAKL	0.338066
KESEAVKK	0.498917
KESEGAKK	1.053565
KESFAAKI	0.079788
KESFASKK	0.398546
KESFAADL	0.773295
KESFAAKL	1.205256
KESFATKS	0.158969
KESFAVKK	1.749646
KESFASKL	0.763214
KESFAVKI	0.875668
KESFAVKR	0.152785
KESGAVKK	0.14544
KESFAVKL	1.665131
KESGASKL	0.733861
KESHAAKK	0.330281
KESHAVKK	0.42793
KESGDAVK	0.290641
KESHASKL	0.131671
KESIAAKI	0.524724
KESIAAKQ	0.62021
KESIAADL	0.76389
KESIAAKL	1.227513
KESIAAKV	0.37116
KESIASDL	0.550278
KESIAAKS	0.118706
KESIAAVL	0.02016
KESIASKK	0.19027
KESIASNL	0.006001
KESIASKI	0.040478
KESIASKM	0.450525
KESIASVT	0.873747
KESIAVKL	0.283827
KESIASVL	0.398546
KESIAVKK	0.755123
KESIVVKK	0.135305
KESKASKL	0.319365
KESIAVKP	0.051759
KESKAAKL	0.837879
KESKAVKL	0.290641
KESKGAKL	0.090217
KESKAVKK	0.978849
KESKFAKL	0.981745
KESLASKL	0.088276
KESLGSKL	0.21809
KESLAAKL	0.238845
KESLGSKK	0.477728
KESMASKL	0.118706
KESMAVKL	0.038395
KESMAAKL	0.315
KESMAVKK	0.522398
KESMAVKR	0.142839
KESNAAKI	0.725512
KESMAVKM	0.155847
KESNAADL	1.65966
KESNAAKL	1.311463
KESNAASL	0.065999
KESNAAKK	1.08083
KESNAAKS	0.595827
KESNAIKK	0.384503
KESNASDL	0.134733
KESNAGKK	0.006001
KESNALKL	0.146029
KESNASKK	0.473004
KESNATKK	0.785491
KESNASKI	0.010668
KESNASRL	0.093151
KESNATKR	0.419736
KESNAVDM	0.000606
KESNATKL	0.142839
KESNAVDL	2.017777
KESNAVKI	1.464516
KESNAVKM	0.915082
KESNAVEK	0.287287
KESNAVKL	2.171636
KESNAVKP	0.008293
KESNAVKS	0.912809
KESNAVKN	0.387551
KESNAVKR	0.814142
KESNAVKV	0.308721
KESNAVQK	0.270797
KESNAVKT	0.467844
KESNAVNL	0.381947
KESNAVRK	0.6003
KESNAVTK	0.41684
KESNAVQL	0.101447
KESNAVSL	0.135305
KESNAVVK	0.089963
KESNDAKK	0.113028
KESNAVTL	0.088742
KESNAVVT	0.396568
KESNEVKL	0.079788
KESNGSKK	0.935578
KESNEVKK	1.072417
KESNGAKL	0.497931
KESNGVKK	1.117975
KESNPVKK	0.037036
KESNGSKL	0.373978
KESNHAKL	0.408306
KESNSSKL	0.827491
KESNTVKK	0.232215
KESNSSKK	0.146029
KESNSVKL	0.197887
KESQAAKL	0.246735
KESRAADL	1.39118
KESNVVKK	0.712222
KESQAVKK	0.541289
KESRAAKI	1.049526
KESRAAKM	0.232215
KESRAAKF	0.006001
KESRAAKL	1.803761
KESRAAKS	0.504056
KESRAEKL	0.13094
KESRAAKR	0.357928
KESRAARL	0.093151
KESRASKI	0.107875
KESRASTL	0.207511
KESRASDL	0.979672
KESRASKL	0.562738
KESRATKL	0.322826
KESRAVKI	0.559914
KESRATKK	0.204527
KESRAVKA	0.010366
KESRAVKL	0.718173
KESRDAKL	1.157134
KESRAVKK	0.859365
KESRDAKK	0.509912
KESRDTKL	0.237395
KESRESIR	0.237395
KESRDTKK	0.715564
KESREAKL	0.986387
KESRGAKL	0.545781
KESRGTKK	0.132792
KESRGAKK	0.142839
KESRGSKL	0.258884
KESSAADL	1.399003
KESSAAKL	1.02707
KESRSSKL	0.150369
KESSAAKK	0.450095
KESSALKL	0.065999
KESSASKI	0.813318
KESSAAKS	0.352789
KESSASDL	1.718767
KESSASKL	1.390964
KESSASKR	0.209765
KESSASKK	1.017195
KESSASKP	0.003986
KESSASNL	0.469902
KESSASTL	0.13608
KESSASKS	0.588426
KESSASRL	0.374839
KESSASVT	0.032015
KESSAVDL	0.400213
KESSASVL	0.168264
KESSATKL	0.194426
KESSAVKK	1.185766
KESSAVKR	0.479771
KESSAVKI	1.022987
KESSAVKM	0.160903
KESSAVRK	0.081722
KESSDAKR	0.452323
KESSAVKV	0.561906
KESSDAKL	0.619308
KESSDSKL	0.513773
KESSGAKL	0.086521
KESSDSKK	0.40927
KESSDVKK	0.52888
KESSGSKL	0.236283
KESSNAKL	0.737365
KESSGSKK	0.446693
KESSGVKK	0.488451
KESSTSKL	0.086521
KESTAAEL	0.01397
KESSSSKL	0.285037
KESTAADL	1.342152
KESTAAKI	1.285113
KESTAAKM	0.088742
KESTAAKF	0.071962
KESTAAKL	0.630673
KESTAANL	0.176698
KESTAASL	0.000606
KESTAAKS	0.068603
KESTAARL	0.026935
KESTAAVK	0.224122
KESTASDL	0.857082
KESTAATL	0.088276
KESTAEKL	0.13608
KESTASKK	0.504638
KESTASVL	0.143648
KESTASKI	0.096098
KESTASRL	0.122139
KESTATKK	0.539044
KESTAVDL	0.82015
KESTATDL	0.30837
KESTATKR	0.056558
KESTAVKK	1.192341
KESTAVKR	0.758835
KESTAVKI	0.831085
KESTAVKM	0.378343
KESTAVRK	0.041293
KESTDAKL	0.162909
KESTAVKS	0.062754
KESTDAKK	0.126724
KESTDVKK	0.560849
KESTESKK	0.740263
KESTDSKK	0.117438
KESTEAKK	0.07524
KESTGADL	0.884139
KESTGEKL	0.195181
KESTESKL	0.402477
KESTGAKK	0.365417
KESTGSKL	0.377674
KESTGVKK	0.583238
KESTGSKK	0.214839
KESTGTKL	0.021796
KESTSAKL	0.138909
KESVAADL	0.701742
KESTGVKL	0.058598
KESTVVKK	0.041293
KESVAAKK	1.180113
KESVASDL	0.434976
KESVAAKI	0.401093
KESVAAKM	0.779605
KESVASKK	0.025336
KESVASVL	0.266308
KESVASKI	0.00734
KESVASTL	0.414534
KESVAVKI	0.101447
KESVGSKK	0.02373
KESVATKI	0.183876
KESVAVKL	0.591671
KESWAADL	0.413487
KESWASKL	0.595827
KESVGVKK	0.004762
KESWASKK	0.113028
KESWAVKK	0.524471
KESWGSKI	0.82015
KESWAVKI	0.142839
KESWGSDL	0.822611
KESWGSKL	1.720507
KESWGSNK	0.101447
KESWGSKK	1.476096
KESWGSKS	0.197887
KESWGSVK	0.327965
KESWGTKL	0.246735
KESWGSRK	0.021796
KESWGTKK	0.933207
KESWGVKI	0.021796
KESWPSKK	0.101447
KESWGVDL	0.037036
KESWGVKL	0.670209
KESYAVKK	0.106116
KETAAAKK	0.085066
KESYAAKL	0.152785
KETAAAKI	0.003067
KETAASKL	0.086227
KETAAVKI	0.587799
KETAAAKL	0.317073
KETAAVDL	0.642823
KETAAVKL	1.129213
KETAGVKM	0.106116
KETAAVKK	1.100654
KETAAVRL	0.536849
KETDAADL	0.165702
KETDASKK	0.23189
KETASAKL	0.12084
KETDASDL	0.024607
KETDATDL	0.142839
KETDATKL	0.798063
KETDASKL	0.611927
KETDATKK	0.862685
KETDAVKL	0.373978
KETEAAKR	0.176698
KETDAVKK	1.019203
KETEAAKK	0.051759
KETEASKK	0.367315
KETEATKL	0.13094
KETEASDL	0.294797
KETEATKK	0.570671
KETEAVKK	0.287848
KETFAAKI	0.216569
KETEATKR	0.382752
KETFAADL	0.506373
KETFAAKL	1.191728
KETFAVKK	0.588878
KETFAAKK	0.873248
KETFASKL	0.749837
KETGDAKK	0.199138
KETHAAKL	1.050018
KETGAVKK	0.190938
KETHAAKK	0.601431
KETHASKK	0.101223
KETHAVKL	0.093151
KETHASDL	0.208106
KETHAVKK	0.612983
KETHESKK	0.201057
KETIAADI	0.501406
KETHEANR	0.265255
KETIAAAL	0.385581
KETIAADL	0.854179
KETIAAHL	0.176698
KETIAADK	0.595015
KETIAAEL	0.101447
KETIAAKK	1.344639
KETIAAKR	0.333549
KETIAAKI	0.830169
KETIAAKM	0.562899
KETIAANL	0.669371
KETIAAVI	0.63609
KETIAAKS	0.269012
KETIAASL	0.357026
KETIAAVT	0.113028
KETIASDI	0.346715
KETIAAVL	0.511654
KETIAEDL	0.553882
KETIASKL	0.804495
KETIATDL	0.000606
KETIASDL	0.505399
KETIASVV	0.004762
KETIATKL	0.07524
KETIAVKK	1.251259
KETIATKK	0.043159
KETIAVKI	1.057291
KETIAVKM	0.197887
KETIAVKV	0.273608
KETIAVKL	0.931619
KETIAVKR	0.435763
KETIEAKL	0.021796
KETIGSKK	0.414058
KETIDADL	0.22785
KETIGAKL	0.37627
KETISADL	0.374508
KETITADL	0.165702
KETIGSKL	0.070242
KETISSKL	0.81352
KETKAADL	0.079788
KETKASDL	0.361222
KETIVADL	0.258884
KETKAAKL	0.781763
KETKATKL	0.190938
KETKDSKR	0.106116
KETKASKL	0.737501
KETKAVKK	0.320604
KETLAADL	0.016997
KETLAAKL	0.584546
KETKSSKL	0.026935
KETLAAKK	0.310037
KETLASKL	0.738864
KETLAVKK	0.465493
KETLAAKR	0.224621
KETLAVKI	0.396568
KETLAVKR	0.315
KETMAAKL	0.365198
KETLAVKL	0.176698
KETMAAKK	0.003067
KETMATKR	0.13094
KETMAVKL	0.392297
KETMATKL	0.628995
KETMAVKK	0.678319
KETNAADL	0.613556
KETNASDL	0.365754
KETMAVKR	0.203026
KETNAAKL	0.514573
KETNATKK	0.064168
KETNAVKI	0.118706
KETNASKL	0.34688
KETNAVDL	0.13094
KETNAVKL	0.769614
KETNDAKL	0.21146
KETNAVKK	0.761132
KETNDAKK	0.658184
KETNGAKK	0.286237
KETNGVKK	0.065999
KETNGADL	0.425339
KETNGSKL	0.176698
KETNSAKL	0.021796
KETNSSKK	1.319594
KETNRSKL	0.037036
KETNSSKI	0.734852
KETNSSKR	0.196592
KETNSTKL	0.106116
KETNSSKL	1.032519
KETNSTKK	0.552361
KETQAADL	0.094163
KETRAAKI	0.477728
KETPAAKL	0.133946
KETRAADL	1.450225
KETRAAKL	1.23024
KETRASKK	0.198079
KETRAAKK	1.109932
KETRASDL	0.662774
KETRASNL	0.1807
KETRATKR	0.000606
KETRASKL	1.035814
KETRATKL	0.305016
KETRAVEI	0.13094
KETRAVKL	2.111757
KETRAVDL	1.495283
KETRAVKK	1.895785
KETRAVKQ	0.122822
KETRAVKT	0.079788
KETRAVKM	0.681847
KETRAVKS	0.714517
KETRAVNI	0.142839
KETRAVRL	0.21809
KETRAVKV	0.176698
KETRAVRK	0.113028
KETRAVVL	0.037036
KETRDVKI	0.006001
KETRAVTK	0.089547
KETRDSKR	0.186457
KETRESKL	0.407944
KETRSVKI	0.187421
KETRESKK	0.475551
KETRGTKK	0.203026
KETSAAKI	0.318278
KETSAAKS	0.106116
KETSAADL	1.182093
KETSAAKL	1.327666
KETSAFKK	0.457524
KETSATKL	0.167554
KETSAAVK	0.206661
KETSASKL	0.75021
KETSAVDL	1.637049
KETSAVKI	1.469759
KETSATKR	0.284792
KETSAVIK	0.000606
KETSAVKL	1.498951
KETSAVKQ	0.243644
KETSAVKK	1.848067
KETSAVKN	0.364688
KETSAVKS	0.675869
KETSAVQK	0.208106
KETSAVKR	0.799372
KETSAVNK	0.255879
KETSAVRL	0.203026
KETSDAKK	0.17215
KETSAVRK	0.158214
KETSAVVL	0.065999
KETSDAKR	0.595827
KETSDTKL	0.719212
KETSDAKL	0.196003
KETSDTKK	0.170623
KETSGAKL	0.147408
KETSVVKK	0.170623
KETSDVKK	0.750729
KETSSVKK	0.185652
KETTAAKI	0.633842
KETTAAKM	0.871381
KETTAADL	1.344944
KETTAAKL	0.813295
KETTAAKS	0.232703
KETTAARL	0.204726
KETTAAKR	0.071237
KETTAAQL	0.062754
KETTAAVL	0.261018
KETTASKL	0.547795
KETTAATL	0.282656
KETTASDL	0.890043
KETTATKK	0.428509
KETTAVDL	1.424671
KETTATDL	0.622561
KETTATKR	0.992637
KETTAVKK	1.345312
KETTAVKN	0.155847
KETTAVKI	1.181449
KETTAVKM	0.958852
KETTAVKR	0.635123
KETTDAKI	0.287848
KETTAVKQ	0.068464
KETTDADL	0.455451
KETTDAKL	1.028635
KETTEAKL	0.22785
KETTDAKK	0.907527
KETTDVKK	0.380817
KETTGAKK	0.104758
KETTGTKL	0.265255
KETTGADL	0.219732
KETTGTKK	0.409453
KETTSSKL	0.280238
KETVAADL	1.144513
KETTGVKK	0.204726
KETTTAKL	0.086521
KETVAAKK	1.123938
KETVAANL	0.193088
KETVAAKI	0.482867
KETVAAKS	0.051759
KETVASDL	1.170547
KETVASKL	1.742987
KETVAATL	0.21342
KETVASKK	0.619919
KETVASKR	0.120024
KETVASRL	0.127479
KETVASKM	0.020725
KETVASNL	0.496211
KETVASVL	0.655719
KETVAVKK	1.117431
KETVASTL	0.243644
KETVAVKI	0.506373
KETVAVKR	0.069488
KETVGSKK	0.455179
KETVAVKL	0.694613
KETVESKL	0.264834
KETVSSKL	0.13094
KETWGSKK	0.267967
KETVGSKL	0.123115
KETWAAKL	0.13094
KETYAAKK	0.086521
KETYAVKK	0.524471
KETWGVKK	0.089547
KETYASKL	0.349884
KGNTAVKK	0.341681
KGSIAAKL	0.509912
KEYRAAKL	0.021796
KGRTAVKK	0.115428
KGSKAAKL	0.106116
KGSSASKL	0.051759
KGSIATKL	0.37627
KGSRASKL	0.302571
KGSTAAKL	0.154421
KGSTAVKK	1.47138
KGSTAADL	0.352789
KGSTAVKI	0.578568
KGSTAVKR	0.000606
KGTDAVKK	0.062754
KGSTAVKL	1.440432
KGTAAVKK	0.264114
KGTIAAKL	0.393407
KGTNGTKK	0.25863
KGTIAADL	0.028896
KGTIGSKL	0.444304
KGTSAVKK	0.093723
KGTTAVKK	0.242674
KGTNGTKL	0.165702
KGTTAAKL	0.087597
KGTVAAKL	0.293811
KHSRAAKK	0.341508
KGTTAVKL	0.21146
KHSIAAKL	0.523859
KHSVAAKL	0.769614
KKSRAAKL	0.764969
KHSRAAKL	0.773794
KKSRAAKK	0.326137
KKTDAVKK	0.675008
KLRTDVKR	0.021796
KKSSAVKK	0.186457
KKTSAVKK	0.07524
KLTTAVKK	0.152273
KNCSAAKC	0.309323
KLTTATKR	0.280238
KMNIAAKL	0.295463
KNSRAVKK	0.352789
KNTTAVKK	0.097516
KNSIAAKL	0.315
KNSRAVKM	0.810166
KNTVAAKL	1.090613
KNTVAVKL	0.051759
KNTVAAKK	0.587475
KNTVAVKK	0.400712
KPAIGVKK	0.21146
KPNTAVKK	0.273608
KPAAGVKK	0.101447
KPNLAVKK	0.357588
KPRWGVKK	0.176698
KPSIGVKK	0.395193
KPNTGVKK	0.077313
KPSIGAKL	0.154421
KPSSAVKR	0.024087
KPTGASKL	0.021796
KPSRAVKR	0.051759
KPTAAVKK	0.552361
KPTGGSKK	0.127479
KPTGGVKL	0.859444
KPTGAVKK	0.118706
KPTGGVKK	0.428682
KPTLAVKR	0.051759
KPTTAVDL	0.330512
KPTLAVKK	0.07524
KPTTAAKL	0.051759
KPTTAVKK	1.023336
KQADAVKK	0.142839
KPTTAVKI	0.501728
KPTTGVKK	0.058598
KQIDAVKK	0.026935
KQRFDVKR	0.037036
KQAHAAKL	0.037036
KQPDAVKK	0.021796
KQSAAVKK	0.266874
KQSAVVKK	0.226816
KQSAAADL	0.021796
KQSAVVKI	0.176698
KQSDAVKK	0.578568
KQSHAAKL	0.765706
KQSAVVKL	0.985134
KQSHAAKK	0.258884
KQSISAKL	0.051759
KQSNAVKK	0.61603
KQSIAAKL	0.338066
KQSNAAKL	0.079788
KQSQAVKK	0.280786
KQSRAAKL	1.199538
KQSNAVKL	0.065999
KQSRAAKK	0.832098
KQSRAVKK	0.101447
KQSSAAKI	0.113907
KQSRASKL	0.367029
KQSSAADL	0.472265
KQSSAAKL	1.347774
KQSSAVKL	0.051759
KQSSAAKK	0.627832
KQSSAVKK	0.549814
KQSTAADL	0.752792
KQSTASKL	0.14137
KQSTAADK	0.263057
KQSTAAKL	1.42167
KQSTAVKK	0.694663
KQSVAAKL	1.04446
KQSTATKK	0.169144
KQSVAAKK	0.599943
KQSVAVKK	0.198974
KQSYAAKK	0.038395
KQSVASKL	0.037036
KQSWGTKK	0.363784
KQTAAVKK	0.398546
KQTDAAKK	1.026005
KQSYAAKL	0.682645
KQTDAAKI	0.455451
KQTDAAKS	0.246024
KQTDASKL	1.679466
KQTDAAKL	1.396806
KQTDASKK	0.970643
KQTDAVDL	1.639096
KQTDAVKI	1.556909
KQTDATKK	0.373978
KQTDAVIK	0.176698
KQTDAVKL	2.32939
KQTDAVKQ	0.563642
KQTDAVKK	2.051992
KQTDAVKN	0.472764
KQTDAVKS	0.907076
KQTDAVNK	0.443869
KQTDAVKR	0.887902
KQTDAVKV	0.124309
KQTDAVQK	0.028896
KQTDAVTK	0.296673
KQTDAVNL	0.006001
KQTDAVRL	0.118706
KQTDAVVL	0.051759
KQTDGSKK	0.625047
KQTDAVVK	0.089547
KQTDGAKL	0.154421
KQTDSVKK	0.187421
KQTEAVKK	0.759329
KQTDSSKL	0.051759
KQTEASKK	0.040478
KQTHAAKL	0.943853
KQTIAAKL	0.475551
KQTHAAKK	0.44173
KQTIAADL	0.346158
KQTIAVKK	0.000606
KQTMAAKL	0.357928
KQTIAASL	0.365139
KQTLAAKL	0.091267
KQTNAVKR	0.22785
KQTRASKL	0.02373
KQTNAVKK	0.369179
KQTRAAKL	0.794438
KQTRAVKL	0.163733
KQTSAVKL	0.307031
KQTRAVKI	0.154421
KQTSAVKK	0.542779
KQTTAAKL	0.185471
KQTTAVKK	0.621364
KQTTAADL	0.016997
KQTTAVKI	0.081722
KQTTDAKK	0.427422
KQTVAAKK	0.89892
KQTTAVKL	0.598771
KQTVAADL	0.214486
KQTVAARL	0.619177
KQTYAVKK	0.504056
KQTVAAKL	1.078428
KQTVAVKK	0.199362
KSSIAAKK	0.021796
KSSRAAKI	0.093151
KSAGAVKK	0.459244
KSSRAADL	0.330512
KSSRAAKL	1.163294
KSSSAVKK	0.040478
KSSRAAKK	0.954849
KSSRAVKK	0.22785
KSSVAAKL	0.224122
KSTIAAKK	0.109751
KSSTAAKL	0.185652
KSTHAAKL	0.430548
KSTSAVKK	0.176698
KSTTEVKR	0.154421
KSTIAAKL	0.511967
KSTTAVKK	0.135305
KTTAAAKL	0.042615
KVHTGVKK	0.024607
KTSSDAKK	0.118706
KTTGATKL	0.021796
KVSIAAKA	0.032454
KVSRAADL	0.065999
KVSHAAKL	0.419736
KVSNAVKK	0.006001
KVSRAAKL	1.03876
KVTEGVKK	0.238845
KVSRAAKK	0.623856
KVTAAVKK	0.061304
KVTNAVKK	0.034385
KVTRAAKL	0.236536
KVTHDAKL	0.32476
KVTQAIKL	0.21809
KVTTAVKL	0.482635
KVTYAAKL	0.525002
KVTTAVKK	0.428152
KVTVAAKL	0.316713
LASIAAKL	0.106116
LESFAVKK	0.523485
KYTHAAKL	0.3243
LENNAVKK	0.273608
LESIASDL	0.026935
LESNAVDL	0.006001
LESIAAKL	0.000606
LESNAAKL	0.006001
LESNAVKL	0.621634
LESRAAKK	0.941993
LESNAVKK	0.511393
LESRAAKI	0.065999
LESRAVKK	0.079788
LESSAVKK	0.323499
LESRAAKL	1.124866
LESSASKL	0.315739
LESSAVKR	0.192686
LESTAVKK	0.574638
LESSAVKL	0.113028
LESTASKL	0.276313
LESVAAKK	0.304097
LESWGSKL	0.079788
LESTAVKL	0.570273
LESWGSKK	0.611621
LETAAVKK	0.032015
LETIAAKL	0.292493
LESWGSKR	0.051759
LETIAAKK	0.187421
LETLAAKR	0.066358
LETRASKL	0.233425
LETKASKL	0.123845
LETRAAKL	0.008293
LETRAVKK	0.43197
LETSAVKL	0.213839
LETRAVKI	0.780263
LETSAVKK	0.716311
LETSDAKL	0.051759
LETTAAKK	0.362482
LETSDAKK	0.260035
LETTAADL	0.124309
LETTASKL	0.617559
LETVAAKL	0.028896
LETTAAKL	0.139187
LETTAVKL	0.425339
LETWAAKL	0.107617
LQSDAVKK	0.393083
LETVASKL	0.502944
LPTTAVKK	0.026935
LQSTAAKL	0.021796
MESNAVKI	0.192492
LQSIAAKL	0.128925
LQTDAVKL	0.079788
METIASVL	0.097516
METTAVKK	0.326686
MESNAVKL	0.093151
METSAVKK	0.111757
NESADSKL	0.040478
NESNAVKL	0.284331
NENNAVKK	0.070644
NESNAVKK	0.040478
NESRASKL	0.073893
NESWGSKL	0.455451
NESRAAKL	0.183876
NESWGSKK	0.729298
NETIAAKL	0.144513
NETRAVKK	0.028896
NESWGSKR	0.836213
NETRAVKI	0.707644
NETSAVKK	0.425699
NETVASKL	0.067134
NETRAVKL	0.038395
NETTAVKL	0.086521
NQSVAAKL	0.290641
PETRAVKI	0.024607
NQRFDVKR	0.113907
NQTDAVKL	0.065999
QASVAAKK	0.118706
QDSIAAKI	0.83496
PQTDAVKK	0.22785
QDNAGVKR	0.118706
QDSIAAKL	0.214486
QDSVAAKI	0.54312
QDSIAAKK	0.429177
QDSTGVKK	0.208882
QDTTAVKK	0.102064
QENNAVKK	0.434262
QDTKAVKI	0.038395
QENAGVKK	0.260379
QESAAVKK	0.336019
QESFAVKL	0.330512
QENWGVKK	0.265639
QESFAVKK	0.643182
QESGDAVK	0.006767
QESKAAKL	0.550599
QESGDAKL	0.118706
QESIASKL	0.602666
QESNAADL	0.146029
QESNAVDL	0.482635
QESMAVKR	0.079788
QESNASKL	0.086521
QESNAVKK	0.552666
QESRAADL	0.237395
QESNAVKI	0.22785
QESQAVKK	0.257521
QESRAAKL	1.113841
QESRAVKK	0.424875
QESRAAKK	0.810727
QESRAVKI	0.339425
QESSAADL	0.273608
QESSASKK	0.061776
QESRDAKL	0.550278
QESSASDL	0.439939
QESSAVKI	0.024607
QESTAADL	0.497033
QESSASKL	0.398629
QESSAVKL	0.207511
QESTAAVL	0.302484
QESTASKL	0.365719
QESTAAKI	0.209367
QESTASKK	0.025972
QESTAVKK	0.659148
QESTDSKK	0.197312
QESTAVKI	0.361222
QESTAVKR	0.000606
QESVAAKL	0.501728
QESWGSKK	0.944994
QESTDSKL	0.024607
QESVASTL	0.384503
QESWGSKR	0.061304
QETAAVKL	0.051759
QESWGSKL	0.524471
QETAAVKK	0.143648
QETDASKI	0.034385
QETDAVKK	0.42793
QETDASDL	0.118706
QETDASKL	0.796486
QETEASKL	0.260035
QETIAADL	0.117562
QETEASKK	0.449699
QETHESKR	0.026935
QETIAAKK	0.464406
QETIAVKI	0.038395
QETIAAKI	0.103677
QETIASKL	0.322477
QETIAVKL	0.021796
QETMAAKL	0.10824
QETIAVKK	0.52484
QETLAAKL	0.204726
QETNASKL	0.381702
QETRAAKL	0.300205
QETMAVKK	0.451399
QETNSSKL	0.181293
QETRAVKI	1.09015
QETSAAKL	0.078742
QETRASKL	0.159927
QETRAVKL	0.552361
QETSAVKI	0.185652
QETTAADL	0.319365
QETSAVDL	0.197887
QETSAVKL	0.653819
QETTAVDL	0.197887
QETTAVKL	0.756649
QETTAAKL	0.125385
QETTAVKK	0.530697
QETVAAKK	0.084551
QETVASVL	0.176698
QETTDAKK	0.007555
QETVASKL	0.708974
QGSIAAKL	0.045929
QGTGAVKK	0.008879
QETVAVKK	0.104695
QGSVASKI	0.010366
QMNIAAKK	0.22785
QNTVAVKL	0.187421
QLTTATKR	0.218821
QNTVAVKK	0.501728
QPTGAADL	0.024607
QPTGGVDL	0.40927
QPSSGVKR	0.203026
QPTGGSKK	0.082793
QQAHAAKL	0.176698
QQSRAAKK	0.514157
QPTGGVKL	0.658816
QQSRAADL	0.006001
QQSRASKL	0.065999
QQSTAAKL	0.41191
QQSRAAKL	0.837647
QQSSAVKK	0.062754
QQTDAVDL	0.093151
QQTNAVKK	0.004762
QQSTAVKK	0.186457
QQTDAVKL	0.666784
QQTTAVKK	0.135861
QSSRAAKL	0.051759
QQTNAVKR	0.003454
QQTVAAKL	0.690961
RASIAAKL	0.390577
RASWGSKK	0.061978
QTTVAAKL	0.051759
RASTASKL	0.188597
RATVAAKL	0.266308
RDSFAVKK	0.290641
RATIAAKL	0.084288
RDSDAVKK	0.109751
RDSVAAKK	0.176698
RDTRAVKL	0.160903
RDSVAAKI	0.849215
RDTHAAKL	0.039524
RDTTAVKL	0.008293
REKIAADL	0.006001
RDTTAVKK	0.66324
REHSAVKL	0.438418
RENNAVKK	0.891865
RESAAVDL	0.051759
REKTAVKK	0.447059
RERNAVKK	0.167554
RESAAVKK	0.69721
RESFAADL	0.726369
RESAAVKI	0.051759
RESEGAKK	0.246735
RESFAAKL	0.936365
RESFAVDL	1.182093
RESFAAKK	0.491091
RESFASKL	1.101838
RESFAVKK	1.475065
RESFAVKQ	0.010366
RESFAVKI	1.06483
RESFAVKM	0.062754
RESFAVKS	0.449699
RESGGVKK	0.089547
RESFAVKR	0.381947
RESFGSKK	0.158214
RESIAADL	0.037036
RESIASKL	0.389634
RESHAAKL	0.13094
RESIAAKL	0.82057
RESIAVKK	0.369822
RESKAVKK	0.156494
RESIASVT	0.160903
RESKAAKL	0.747824
RESMAAKL	0.196003
RESNAAKK	0.157102
RESLAVKK	0.135305
RESNAADL	0.311953
RESNASKL	0.542846
RESNAVKK	1.052066
RESNAAKL	0.734642
RESNAVKI	0.73899
RESNAVKM	0.065999
RESRAADL	0.282208
RESNAVKL	1.541561
RESNAVKS	0.104147
RESRAAKL	1.138328
RESRAVKK	0.132792
RESRAAKK	0.815603
RESRAVKI	0.067553
RESREAKL	0.077313
RESSAAKL	0.239749
RESRDAKL	0.142839
RESSAADL	0.6773
RESSASKI	0.176698
RESSAVKI	0.135305
RESSASDL	0.699576
RESSASKL	0.771461
RESSAVKL	0.582463
RESTAADL	0.567338
RESSAVKK	0.750729
RESSDVKK	0.264834
RESTAAKK	0.02016
RESTASKL	0.379891
RESTAAKI	0.553207
RESTASDL	0.026935
RESTAVKI	0.403941
RESTAVKR	0.407944
RESTAVDL	0.322826
RESTAVKL	1.1407
RESTGAKK	0.063188
RESVAAKL	0.842427
RESTGADL	0.077313
RESVAAKK	0.365754
RESVAVKK	0.459244
RESWGSKL	0.805086
RESVASKL	0.128147
RESWGSKK	0.918292
RESWGSNK	0.088276
RETAATKL	0.186457
RESWGSKR	0.481332
RETAATKK	0.645701
RETAAVKK	0.669059
RETDATKK	0.043641
RETAAVKI	0.121395
RETAAVRK	0.285037
RETEASKK	0.264653
RETFASKL	0.238845
RETDAVKK	0.218987
RETFAAKL	0.61603
RETHASKL	0.005514
RETIAAKI	0.277538
RETHAAKL	0.201521
RETIAADL	0.576336
RETIAAKL	0.854592
RETIAVKK	0.56323
RETIAAKK	0.742707
RETIAVKI	0.030569
RETIAVKR	0.167554
RETKASKL	0.267778
RETIAVKL	0.321531
RETISSKL	0.678441
RETLAVKR	0.062754
RETNSSKK	0.520762
RETLASKL	0.061978
RETNAVKK	0.251331
RETNSTKK	0.155014
RETRAAKK	0.158214
RETNSSKL	0.635667
RETRAADL	0.097516
RETRASKL	0.311537
RETRAVKK	0.988682
RETRAAKL	0.627929
RETRAVKI	1.467499
RETRESKR	0.113907
RETSAVDL	0.413487
RETRAVKL	0.855146
RETSAAKL	0.476682
RETSAVKK	1.184399
RETTAADL	0.875668
RETSAVKI	0.363784
RETSAVKR	0.080917
RETTAAKK	0.275252
RETTASKL	0.350764
RETTAAKI	0.156222
RETTASDL	0.495022
RETTATKR	0.215261
RETTAVKK	1.722915
RETTATKL	0.176698
RETTAVKI	1.253745
RETTAVKM	0.611276
RETTAVKR	0.474458
RETTAVKL	1.837416
RETTAVKQ	0.28912
RETTAVKT	0.280786
RETTAVRK	0.01397
RETTAVKS	0.486682
RETTAVQK	0.124309
RETTDAKK	0.477728
RETVAADL	0.037036
RETTAVRL	0.118706
RETTSVKK	0.106116
RETVAAKL	0.967586
RETVAVKK	0.248053
RETVAAKK	0.157392
RETVASKL	0.897632
REYFAVKK	0.006001
RGSTAVKK	0.429771
RETWGVKK	0.197887
RGSIAAKL	0.317461
RGTVAAKL	0.309323
RPNTAVKK	0.277212
RGSTAVKL	0.214486
RNTVAAKL	0.093151
RPTGGVKL	0.205343
RQSRAAKL	0.477728
RPSTGVKK	0.330512
RQSDAVKK	0.051759
RQSTAAKK	0.036519
RQSTATKK	0.024607
RQSSAAKL	0.647188
RQSTASKL	0.051759
RQSTAVKL	0.106116
RQTDAADL	0.237395
RQSTAVKK	0.338778
RQSVAVKK	0.403941
RQTDASKL	0.387551
RQTDAVKK	1.694157
RQTDAAKL	0.142839
RQTDAVKI	0.359967
RQTTAVKK	0.237834
RQTVAAKL	0.659809
RQTDAVKL	1.116217
RQTVAAKK	0.280786
RSSRAAKL	0.363008
SDTTAVKK	0.167554
RSSRAAKK	0.037036
SASRAAKL	0.176698
SESNAVKK	0.044512
SESTASKL	0.570427
SESFAVKK	0.026935
SESRAAKL	0.041293
SESTAVKL	0.255879
SETRAVKI	0.215616
SESTAVKK	0.488451
SESVAAKL	0.419736
SETSAVKL	0.146734
SQSTAAKL	0.037036
SETSAVKK	0.537566
SETVASKL	0.060714
SQTVAAKL	0.051759
TESDAVKK	0.019574
SQTDAVKK	0.398546
TATVASKL	0.097516
TESKAAKL	0.115041
TESNAVKL	0.539099
TESFAVKK	0.298913
TESNAVKK	0.104177
TESRAAKK	0.154421
TESWGSKK	0.315
TESQAAKL	0.008293
TESSAVKK	0.135305
TESWGSKR	0.467428
TETHAVKK	0.280786
TESWGSKL	0.01397
TETAAVKL	0.021796
TETRAVKK	0.37627
TETSAVKL	0.00734
TETRAVKI	0.624912
TETSAVKK	0.498467
TETTAAKI	0.085183
TETTAVKI	0.113028
TETTAADL	0.383171
TETTAAKL	0.754001
TETTAVKL	0.402868
TQTDAVKK	0.698489
TETTAVKK	0.235249
TGSIATKL	0.271934
VESDAVKK	0.334305
VESWGSKK	0.141935
TQTDAVKL	0.051759
VESSAVKK	0.317316
VETTAVKK	0.158214
YESSNAKK	0.197887
VETRAVKI	0.13094
WETTAVKK	0.016997
YESTAVKK	0.157102
KESWGSIR	-0.010389
YESSNAKL	0.532723
QESTAAKK	-0.001428
EDSVGSKK	-0.027422
HESNAVDL	-0.045151
KESSAVHK	-0.018822
GETTAVKK	-0.037182
SDTVASKL	-0.062185
EESAATKL	-0.08294
KQTIASKL	-0.050904
NETWGVKK	-0.068815
KESWGSIK	-0.08957
RQSHAAKL	-0.103143
RETTAVKV	-0.08294
KERVAVKK	-0.103143
EATIAVKI	-0.124332
RENSAVKK	-0.124332
RDSRGVKR	-0.107942
KETTAVVT	-0.124332
KATKSAKQ	-0.144536
EETHASKK	-0.154715
KEPVASKL	-0.140127
KSSVAAKK	-0.146609
REHSAADL	-0.165725
QGSTAVKL	-0.17009
YESRAAKL	-0.162121
KETNAVKQ	-0.17009
EETIASKK	-0.182864
KASWASKL	-0.194914
QESNAVKR	-0.177578
EESSVVKK	-0.194914
QNTVAVDL	-0.194914
EESTGSDL	-0.211483
KETYAADL	-0.194914
KQTIAVKI	-0.203514
EASAAVKK	-0.221242
KESWVSKK	-0.221242
RESMAAKK	-0.211483
KDSEASKL	-0.221242
QGTTDPKL	-0.221242
AESDAVLK	-0.236306
KQNNAVKK	-0.221242
NESTAVKL	-0.22579
RESTSSKL	-0.238276
ELRAAVKK	-0.249271
KETTAKKR	-0.236306
EESTGVKL	-0.249271
KESNGADL	-0.249271
QENNAAKL	-0.249271
KASKASKL	-0.249271
KQNDAVKL	-0.249271
TETTAARL	-0.249271
KSTIAADL	-0.262635
RESNAVNL	-0.249271
IESIASKM	-0.262635
KESRAANK	-0.274095
EESYAAKM	-0.279234
RQTAAAKL	-0.267755
EESAASKI	-0.279234
HESTESKK	-0.279234
KETRAIKI	-0.279234
EPSSGVKR	-0.279234
KESPDWKK	-0.279234
KQTDGAKK	-0.279234
RESNAVNK	-0.279234
KLRSGVKK	-0.279234
QETIAANL	-0.279234
EETLASKR	-0.284033
QESSGSKL	-0.290664
RPTGAVKK	-0.279234
KESRASKM	-0.290664
KESAGAKK	-0.300424
EATIAAKM	-0.311419
KETRASVL	-0.292737
KQTAGVKR	-0.308857
EVSPGVKK	-0.311419
KQTMAVKK	-0.311419
EESTASDM	-0.311419
KETNGVKL	-0.311419
RESWGSKS	-0.311419
IETHAAKL	-0.320627
QDPAGSTK	-0.311419
EDSFAAKK	-0.320627
KQTVAATK	-0.320627
KESTAAVI	-0.328452
KETKESKR	-0.320627
LETLASKL	-0.3227
QETIAVKT	-0.335186
EESTGTKL	-0.346181
SETIAAKK	-0.328452
EEAFAAKL	-0.346181
GVTVASKL	-0.346181
KETVAAVK	-0.346181
ELTTDVKK	-0.346181
KESSAVVK	-0.346181
LQTKASKL	-0.346181
RQTVAAKS	-0.346181
KQTDASTK	-0.346181
RESGAAKL	-0.346181
EKNSGSKL	-0.352812
QASTAAKL	-0.354781
KPTMAAKL	-0.350729
QESEASIK	-0.352812
QPTTGVKK	-0.358416
EESSASNR	-0.371005
KESKASQL	-0.358416
AETIASKL	-0.367371
AETIGSKK	-0.38397
EESSAEDL	-0.38397
KEKTAAKL	-0.377058
EENPSSKL	-0.38397
EGSVASKI	-0.38397
IATTAAKL	-0.38397
EETNGAKS	-0.38397
GESPASDL	-0.38397
KDTGASNT	-0.38397
KETASSKQ	-0.38397
KASWAADL	-0.38397
KESHDSKK	-0.38397
KGTPASGN	-0.38397
KVTSASDL	-0.38397
KETTASGA	-0.38397
KQTTGAKI	-0.38397
NETTAAIQ	-0.38397
QETTGADL	-0.38397
MATIAADL	-0.38397
QERNASIK	-0.38397
RENTGAKK	-0.38397
SRTTASIK	-0.38397
QQTTVSHT	-0.38397
RQNNASKK	-0.38397
DETTASKT	-0.387574
KETIGSKS	-0.387574
TQSTASQK	-0.38397
KATNAAKS	-0.387574
QATTGTKK	-0.387574
KESFAVNK	-0.3906
KRSTASKL	-0.387574
RASTAVKK	-0.38915
QQSTASKL	-0.391939
KSAAGVKK	-0.397334
MENNAVKK	-0.3906
KETEASDK	-0.395399
AETEASKL	-0.425362
EETMGSKK	-0.425362
KETTAVKE	-0.403086
EESLASKK	-0.425362
GETHASKL	-0.425362
KATVASIK	-0.425362
ELTAASKK	-0.425362
IYEIGPKL	-0.425362
KELGASKK	-0.425362
KETIAAGT	-0.425362
KDTTASNG	-0.425362
KESSASEH	-0.425362
KGATAVKK	-0.425362
KVASAAKK	-0.425362
KETRGSNL	-0.425362
KQITASIK	-0.425362
MGSTASKL	-0.425362
QDTAGASL	-0.425362
LESIGSKK	-0.425362
PESTGSKT	-0.425362
QHATASIK	-0.425362
RETTAVTN	-0.425362
QESSGTKK	-0.425362
RESPASDK	-0.425362
TATIASKL	-0.425362
EESNASTK	-0.451691
RTRSATKK	-0.425362
KETIAAKN	-0.437597
HETRATKK	-0.457547
IESNAVKR	-0.460125
EESTSSKK	-0.455326
AETDASKR	-0.460125
METSAAKK	-0.460125
EESTATKQ	-0.463151
KESTLSKK	-0.460125
AETTGAKL	-0.463151
IEETASKK	-0.463151
KETIAAYN	-0.463151
GDNTASKS	-0.463151
KEPSAAEK	-0.463151
KQSRAIKI	-0.463151
QDPTASDK	-0.463151
KGKSASKK	-0.463151
PAPTASNK	-0.463151
RDTTASVE	-0.463151
YVTTAPKK	-0.463151
QGITASTK	-0.463151
TDASASYK	-0.463151
AETPASRR	-0.466755
DDTTASLK	-0.466755
ADTTAVVR	-0.466755
CESTASEK	-0.466755
DRPTASKK	-0.466755
EATTGSTK	-0.466755
DETTAAKS	-0.466755
EATIAARE	-0.466755
EDTSASKM	-0.466755
EENSASKH	-0.466755
EDSRAAKQ	-0.466755
EEDTASKE	-0.466755
EESRASTK	-0.466755
EETSASDN	-0.466755
EEPTGSKT	-0.466755
EETIASNN	-0.466755
EGASASKV	-0.466755
EKVTASKK	-0.466755
EETTDSIR	-0.466755
EGTTASSN	-0.466755
EQTGAPTS	-0.466755
EVTTASTV	-0.466755
EQAPGSKK	-0.466755
EVSAASKL	-0.466755
GEAADSKK	-0.466755
GGSTAVKK	-0.466755
GASTASKQ	-0.466755
GETPASVQ	-0.466755
HAATASKR	-0.466755
HEITAAGK	-0.466755
GQTTASIR	-0.466755
HEAAASRK	-0.466755
HETAASTR	-0.466755
HGTSASYK	-0.466755
HERTAPVK	-0.466755
HGASASNK	-0.466755
HQTTASYT	-0.466755
IDPAASTN	-0.466755
HQAGPSKK	-0.466755
IATSASND	-0.466755
IEATASND	-0.466755
IESRASKN	-0.466755
IDTTASMK	-0.466755
IEPTASKD	-0.466755
IETRASDL	-0.466755
IGTTASQR	-0.466755
IETGASYK	-0.466755
IGPIVANP	-0.466755
IVSNASKK	-0.466755
KAIAASTK	-0.466755
IQSTASIK	-0.466755
KAATASKA	-0.466755
KAPTASIE	-0.466755
KATIASKV	-0.466755
KANRASIR	-0.466755
KATAASEV	-0.466755
KATTAAIR	-0.466755
KDATASSH	-0.466755
KATPASQI	-0.466755
KDAIASSK	-0.466755
KDNTASNV	-0.466755
KDSTASEV	-0.466755
KDIAASVK	-0.466755
KDSAAPVQ	-0.466755
KDTPASIT	-0.466755
KEAAASLQ	-0.466755
KDTGASAI	-0.466755
KDTTATRK	-0.466755
KEASASCT	-0.466755
KEETASNK	-0.466755
KEALAAKL	-0.466755
KECLASKQ	-0.466755
KEIAASYV	-0.466755
KELTGSIK	-0.466755
KEGTASKA	-0.466755
KEKAASKH	-0.466755
KEPAASLQ	-0.466755
KEPTASTA	-0.466755
KENPPSKK	-0.466755
KEPSASSE	-0.466755
KERTASYR	-0.466755
KESSVAKS	-0.466755
KERAASTQ	-0.466755
KESQAAKS	-0.466755
KETAASNY	-0.466755
KETLASRT	-0.466755
KESTGAYT	-0.466755
KETIAAGE	-0.466755
KETPGSLR	-0.466755
KETTASPS	-0.466755
KETNGSTT	-0.466755
KETSGSVT	-0.466755
KETWASKN	-0.466755
KGATASKY	-0.466755
KETTPSKE	-0.466755
KGAIASKT	-0.466755
KGMAVSKL	-0.466755
KGSNASTK	-0.466755
KGGTASYK	-0.466755
KGRPGSLK	-0.466755
KGTGASNI	-0.466755
KGTTGSDK	-0.466755
KGSTAWNK	-0.466755
KGTTAPKT	-0.466755
KHTAASIE	-0.466755
KKTTASYN	-0.466755
KGVTASYV	-0.466755
KKTAGSEK	-0.466755
KNTLRSNR	-0.466755
KPTTASGY	-0.466755
KLTMAAKK	-0.466755
KPTAAADK	-0.466755
KQDTVSNK	-0.466755
KQSTASNN	-0.466755
KQAPASKT	-0.466755
KQRVASTH	-0.466755
KQTRASQK	-0.466755
KRSSASSK	-0.466755
KQTGASKE	-0.466755
KQWTASKK	-0.466755
KSTAASNR	-0.466755
KVGTGSKK	-0.466755
KRTTASEP	-0.466755
KVATAPTK	-0.466755
KVSAGSIK	-0.466755
KVTTAADK	-0.466755
KVPPASNQ	-0.466755
KVTPASDE	-0.466755
LASAASKE	-0.466755
LENSASIK	-0.466755
KVTVASTK	-0.466755
LEACASKK	-0.466755
LETKASYK	-0.466755
LKATASKI	-0.466755
LESTASAT	-0.466755
LGSTASDI	-0.466755
LVRTASKI	-0.466755
MGTAASTK	-0.466755
LQTRASKT	-0.466755
METAGSTK	-0.466755
NASTASRN	-0.466755
NDTGASNK	-0.466755
NAATASGK	-0.466755
NDPAGSKI	-0.466755
NEASGSEK	-0.466755
NEPTASVR	-0.466755
NDTTGSIK	-0.466755
NENTASER	-0.466755
NETAGAKL	-0.466755
NETTVSTK	-0.466755
NESRASRK	-0.466755
NETTAEKI	-0.466755
NGTSASIR	-0.466755
NQSAASTK	-0.466755
NGPPGSKK	-0.466755
NPAYASTT	-0.466755
NVAPGSGL	-0.466755
PASSASKE	-0.466755
NQTTASMK	-0.466755
NYTTASKI	-0.466755
PDIAASKK	-0.466755
PEATGSQK	-0.466755
PATTASHQ	-0.466755
PEAIASIK	-0.466755
PEPSASGK	-0.466755
PETFASKI	-0.466755
PELTASIK	-0.466755
PESTASST	-0.466755
PETSASRQ	-0.466755
PGSIASKK	-0.466755
PETPASGQ	-0.466755
PGGPAADI	-0.466755
PHTAAAKK	-0.466755
PRSTASIK	-0.466755
PGTRASEK	-0.466755
PQTAAPST	-0.466755
PVTTAAEK	-0.466755
QATAASNN	-0.466755
PVPTASVK	-0.466755
QAPSASIQ	-0.466755
QATTGSNN	-0.466755
QDTMANKL	-0.466755
QATSASAT	-0.466755
QDSPASKN	-0.466755
QEAAVSKT	-0.466755
QEIAASTK	-0.466755
QDTTASDR	-0.466755
QEDNASRK	-0.466755
QEPAASYT	-0.466755
QESNAAKN	-0.466755
QEMPESSS	-0.466755
QERTASEN	-0.466755
QETDGSKS	-0.466755
QETSDSIK	-0.466755
QESTASDE	-0.466755
QETPGSKE	-0.466755
QETTVSVT	-0.466755
QGSAGSNT	-0.466755
QETTASVG	-0.466755
QGNTASKE	-0.466755
QGTSGSRK	-0.466755
QLPRASIK	-0.466755
QGTIGSKI	-0.466755
QKASASNT	-0.466755
QQATASSI	-0.466755
QRTPASSK	-0.466755
QPTAASKN	-0.466755
QQTSASKS	-0.466755
QVGPASKK	-0.466755
QYPTAPKN	-0.466755
QTPRDPNA	-0.466755
QVTPASNT	-0.466755
RASTASIQ	-0.466755
RDATASIQ	-0.466755
RANAASIK	-0.466755
RATTASQN	-0.466755
RDRTASYK	-0.466755
REAGASKE	-0.466755
RDPAASNI	-0.466755
RDTTAGKK	-0.466755
REGIASSK	-0.466755
REPNASIK	-0.466755
REATASER	-0.466755
REMTASKN	-0.466755
RESAATIK	-0.466755
RETIAARL	-0.466755
REPTASSE	-0.466755
RESTSAKQ	-0.466755
RETSASLN	-0.466755
RGATASQE	-0.466755
RETNATKL	-0.466755
RETVGSKN	-0.466755
RGSPASNQ	-0.466755
RHTSGSKK	-0.466755
RGPASSRT	-0.466755
RGTSASQN	-0.466755
RPATASYQ	-0.466755
RQSTASEE	-0.466755
RKTTASDK	-0.466755
RQNVARNK	-0.466755
RRRTGSEK	-0.466755
RVSTSSKN	-0.466755
RQTSASER	-0.466755
RVNSASKK	-0.466755
RYTTAAIK	-0.466755
SEISASTK	-0.466755
RVTSAAIK	-0.466755
SDTTASTV	-0.466755
SETPASDK	-0.466755
SPSTASIK	-0.466755
SESPASNQ	-0.466755
SGNTASTK	-0.466755
TAATASDK	-0.466755
TDATASHQ	-0.466755
SVAPASKK	-0.466755
TATSASRQ	-0.466755
TDTTASKH	-0.466755
TENSASQK	-0.466755
TDPTASNT	-0.466755
TEGSASKN	-0.466755
TESAASYH	-0.466755
TETPASSQ	-0.466755
TEPSGSKQ	-0.466755
TETGASDK	-0.466755
TEYTASKI	-0.466755
TGVCGSNK	-0.466755
TETTASKW	-0.466755
TGTIASLK	-0.466755
TQATASLK	-0.466755
TVISASNK	-0.466755
TLTTASNN	-0.466755
TRTTASIR	-0.466755
VATPASNK	-0.466755
WDTTASSK	-0.466755
TVTPGSAS	-0.466755
VGTTATKK	-0.466755
YDATASKN	-0.466755
YGTSASEN	-0.466755
WGNSVSDK	-0.466755
YETSASVK	-0.466755
EESSASVR	-0.47972
EENTPSIR	-0.492309
YVTTASQQ	-0.466755
KHTAAAKK	-0.48751
KETSASRL	-0.492309
TRNAASKK	-0.492309
KDAIAAKK	-0.492309
REAAGSDT	-0.492309
EQTIAAKI	-0.497913
KESNASEI	-0.497913
EDAVGPKK	-0.497913
KDTSGSTK	-0.497913
KKPNASKK	-0.497913
PGSTASEK	-0.497913
KETRASNR	-0.497913
NEMAASKK	-0.497913
RATTASDL	-0.497913
VETTGSNK	-0.497913
QETPASNT	-0.497913
TDPTASHK	-0.497913
AETSGSNK	-0.504544
DETTASTT	-0.504544
AATVASIK	-0.504544
DEATASKS	-0.504544
EATPASTE	-0.504544
EEATDSKK	-0.504544
EAGSASKK	-0.504544
EDTTASYV	-0.504544
EESPASHQ	-0.504544
EETTASIV	-0.504544
EEPAASVK	-0.504544
EETPASRE	-0.504544
EGTNASTK	-0.504544
EVAPASIK	-0.504544
EGATASPK	-0.504544
EQSTASEI	-0.504544
GDTPASTK	-0.504544
GVTTASVK	-0.504544
EVTTASQT	-0.504544
GGSAASKK	-0.504544
HEIAASVK	-0.504544
HGTSASMK	-0.504544
HDSTASQK	-0.504544
HETTASNA	-0.504544
IAPTASIK	-0.504544
IENTASYK	-0.504544
HQTTASQI	-0.504544
IEASGSNK	-0.504544
IETNASRN	-0.504544
IGTTASYQ	-0.504544
IESSASRK	-0.504544
IGPTASKE	-0.504544
IVSSGSKK	-0.504544
KARAASQP	-0.504544
IQTAASLK	-0.504544
KAITGSKN	-0.504544
KATIASRN	-0.504544
KDAIDSRE	-0.504544
KASTASVT	-0.504544
KATTASTM	-0.504544
KDPIASNK	-0.504544
KDTNASRT	-0.504544
KDGTASNN	-0.504544
KDSTRATV	-0.504544
KDTTGAKQ	-0.504544
KEATASCE	-0.504544
KDTSGSSK	-0.504544
KEAPASRN	-0.504544
KEFPASEK	-0.504544
KELTASNQ	-0.504544
KEAVASET	-0.504544
KEITAPEK	-0.504544
KEPPASET	-0.504544
KESDSSEK	-0.504544
KENTASED	-0.504544
KERSGSNK	-0.504544
KESTAARR	-0.504544
KETIASSQ	-0.504544
KESPASLE	-0.504544
KETEDSKK	-0.504544
KETRGSQM	-0.504544
KETVASMK	-0.504544
KETPASDT	-0.504544
KETTAVRN	-0.504544
KGATASQN	-0.504544
KGSAASMK	-0.504544
KEYTASYK	-0.504544
KGPSAPKK	-0.504544
KGTHASTK	-0.504544
KGVTASKN	-0.504544
KGSTASVE	-0.504544
KGTTASIV	-0.504544
KKSTASKI	-0.504544
KPPNASKK	-0.504544
KHTTASLK	-0.504544
KLTTASGK	-0.504544
KQASASEQ	-0.504544
KQTGASVK	-0.504544
KPTSASEN	-0.504544
KQSSGSKI	-0.504544
KQTTTAKK	-0.504544
KTTYAANL	-0.504544
KQTSASLQ	-0.504544
KSTAGAKK	-0.504544
KVPTASDL	-0.504544
KVTSGSQK	-0.504544
KVESASKK	-0.504544
KVTKASKR	-0.504544
LASTGSKK	-0.504544
LESTGSDK	-0.504544
KVVSASRK	-0.504544
LENTASYK	-0.504544
LETTVSNE	-0.504544
MALSASKG	-0.504544
LETSASEE	-0.504544
LQTTGSNK	-0.504544
MEVTASNK	-0.504544
NDTPASKT	-0.504544
MESTAEKK	-0.504544
NAVTASVK	-0.504544
NEGTASNR	-0.504544
NETAASKD	-0.504544
NEAPASKI	-0.504544
NESIASEK	-0.504544
NETTASQL	-0.504544
NGYATSVA	-0.504544
NETPASIN	-0.504544
NGTIAAKL	-0.504544
NQTTGSIK	-0.504544
PATSASIQ	-0.504544
NQATASIK	-0.504544
PANAASKK	-0.504544
PEAIASRT	-0.504544
PESTASAK	-0.504544
PDSAASKT	-0.504544
PEPTASRG	-0.504544
PETSASVT	-0.504544
PGTTASRQ	-0.504544
PETIGSKT	-0.504544
PGRTASIK	-0.504544
PQTPASEK	-0.504544
QAKTVSKK	-0.504544
PPTGASKK	-0.504544
PVTTAARK	-0.504544
QATRGSTK	-0.504544
QDTSASQQ	-0.504544
QASTASEN	-0.504544
QDRSASNK	-0.504544
QEDAASRK	-0.504544
QESGASKS	-0.504544
QEAPASTQ	-0.504544
QEPSASLK	-0.504544
QETAGSHK	-0.504544
QETTASSL	-0.504544
QESTASES	-0.504544
QETSASES	-0.504544
QGGTASVK	-0.504544
QGTTGSTQ	-0.504544
QEVTASKL	-0.504544
QGTPAAKK	-0.504544
QPTSASKE	-0.504544
QRTRASKK	-0.504544
QKTSASKL	-0.504544
QQTPASKN	-0.504544
QVSSASTK	-0.504544
RATAASET	-0.504544
QVATASHK	-0.504544
RANTASKE	-0.504544
RDATASQL	-0.504544
RDTVASKR	-0.504544
RATSGSKQ	-0.504544
RDTPASRN	-0.504544
REGSASKN	-0.504544
RESAGSKR	-0.504544
REATASDE	-0.504544
REPSASVE	-0.504544
RETGAPKK	-0.504544
RETTDSNI	-0.504544
RESTAPKI	-0.504544
RETSASEV	-0.504544
RGNTASEK	-0.504544
RHTTAPKK	-0.504544
REYTGSIP	-0.504544
RGTSASRI	-0.504544
RPTTASYK	-0.504544
RVATASGK	-0.504544
RLTTASKE	-0.504544
RQTTGSER	-0.504544
RVTTGAKK	-0.504544
SEPTASNR	-0.504544
RVTAASIE	-0.504544
SEANASNK	-0.504544
SETVASIK	-0.504544
TATAASVK	-0.504544
SETLASIK	-0.504544
SVSSATKR	-0.504544
TDSTASKT	-0.504544
TENTGSTK	-0.504544
TDAPASEK	-0.504544
TECTASNS	-0.504544
TETAASTR	-0.504544
TGAAASKT	-0.504544
TESGASEK	-0.504544
TETSGSGK	-0.504544
TGTTASNH	-0.504544
TQTTASKG	-0.504544
TGSTASVK	-0.504544
TQPTASQK	-0.504544
VATTASVK	-0.504544
YATSASGK	-0.504544
TVIAASKK	-0.504544
WESTASNK	-0.504544
YETTGSKQ	-0.504544
QDTRASKL	-0.515539
YENTASKE	-0.504544
PESFAVKK	-0.512513
KETIAAIQ	-0.522272
KETGASKL	-0.526389
HEATASKD	-0.522272
QPPASAKK	-0.522272
EQAPASIK	-0.530098
KEAGASKL	-0.530098
DETSASRK	-0.530098
KANAASKN	-0.530098
KETSASDT	-0.530098
LATTASIE	-0.530098
KESNASTT	-0.530098
KQGDASKK	-0.530098
PEPTASEN	-0.530098
RDAAASKQ	-0.530098
NDTTASGK	-0.530098
QETGGSRK	-0.530098
SVQTASNK	-0.530098
AETTASGT	-0.539306
RETSAAKT	-0.530098
KEPTAAKK	-0.536513
DGSAASNK	-0.539306
EELTASKI	-0.539306
DEATASIK	-0.539306
EDTTASEQ	-0.539306
EETKASQK	-0.539306
EPASASKK	-0.539306
EESSASLN	-0.539306
EGSSAPKK	-0.539306
FDTTASKK	-0.539306
HDANASKK	-0.539306
ERTPAVKR	-0.539306
GGTSASEK	-0.539306
HETSASQT	-0.539306
IDTAASKR	-0.539306
HEPGASEI	-0.539306
HVTSASKT	-0.539306
IESTASIE	-0.539306
IQTAASAK	-0.539306
IEGSASNK	-0.539306
IGTLASKK	-0.539306
KAGSASIA	-0.539306
KATRGSKR	-0.539306
IVTTASER	-0.539306
KATCASIK	-0.539306
KDCSASKK	-0.539306
KDTGASKL	-0.539306
KAVAASNK	-0.539306
KDSPASRE	-0.539306
KEAAASCK	-0.539306
KEDTVSKK	-0.539306
KDTSASVT	-0.539306
KEATATET	-0.539306
KEKTASES	-0.539306
KEPTGSAN	-0.539306
KEIGASDK	-0.539306
KEPPGSYK	-0.539306
KESPASQL	-0.539306
KETIASAE	-0.539306
KESAASMQ	-0.539306
KETAASVS	-0.539306
KETSASTS	-0.539306
KGAPASHK	-0.539306
KETPAATK	-0.539306
KETYASNK	-0.539306
KGPTGSGK	-0.539306
KGTTAPEE	-0.539306
KGIPAGQV	-0.539306
KGTNASIE	-0.539306
KKSIASKK	-0.539306
KPTTAAEK	-0.539306
KHPSASKK	-0.539306
KPGTRSKK	-0.539306
KQSSASSK	-0.539306
KRTTASNE	-0.539306
KQITAAEK	-0.539306
KRGAASQK	-0.539306
KVGTASRN	-0.539306
KVTPASMK	-0.539306
KTTAASQK	-0.539306
KVSTASTQ	-0.539306
LATTASRN	-0.539306
LETTATNK	-0.539306
KVTTATKI	-0.539306
LETAASSK	-0.539306
LVTTASKG	-0.539306
NDATASEK	-0.539306
LPPPASKK	-0.539306
NANTASNK	-0.539306
NEITASKR	-0.539306
NETTASDT	-0.539306
NEAAASTK	-0.539306
NETNASKV	-0.539306
NKTTASTK	-0.539306
PATSASMK	-0.539306
NGSTASKQ	-0.539306
NVTSASKI	-0.539306
PEATASRT	-0.539306
PETRGSIK	-0.539306
PDTPASNK	-0.539306
PETAASET	-0.539306
PGTTASIT	-0.539306
QAATASIQ	-0.539306
PETVASQK	-0.539306
PVATASLK	-0.539306
QATTAEQK	-0.539306
QDTSESIK	-0.539306
QASTASAT	-0.539306
QDSTAPKT	-0.539306
QEITASEE	-0.539306
QESTASWK	-0.539306
QEASASTR	-0.539306
QESGASRK	-0.539306
QETSASER	-0.539306
QGTAGSKN	-0.539306
QETKASHK	-0.539306
QGATASNN	-0.539306
QPTTASLR	-0.539306
QVTAASNI	-0.539306
QHATASKQ	-0.539306
QVAAASIK	-0.539306
RASTASNE	-0.539306
RDTTASLQ	-0.539306
QVTVGSEK	-0.539306
RDSGGSKK	-0.539306
REISASTK	-0.539306
RESTGSEE	-0.539306
REATASHI	-0.539306
RESAASIR	-0.539306
RETSASEH	-0.539306
RGTRASTN	-0.539306
RETIASQE	-0.539306
RGPPASKT	-0.539306
RPTTASNQ	-0.539306
RVTGASRK	-0.539306
RKAAASEK	-0.539306
RSTNASYR	-0.539306
SEAAASQK	-0.539306
SKSAASVA	-0.539306
SAITAERN	-0.539306
SETTASSN	-0.539306
TATTASQN	-0.539306
TEPNASNK	-0.539306
TAATASQE	-0.539306
TEATASTT	-0.539306
TETIASKV	-0.539306
TGTPASGK	-0.539306
TESRASRK	-0.539306
TEVAASIK	-0.539306
TQTTASRN	-0.539306
VVTSASKK	-0.539306
TPAAASKK	-0.539306
VDTTASKR	-0.539306
YETPGSKK	-0.539306
ESNSASND	-0.550301
YDTTASQK	-0.539306
RESTASVT	-0.541868
QETRASNL	-0.550301
GEATASKL	-0.560061
KETTAAKA	-0.550301
EDTVASKR	-0.560061
KEATAAKR	-0.560061
KQSRASKI	-0.560061
KAITGAKK	-0.560061
KEYTASIQ	-0.560061
PGTSASYK	-0.560061
TESSASRK	-0.560061
MESRASKL	-0.560061
RETGAVKK	-0.560061
QVSIAAKA	-0.566692
AGNTASKK	-0.571491
KKSSASKK	-0.563665
AESTASRN	-0.571491
CESTASIK	-0.571491
DGTAASKR	-0.571491
AQRTASKR	-0.571491
DESTASKN	-0.571491
EATSAPER	-0.571491
EEDTIAEK	-0.571491
EAFTAART	-0.571491
EEAAASTN	-0.571491
EERTASLQ	-0.571491
EETTASVN	-0.571491
EENTASKQ	-0.571491
EETPASEN	-0.571491
EGTTASKD	-0.571491
EQTTGSKI	-0.571491
EGPSASNK	-0.571491
EQNTPSKT	-0.571491
EVTSASKQ	-0.571491
GEIAASKK	-0.571491
EVAPASKS	-0.571491
GDNTASRK	-0.571491
GETTASIE	-0.571491
HAPTGSTN	-0.571491
GESTASKN	-0.571491
GQTTASNQ	-0.571491
HDTTATKK	-0.571491
HETIASKN	-0.571491
HDITASKK	-0.571491
HESAASDQ	-0.571491
HGSAGSKK	-0.571491
HVSTAAKQ	-0.571491
HETTASQE	-0.571491
HQSSASNQ	-0.571491
IATTASKM	-0.571491
IELAASIQ	-0.571491
IANSASKK	-0.571491
IEAIASKS	-0.571491
IESTASQQ	-0.571491
IGATASCK	-0.571491
IEPTASKV	-0.571491
IETTASIH	-0.571491
ILSGAAIQ	-0.571491
IVPCASMR	-0.571491
IGTTASEN	-0.571491
IQTTVPKK	-0.571491
KAATASQN	-0.571491
KASNASNT	-0.571491
IYEIGPET	-0.571491
KAPSATIK	-0.571491
KATNAGVE	-0.571491
KDAPGSIK	-0.571491
KATAASYI	-0.571491
KATTGSNR	-0.571491
KDLTASKE	-0.571491
KDTAASAI	-0.571491
KDDTASKN	-0.571491
KDSIAANL	-0.571491
KDTRAPKK	-0.571491
KEAPASRE	-0.571491
KDTIATKK	-0.571491
KEAADSKK	-0.571491
KEDAASIK	-0.571491
KEITAANS	-0.571491
KEATAPRK	-0.571491
KEIAASKD	-0.571491
KENIGARK	-0.571491
KEPSGSVL	-0.571491
KEKTVAKT	-0.571491
KEPLASKN	-0.571491
KESAAAKS	-0.571491
KESTGAIS	-0.571491
KEQTASKQ	-0.571491
KESSASER	-0.571491
KETFRAKL	-0.571491
KETPSSTK	-0.571491
KETAASWT	-0.571491
KETNASVI	-0.571491
KETTARKE	-0.571491
KEYSVSIR	-0.571491
KETSASEP	-0.571491
KETYASKN	-0.571491
KGGTASLD	-0.571491
KGSSASVQ	-0.571491
KGATASQH	-0.571491
KGPTDSEP	-0.571491
KGTPASGK	-0.571491
KHRTASLV	-0.571491
KGTAGSKE	-0.571491
KGTTGSKS	-0.571491
KKPTAAKK	-0.571491
KLTTASVK	-0.571491
KIYKGAIK	-0.571491
KLRTGSEK	-0.571491
KPRTPTIK	-0.571491
KQDTASKR	-0.571491
KPAMASKS	-0.571491
KQAAASYK	-0.571491
KQRTLPNT	-0.571491
KQTSAATI	-0.571491
KQNAASKL	-0.571491
KQTIVQRI	-0.571491
KRDSASKK	-0.571491
KTPSASNK	-0.571491
KQTTASMI	-0.571491
KSPTAAKK	-0.571491
KVHPAAKT	-0.571491
KVTCASGN	-0.571491
KVATAAKA	-0.571491
KVSGASKQ	-0.571491
KVTTSSNK	-0.571491
LDPTASKI	-0.571491
KVTSASDK	-0.571491
LATPASKT	-0.571491
LEGTASKE	-0.571491
LETSASEQ	-0.571491
LDVTRGQK	-0.571491
LETAAGQK	-0.571491
LGTAASSK	-0.571491
LRCSASDK	-0.571491
LEVTASKR	-0.571491
LQAPASAR	-0.571491
MDASGSKI	-0.571491
MGPPASKQ	-0.571491
LVTSASTK	-0.571491
METPASEK	-0.571491
MVSTGAMR	-0.571491
NDTAASKL	-0.571491
MQEIAAYK	-0.571491
NCAWASNR	-0.571491
NEISASEK	-0.571491
NETAASQI	-0.571491
NEAIGSRT	-0.571491
NESAPSNK	-0.571491
NETTASNC	-0.571491
NGTTGSKS	-0.571491
NETPASQN	-0.571491
NGSMASKK	-0.571491
NQAIASKK	-0.571491
NVSRASVK	-0.571491
NLSMASES	-0.571491
NTATASRK	-0.571491
PASPASRN	-0.571491
PDTTASSN	-0.571491
NWTIASKN	-0.571491
PDSCASTA	-0.571491
PEKWESKQ	-0.571491
PETAASNN	-0.571491
PEATASNS	-0.571491
PESSASRN	-0.571491
PETTAPRK	-0.571491
PGTPASKQ	-0.571491
PETNCSNK	-0.571491
PGPCGSNR	-0.571491
PNAGGSKL	-0.571491
PSSTAAKK	-0.571491
PHIRAWER	-0.571491
PQTSASYN	-0.571491
QAATGSKE	-0.571491
QATTAVKQ	-0.571491
PVTKASKK	-0.571491
QATNASNK	-0.571491
QDPTASKE	-0.571491
QEAAASYK	-0.571491
QDGRASEY	-0.571491
QDTTASDL	-0.571491
QEGAASWT	-0.571491
QEPSASHK	-0.571491
QEATAAIK	-0.571491
QENSASTK	-0.571491
QESNASIQ	-0.571491
QETPAPKK	-0.571491
QERAASKE	-0.571491
QETDGSIK	-0.571491
QETTASPE	-0.571491
QGQTASKK	-0.571491
QETSASEV	-0.571491
QGISGSKK	-0.571491
QGTTASTM	-0.571491
QNTKASKK	-0.571491
QGTAGSIE	-0.571491
QKTTASQK	-0.571491
QQGSAANR	-0.571491
QRPSGSIE	-0.571491
QPTTAAQK	-0.571491
QQTTARKI	-0.571491
QVPAASAV	-0.571491
RAMTGSKK	-0.571491
QTCSCKEK	-0.571491
QWITPETG	-0.571491
RATSASAK	-0.571491
RDSNASIK	-0.571491
RASTASDK	-0.571491
RDITGSKK	-0.571491
REAAGSRL	-0.571491
REITAAQK	-0.571491
RDTSASKE	-0.571491
REGAVSNK	-0.571491
REPPGSNK	-0.571491
RESTASNI	-0.571491
RENSASKQ	-0.571491
RESPASLK	-0.571491
RETIASRQ	-0.571491
RETTCSKK	-0.571491
RETAATKT	-0.571491
RETSASRQ	-0.571491
RGATDSKK	-0.571491
RGTTAAKR	-0.571491
RETYASRE	-0.571491
RGTADSEK	-0.571491
RLSKAATM	-0.571491
RQPTAPGK	-0.571491
RHTSAAKE	-0.571491
RQAIASKN	-0.571491
RQTTVPNQ	-0.571491
RVPTASNN	-0.571491
RQTNGSKK	-0.571491
RVAPASKE	-0.571491
RWRLASNK	-0.571491
SEITASTK	-0.571491
RVTPAAKS	-0.571491
SDTPASKQ	-0.571491
SETMASMS	-0.571491
SKTTASPK	-0.571491
SESRASKN	-0.571491
SGTSAEEN	-0.571491
TAAAASKN	-0.571491
TDATASMK	-0.571491
SRTTASTK	-0.571491
TATSASGK	-0.571491
TDTTATKL	-0.571491
TEMSVWYN	-0.571491
TDSSASRN	-0.571491
TEGTASEE	-0.571491
TESAESKT	-0.571491
TETPVSKL	-0.571491
TEPRATDI	-0.571491
TETIAPKK	-0.571491
TGCRASKN	-0.571491
TKGLASIK	-0.571491
TETTDARK	-0.571491
TGTTASWN	-0.571491
TQAPASKI	-0.571491
TVATASER	-0.571491
TNIPASRL	-0.571491
TRTTASKQ	-0.571491
TYRDASEK	-0.571491
VQTTASKR	-0.571491
TVTAASYK	-0.571491
VETTGSKR	-0.571491
WPSTASKA	-0.571491
YETTASSN	-0.571491
WESPASKK	-0.571491
YESRASLK	-0.571491
QESSASKS	-0.575125
LESEASKK	-0.580264
YPTGAAKT	-0.571491
QETSASNR	-0.57663
HEPTASKT	-0.58809
KGTPASHK	-0.58809
EDSPASKK	-0.58809
KESTASRY	-0.58809
NHSTASYK	-0.58809
RPTTASKR	-0.58809
KVSTASIT	-0.58809
RATTAAKL	-0.58809
KESSASRK	-0.591353
AVVTASEN	-0.601454
TPRPDSNK	-0.58809
AETTASVR	-0.601454
DVTSASKK	-0.601454
EEKTASKD	-0.601454
DESTAAKQ	-0.601454
EDTTVLNQ	-0.601454
EETNASFQ	-0.601454
EPTRASIE	-0.601454
EESLASEQ	-0.601454
EGTPASEI	-0.601454
FETTASTK	-0.601454
GVPTASKK	-0.601454
ESTTASEK	-0.601454
GETTGSKN	-0.601454
HEPTGSVK	-0.601454
HQPTAPKN	-0.601454
HDPTASNP	-0.601454
HGSTASIQ	-0.601454
IDSNASKK	-0.601454
IETIATKK	-0.601454
IAITASKK	-0.601454
IESAASRE	-0.601454
IHITASKK	-0.601454
KAGTDSKK	-0.601454
IGASASTR	-0.601454
IVTPASKN	-0.601454
KATGASRR	-0.601454
KDITAPIK	-0.601454
KARAASTR	-0.601454
KCSPESKK	-0.601454
KDTAASEM	-0.601454
KEASASKA	-0.601454
KDRPSSNK	-0.601454
KDTTSSSG	-0.601454
KEGPASEQ	-0.601454
KEPGASKT	-0.601454
KEATVSKT	-0.601454
KENPASKH	-0.601454
KERTASHK	-0.601454
KETADSNN	-0.601454
KEPTASRY	-0.601454
KESTASSS	-0.601454
KETPASIQ	-0.601454
KETVASAK	-0.601454
KETIASNG	-0.601454
KETTASSM	-0.601454
KGHTASKL	-0.601454
KGTPASMK	-0.601454
KGAEASEN	-0.601454
KGSSASKT	-0.601454
KHSTASKL	-0.601454
KNIAASEE	-0.601454
KGTTASYS	-0.601454
KKVSASKK	-0.601454
KQAPGSIE	-0.601454
KQTRATKR	-0.601454
KPRSASKK	-0.601454
KQSTAPKK	-0.601454
KRTTAAGI	-0.601454
KVPPGSKK	-0.601454
KQVSAARK	-0.601454
KVDTDSKT	-0.601454
KVTTASKC	-0.601454
LENRASKS	-0.601454
KVTAASHK	-0.601454
LDTGASIG	-0.601454
LETSASNT	-0.601454
LVPNALEI	-0.601454
LESSDARE	-0.601454
LPTTGLNV	-0.601454
METTASGR	-0.601454
NEAAASEK	-0.601454
MEATAAHK	-0.601454
NATTASAI	-0.601454
NESAASES	-0.601454
NGNRAPTI	-0.601454
NELAASKK	-0.601454
NETTAAKT	-0.601454
NQTDARKI	-0.601454
PDPNASNK	-0.601454
NHTTASKV	-0.601454
PARSAAKK	-0.601454
PEPSATVK	-0.601454
PGNTRSRE	-0.601454
PEARASIK	-0.601454
PETSASKD	-0.601454
PQPSASKK	-0.601454
QATAASRK	-0.601454
PGVIGSRE	-0.601454
QAAPVSRK	-0.601454
QDPTASFI	-0.601454
QEGTKSKI	-0.601454
QATTVSKI	-0.601454
QEASASKH	-0.601454
QEQSASKK	-0.601454
QETSASNS	-0.601454
QENPGSKK	-0.601454
QETHGSGK	-0.601454
QGIPASIK	-0.601454
QLTTAARK	-0.601454
QETTPSHK	-0.601454
QGTTVKAL	-0.601454
QQTCASKK	-0.601454
QVTKATTK	-0.601454
QQASGSRQ	-0.601454
QVATASKE	-0.601454
RATIASTT	-0.601454
RDTTAAKE	-0.601454
RAATASNE	-0.601454
RDSGASKK	-0.601454
REGTASSK	-0.601454
RESSASKE	-0.601454
REAIASRK	-0.601454
RERAASKD	-0.601454
RETPASRN	-0.601454
RGPSASQK	-0.601454
RETDAAKS	-0.601454
REVTASSK	-0.601454
RKTAASEK	-0.601454
RRIGASVK	-0.601454
RGTTASEE	-0.601454
RQTAGSKL	-0.601454
RVTPASQK	-0.601454
SESSASTK	-0.601454
RVGAGSLK	-0.601454
SEADASKI	-0.601454
SGTSAEYD	-0.601454
TATNPSEK	-0.601454
SETTASRT	-0.601454
SVVTASRN	-0.601454
TDTTGRKQ	-0.601454
TESSASIR	-0.601454
TDPRASVT	-0.601454
TEPSASVE	-0.601454
TETSDSQQ	-0.601454
TKTTASKN	-0.601454
TETHASRK	-0.601454
TGTPASSK	-0.601454
TRNIASTE	-0.601454
WAAVGSKL	-0.601454
TPTTASRK	-0.601454
VEPTASKL	-0.601454
YESTATKK	-0.601454
HATTATKK	-0.614419
WVTRASNT	-0.601454
RENTAAKK	-0.612449
KESTGATT	-0.614419
QEPNASKQ	-0.614419
KDDTAASK	-0.614419
MDPSASKK	-0.614419
TESAASVK	-0.614419
ADTPASMR	-0.629482
RESTASNS	-0.614419
LETIGSKK	-0.624935
DPAPASKG	-0.629482
EETSASNT	-0.629482
AVTTASKL	-0.629482
EEPTGSIK	-0.629482
EQTTASGK	-0.629482
GVTLASKK	-0.629482
EGTMAAVR	-0.629482
GETIASGK	-0.629482
HETTASNN	-0.629482
IEDPASKK	-0.629482
HENTASME	-0.629482
IASPASKI	-0.629482
IGTGASKK	-0.629482
KARTVSQK	-0.629482
IETKAPKT	-0.629482
KAGTASNK	-0.629482
KDATASNL	-0.629482
KEAAASHQ	-0.629482
KATPASNT	-0.629482
KDTIASEK	-0.629482
KEIPATNL	-0.629482
KESLASLK	-0.629482
KEATESKI	-0.629482
KEPTASLN	-0.629482
KETIASDQ	-0.629482
KGAAASSS	-0.629482
KESTATSK	-0.629482
KETTASCE	-0.629482
KGTIASKN	-0.629482
KNSGEAPN	-0.629482
KGPTASIP	-0.629482
KKTIAPIG	-0.629482
KQPPASNK	-0.629482
KVAIASKR	-0.629482
KPTSASNK	-0.629482
KRTIAEKK	-0.629482
KVTTASRA	-0.629482
LGNSGSVV	-0.629482
KVSPASKE	-0.629482
LESIASLK	-0.629482
MDAAASKK	-0.629482
NEASASEK	-0.629482
LSTTASEN	-0.629482
NAPTASLK	-0.629482
NETRVSSE	-0.629482
NVTSASIK	-0.629482
NESAASKN	-0.629482
NQAAASVK	-0.629482
PEPAASKR	-0.629482
PGTSASKR	-0.629482
PDSTASKQ	-0.629482
PETTASDE	-0.629482
PVTRASKK	-0.629482
QDTSASLK	-0.629482
PQPIASKN	-0.629482
QDIAASKK	-0.629482
QENSASMK	-0.629482
QETTATIK	-0.629482
QEATASNQ	-0.629482
QETGASYK	-0.629482
QGTTRPHE	-0.629482
QTTAASNK	-0.629482
QGSDASKK	-0.629482
QQTFAAKT	-0.629482
RANTASKI	-0.629482
REGTASEK	-0.629482
QVTTAAKI	-0.629482
RDTSASNK	-0.629482
RESTASVQ	-0.629482
RGSAASEK	-0.629482
REPSASTQ	-0.629482
RETTGAIK	-0.629482
RQHTASLK	-0.629482
SDTPASVK	-0.629482
RKSSASNN	-0.629482
RVTIASLN	-0.629482
SGTSAERE	-0.629482
TEARAAVK	-0.629482
SETNASKN	-0.629482
TDATASAD	-0.629482
TETAASKA	-0.629482
TKTTASEK	-0.629482
TEPSASSK	-0.629482
TGITAAIK	-0.629482
TVTAASRK	-0.629482
YEVSASKK	-0.629482
TQSTASKI	-0.629482
YDSAASIK	-0.629482
FESAATKY	-0.639242
KVTTGSNK	-0.639242
NRTTGAKR	-0.633638
KETRASEN	-0.639242
RESSASDK	-0.639242
QAPSASKL	-0.647211
QATIAAKT	-0.639242
EKTTAAKK	-0.647211
AETPASNK	-0.655811
EETSASQK	-0.655811
IQSAASKT	-0.653842
EENPGAIK	-0.655811
GDRIAAKL	-0.655811
HGTTASEI	-0.655811
EQPNGSRK	-0.655811
HEPTATIG	-0.655811
IETNASIK	-0.655811
KASSASMK	-0.655811
IDSRTSKK	-0.655811
IWTTASKK	-0.655811
KDNTASTK	-0.655811
KEGPASNK	-0.655811
KATTASSI	-0.655811
KEAPAKKR	-0.655811
KEPSDSKE	-0.655811
KETRALKE	-0.655811
KELTASEK	-0.655811
KETDASMT	-0.655811
KGDSASKK	-0.655811
KKTTAPKK	-0.655811
KETTASSD	-0.655811
KGTTASRQ	-0.655811
KQSTAAEK	-0.655811
KVTPASKS	-0.655811
KPTPASSE	-0.655811
KVKTESKQ	-0.655811
LENAASKT	-0.655811
MIATASKK	-0.655811
LAPTGEQR	-0.655811
LVSIASKK	-0.655811
NEPSASKI	-0.655811
NVSNASYH	-0.655811
NDSTASNK	-0.655811
NGTTAHKK	-0.655811
PESPASKL	-0.655811
PRPRASTR	-0.655811
PDATASYK	-0.655811
PGTTSSEK	-0.655811
QDSSASKI	-0.655811
QETKASKT	-0.655811
QARTASTK	-0.655811
QEPTGSIK	-0.655811
QGTTGSKI	-0.655811
RAATGSKE	-0.655811
QEVTASKQ	-0.655811
QSTNASVK	-0.655811
REARASKN	-0.655811
RETTASRG	-0.655811
RDATATIK	-0.655811
RETADPVQ	-0.655811
RQATASNT	-0.655811
SGTAASYR	-0.655811
RGTPASKR	-0.655811
SEFTASSQ	-0.655811
TDTIASNK	-0.655811
TGTIAAKT	-0.655811
TANTASTK	-0.655811
TETSASQP	-0.655811
TVRAASKK	-0.655811
KESNASKH	-0.659446
TPTAGSIT	-0.655811
YETIATKK	-0.655811
KESGVAIQ	-0.662723
SKNSGSKR	-0.662723
HESVASKK	-0.662723
QDPTASTK	-0.662723
REPSASHG	-0.668401
EDTNASKR	-0.680635
IGTTGSKR	-0.668401
AVVTAAKE	-0.680635
GAAAASKK	-0.680635
IELTAAPK	-0.680635
EGTAGSKA	-0.680635
HETTGSKN	-0.680635
KAPAGSGQ	-0.680635
KEATASGH	-0.680635
ILATASTI	-0.680635
KDTKGSKK	-0.680635
KERAASEK	-0.680635
KEVSASTQ	-0.680635
KENAASIK	-0.680635
KETSAENK	-0.680635
KGTTASDT	-0.680635
KRPPASKK	-0.680635
KGPTASEQ	-0.680635
KQPRASKK	-0.680635
LEGPSSKT	-0.680635
NAPTASHT	-0.680635
KVRSASKK	-0.680635
MATTASNK	-0.680635
NGTAASNK	-0.680635
PETPASRK	-0.680635
NESAAAKK	-0.680635
PEAAASVK	-0.680635
QANTASTK	-0.680635
QETNGSRK	-0.680635
PLTAASDK	-0.680635
QEPHASKG	-0.680635
QPTTASTE	-0.680635
REITSSKI	-0.680635
QGPMASEK	-0.680635
RDSTASQK	-0.680635
RETTASMN	-0.680635
SEPTASYK	-0.680635
RETAAPKK	-0.680635
RVATASYK	-0.680635
TEATASKF	-0.680635
TVTAASEN	-0.680635
SRSAASYE	-0.680635
TGGSVATK	-0.680635
EERIASDG	-0.685
NSTTASKK	-0.685
YDSTASKI	-0.680635
KQLPGSKE	-0.685
IAASASKK	-0.688604
AAAVGSKL	-0.704116
RESTAVTK	-0.685
KQTVASKK	-0.692534
EETTASIT	-0.704116
HVTTASNK	-0.704116
EARRASCK	-0.704116
HETAASKQ	-0.704116
KAATATIK	-0.704116
KEHDASKR	-0.704116
IETSASVK	-0.704116
KDTTAAIE	-0.704116
KETARSKK	-0.704116
KHTRASKK	-0.704116
KEPTGSNR	-0.704116
KGRTASKI	-0.704116
KRNAASKT	-0.704116
LGTNASTR	-0.704116
KPTTVSKL	-0.704116
LDATASRK	-0.704116
NESTASKT	-0.704116
PETSASRT	-0.704116
METPASKN	-0.704116
PEAGASKK	-0.704116
QDPTASRK	-0.704116
QKIRGSKP	-0.704116
PQTTASKE	-0.704116
QETSASRR	-0.704116
RDTSASKN	-0.704116
RPSSAWYE	-0.704116
QVTTASIE	-0.704116
RETTASPN	-0.704116
SNPCASIK	-0.704116
TNIPAPNN	-0.704116
RYTSAAKQ	-0.704116
TETRASRD	-0.704116
EESIASVK	-0.706189
QVTPAPKL	-0.706189
VESIASKK	-0.704116
MEPAASRK	-0.706189
TETSASKL	-0.708664
EQATGSKI	-0.726392
IESAAAKK	-0.707909
EEHTASKK	-0.726392
HGTRASKK	-0.726392
KATTASTE	-0.726392
GGTTASKQ	-0.726392
IVTTASIK	-0.726392
KEIAGSEK	-0.726392
KETNCSKE	-0.726392
KDTTACYE	-0.726392
KESTAAMK	-0.726392
KGPTASEN	-0.726392
KVPTASKQ	-0.726392
KETTASNA	-0.726392
KQTSASIE	-0.726392
MANSASKQ	-0.726392
PATAASKI	-0.726392
LEPGGSVK	-0.726392
NGASASKK	-0.726392
PQTPASTK	-0.726392
QETSASAK	-0.726392
PETIASKS	-0.726392
QENTHSEI	-0.726392
QQTTAAQK	-0.726392
RETSASQN	-0.726392
QGTSASKI	-0.726392
REPNASTK	-0.726392
RVTAASKT	-0.726392
TGTGASTK	-0.726392
RHTPASYI	-0.726392
TEPTASKA	-0.726392
KQRAGSKK	-0.738292
KENAASNK	-0.745698
VGTNGSNK	-0.726392
TQTSAAKK	-0.744121
RETRGSKN	-0.745698
GETTASSK	-0.747582
KVATASKT	-0.745698
EETTAPAK	-0.747582
IQPTASKK	-0.747582
KEKTASTK	-0.747582
HVATASKK	-0.747582
KDTPASEQ	-0.747582
KGRGVSKR	-0.747582
LETPASKQ	-0.747582
KETIASMK	-0.747582
KVRPGARR	-0.747582
NKTAASKK	-0.747582
QELAASKK	-0.747582
NANTASKK	-0.747582
PTSTASAT	-0.747582
QQTTASNN	-0.747582
RTTTDSKN	-0.747582
QETTASYT	-0.747582
RETRASMK	-0.747582
TESTAAAK	-0.747582
EDTTASKR	-0.761155
SRAIASKK	-0.747582
EGSTASKK	-0.749056
KENIASKK	-0.764181
EASSASKK	-0.767785
EQTAASKK	-0.763115
RQTAASTK	-0.764181
HESAASKN	-0.767785
KEITVAKK	-0.767785
EVPSGSID	-0.767785
KDATRSKK	-0.767785
KGTIASSE	-0.767785
MATIASRK	-0.767785
KETPASNN	-0.767785
KVTTASMK	-0.767785
PETTGSVK	-0.767785
QVTIASSV	-0.767785
NGTSASKN	-0.767785
QETTAAVK	-0.767785
RVPNGSNQ	-0.767785
NETAGSKK	-0.773817
RESRASNK	-0.767785
TQDATSCK	-0.767785
KETSASRS	-0.78191
ERTSAPLM	-0.78709
TVTTASNK	-0.777545
AEARASKK	-0.78709
KAHTASKK	-0.78709
KGTAASKE	-0.78709
HQNTAAKE	-0.78709
KETAASSI	-0.78709
LETTAPRN	-0.78709
QDTSPSKN	-0.78709
KRCPASAN	-0.78709
PEKWESTK	-0.78709
QYLSAATK	-0.78709
SGTSAEYS	-0.78709
QETSGSIK	-0.78709
RGTSASEK	-0.78709
KESTGADK	-0.78854
KQATASKI	-0.798943
TETTASPK	-0.78709
GETTATKK	-0.798943
DENAASKH	-0.805574
KDTAASRE	-0.805574
RETTAPGL	-0.798943
IETAASKT	-0.805574
KKIRGSKP	-0.805574
PGAPASKK	-0.805574
KETAASKD	-0.805574
NETTASKV	-0.805574
QPTTASIK	-0.805574
TEGSASKK	-0.805574
QEPSASNK	-0.805574
RSSHASSE	-0.805574
QVTTASKL	-0.808579
DGSMASKR	-0.823302
YAISASKK	-0.805574
RERTASTQ	-0.815334
KASSATKR	-0.823302
KPTPGSNK	-0.823302
HETPASLK	-0.823302
KETTAPML	-0.823302
PDTPAAVR	-0.823302
RERTASVK	-0.823302
MDSTASKK	-0.823302
QPTIGSYD	-0.823302
TETRASKS	-0.823302
QVSAASKK	-0.831128
RVATASTK	-0.823302
KEPNASTK	-0.831128
EQTTASNK	-0.840336
KGTPASKC	-0.840336
KETPASRI	-0.837543
KENAASEK	-0.840336
NETNASKI	-0.840336
RETTASHT	-0.840336
KVTSASEN	-0.840336
QPSAASPN	-0.840336
YEATASQT	-0.840336
GESSAAEQ	-0.851331
SGNTVSIK	-0.840336
PEPIASKK	-0.846368
IDTNASKK	-0.856726
MQVSAARK	-0.856726
AETTATSI	-0.856726
KPTTASYK	-0.856726
QETTASSI	-0.856726
KETTASKM	-0.858149
PETTASNR	-0.856726
SEDPASET	-0.856726
KVTTASTN	-0.864695
KETTASWK	-0.872521
QATTASQE	-0.861091
KDPLASKK	-0.872521
PEPPASKK	-0.872521
TEISASKK	-0.872521
KVTTASEQ	-0.872521
RETIVANK	-0.872521
PGSAASKK	-0.875331
KDTAGSIG	-0.88776
EVPTASKK	-0.875331
GEAAASNK	-0.88776
NEAPASKK	-0.88776
THAIALNK	-0.88776
KGTTASRT	-0.88776
RETSASCE	-0.88776
TETNASNK	-0.88912
KETRGSLK	-0.902484
KETSAAIN	-0.88912
KATTASQT	-0.902484
PEPTASKQ	-0.902484
TETAASCK	-0.902484
KVTPASKI	-0.902484
RGTTASSK	-0.902484
KETPGSRK	-0.915449
KVTTASDK	-0.916724
KESTASNT	-0.913479
KENPGSKR	-0.916724
RETPASQK	-0.916724
KKTTASIK	-0.928038
QANSAPQK	-0.916724
QESTASRK	-0.92476
KEPPASIK	-0.930512
RVPNASRR	-0.930512
EETSGSTK	-0.930512
QETAASYK	-0.930512
RETTASQQ	-0.940272
RETVASKT	-0.943876
KETLASKK	-0.936207
NVTAASKK	-0.943876
RVANASNQ	-0.952172
QGNTASKK	-0.956841
KESTASHK	-0.948241
KQTTASGK	-0.956841
EEGTASKK	-0.963753
PESAASRK	-0.969431
TESAASEK	-0.956841
KETSASEE	-0.969431
IRTTASKK	-0.975034
NETTASSK	-0.981665
SGAAAAKK	-0.969431
KEGFSSEP	-0.981665
KEGLASTK	-0.98603
QATHASKK	-0.993564
RQGIASKQ	-0.981665
KEYRASKS	-0.993564
KETRGSKK	-0.998465
TEPSASKK	-1.005146
TNIPAPEK	-0.993564
PETTASTN	-1.005146
IVTKATNK	-1.016427
KETRASTK	-1.02167
SETTGAKI	-1.007219
KGATASLK	-1.017438
LATNPSKK	-1.027422
KEARASIK	-1.038146
KEGAASVI	-1.027422
KGASASKQ	-1.036377
REAPASKK	-1.045151
KDTAASNK	-1.053751
RDTTASKS	-1.038146
QGTTASKE	-1.048612
VEATASKK	-1.058831
NESTASKQ	-1.074166
KEITASSK	-1.058831
RDTDASSS	-1.068815
YETAASKK	-1.078575
HETLASIK	-1.094369
KQTSASQK	-1.078575
TEIPASMR	-1.08812
TETTAANK	-1.099973
RETTAVQT	-1.115559
NQKTASKQ	-1.09746
QEASRSAQ	-1.109609
QATTASQK	-1.124332
LENSGAKK	-1.141366
EEPAASKK	-1.124332
IETTASVK	-1.133878
QETTASRT	-1.149638
RETTAAQV	-1.165725
GETSASKK	-1.147398
KGPTASNK	-1.162121
KRAPTSIT	-1.181237
EETTASQK	-1.198661
SEASASKQ	-1.173551
KATTASSK	-1.196214
TGATASKK	-1.210692
KETSASLK	-1.235698
RPTTASKK	-1.203514
KETTASTQ	-1.229068
RETSASKQ	-1.251437
KATAASKN	-1.281597
PETTASKT	-1.243808
NETTASVT	-1.270461
RGSRPAKQ	-1.300424
EETSAAEK	-1.343011
RETTASTI	-1.288685
PESTAAKL	-1.32586
KVTTASTK	-1.367371
RESTASNK	-1.412134
QDRSASYN	-1.354781
QETNAADI	-1.396807
DETTASKI	-1.444668
PVTNASRK	-1.504544
REASASKK	-1.425362
QATSASKK	-1.480632
KTPSASKK	-1.548488
KESSASIK	-1.653535
IEATASKI	-1.525733
PQTTASKK	-1.614419
RETTATSI	-1.755038
RETDASKR	-2.130085
KETTASTI	-1.690854
RGTSAEYK	-1.955679
