sequence	value
ADTTAAKL	0.016286
AESFAVKK	0.359967
AESIASKL	0.238845
AESIAVKK	0.003986
AESNAVKK	0.608606
AESNAVKL	0.449699
AESRAAKL	0.380817
AESRASKL	0.190486
AESRASTL	0.300401
AESRAVKA	0.000606
AESSASKK	0.180700
AESSASKL	0.395641
AESSAVKK	0.449699
AESSAVKL	0.065999
AESTAAKI	0.127479
AESTAAKK	0.060999
AESTASKL	0.273608
AESTAVKK	0.502228
AESTAVKL	0.093151
AESWGSKK	0.196003
AETAAVKK	0.138909
AETDASKK	0.046155
AETDASKL	0.077313
AETIAADL	0.094028
AETIAAKK	0.091267
AETIAAKL	0.043159
AETIAAVL	0.100607
AETKASKL	0.251331
AETNSSKL	0.026935
AETRAAKL	0.582463
AETRASKL	0.051759
AETRAVKI	0.547765
AETSAAKL	0.066736
AETSAVKK	0.643718
AETSAVKL	0.304097
AETTAAKK	0.477728
AETTAAKL	0.157924
AETTASKL	0.023142
AETTAVKK	0.756481
AETTAVKL	0.409270
AETVASKL	0.433308
ANSIAAKL	0.375065
AQSKAVKI	0.000606
AQTDAVKK	0.678441
AQTDAVKL	0.176698
CESSDAKK	0.011887
CETIAAKL	0.124309
DESNAVKK	0.209938
DESNAVKL	0.065999
DESSASKL	0.051759
DESSAVKK	0.357588
DESSAVKL	0.006001
DESSDAKL	0.021796
DESSDAKR	0.500391
DESTASKL	0.061978
DESWGSKK	0.268468
DETIAAKI	0.083943
DETRAVKI	0.154421
DETSAVKK	0.359320
DETSAVKL	0.315000
DETTAVKK	0.060714
DETVASKL	0.023270
DQSIAAKL	0.060714
DQTDAVKK	0.214486
DSSSAAKL	0.097516
EAATAVKK	0.093151
EASIAADL	0.154421
EASIAAKK	0.405177
EASIAAKL	0.786567
EASQAVKK	0.145440
EASRAAKL	0.367029
EASSAAKL	0.051759
EASTASKL	0.104695
EASTAVKK	0.142839
EASTGVKK	0.038395
EASVAAKL	0.483123
EASVAAVL	0.255879
EASWGSKK	0.541845
EATIAADL	0.150890
EATIAAKK	0.627396
EATIAAKL	0.669371
EATIAAKS	0.112883
EATIAVKK	0.165702
EATNASKL	0.118706
EATNAVKK	0.118706
EATVAAKL	0.720766
EATVASKL	0.273608
EDSAASKL	0.477728
EDSIAAKI	0.367029
EDSNAVKK	0.176698
EDSSASKL	0.214486
EDSTAAKL	0.176698
EDSTASKL	0.219732
EDSTGAKK	0.018759
EDSVAADL	0.599943
EDSVAAKI	1.497218
EDSVAAKK	1.368264
EDSVAAKL	1.370518
EDSVAAKR	0.051759
EDSVAAKS	0.065999
EDSVASKK	0.113028
EDSVASKL	0.455451
EDSVAVKK	0.794746
EDTHAAKK	0.012957
EDTRESKK	0.108582
EDTTAAKK	0.116821
EDTTAAKL	0.273608
EDTTAVKK	0.957697
EDTTAVKL	0.292493
EEGSASKL	0.381947
EEHSAVKK	0.216206
EEISASKL	0.622561
EEKIAADL	0.315000
EENNAVDL	0.051759
EENNAVKK	1.485462
EENNAVKL	0.740071
EENSASKL	0.243644
EERNAVKK	0.467743
EERSASKL	0.770932
EERSAVKK	0.051759
EERVAAKL	0.065999
EERVASKL	0.062754
EESAAAKK	0.460322
EESAAAKL	0.352789
EESAASKL	0.277538
EESAASTK	0.645045
EESAAVKI	0.237395
EESAAVKK	0.885576
EESAAVKL	0.531172
EESDAAKK	0.000606
EESDAVKK	0.218090
EESDSSKK	0.154421
EESEAAKK	0.077313
EESEASKK	0.558038
EESEASKL	0.396568
EESEAVKK	0.064724
EESEGAKK	1.283103
EESEGAKL	0.570273
EESFAADL	0.142839
EESFAAKK	0.118706
EESFAAKL	0.666784
EESFASKK	0.051759
EESFASKL	0.359967
EESFAVDL	0.455451
EESFAVKI	0.380817
EESFAVKK	1.684450
EESFAVKL	1.132035
EESGASKL	0.816546
EESGDAVK	0.169398
EESHAAKL	0.533679
EESHASKL	0.194426
EESIAADL	0.345490
EESIAAKI	1.109298
EESIAAKK	0.706431
EESIAAKL	1.044892
EESIAAKQ	0.281433
EESIAAVK	0.000606
EESIASDL	0.021796
EESIASKK	0.238216
EESIASKL	1.054165
EESIASKM	0.010366
EESIASRL	0.084288
EESIASVT	0.788517
EESIAVKK	0.504056
EESIAVKL	0.265639
EESKAAKL	0.390577
EESKASKL	0.086521
EESKAVKK	0.447059
EESKFAKL	0.187421
EESLAAKL	0.209698
EESLASKL	0.066736
EESMAAKL	0.051759
EESNAADL	0.938250
EESNAAKI	0.444846
EESNAAKK	0.528880
EESNAAKL	1.172333
EESNAAKS	0.089547
EESNALKK	0.197887
EESNASKK	0.320303
EESNASKL	1.010004
EESNATKK	0.037036
EESNAVDL	1.292157
EESNAVKI	1.147841
EESNAVKK	1.739077
EESNAVKL	2.087944
EESNAVKM	0.498917
EESNAVKN	0.196003
EESNAVKQ	0.061978
EESNAVKR	0.750729
EESNAVKS	0.587475
EESNAVKT	0.185652
EESNAVNK	0.061978
EESNAVRK	0.101447
EESNAVTK	0.106116
EESNEVKK	0.246735
EESNGAKL	0.142839
EESNGSKK	0.287848
EESNGVKK	0.345490
EESNSSKL	0.176698
EESNVVKK	0.021796
EESQAVKK	0.246024
EESRAADL	0.664543
EESRAAKI	0.206661
EESRAAKK	1.252852
EESRAAKL	1.952922
EESRASDL	0.431970
EESRASKI	0.044072
EESRASKK	0.048600
EESRASKL	0.805527
EESRAVKI	0.291832
EESRAVKK	0.642823
EESRAVKL	0.273608
EESRDAKL	0.533679
EESRDTKK	0.419736
EESREAKL	0.184970
EESRGSKK	0.176698
EESSAADK	0.037036
EESSAADL	1.678631
EESSAAKI	0.669371
EESSAAKK	0.961519
EESSAAKL	1.594215
EESSAAKR	0.000606
EESSAAKS	0.531709
EESSALKK	0.037036
EESSALKL	0.264834
EESSAPKL	0.280786
EESSASDL	1.762267
EESSASEL	0.230382
EESSASIL	0.196592
EESSASKI	1.048270
EESSASKK	1.296971
EESSASKL	1.010297
EESSASKM	0.559338
EESSASKP	0.071962
EESSASKR	0.396568
EESSASKS	0.534294
EESSASKV	0.058008
EESSASNL	0.775203
EESSASQL	0.599461
EESSASRL	0.597703
EESSASSL	0.237395
EESSASTL	0.517375
EESSASVL	0.280786
EESSASVT	0.317624
EESSATKK	0.442400
EESSATKL	0.187421
EESSAVDL	0.524028
EESSAVKI	1.385542
EESSAVKK	1.846396
EESSAVKL	1.203157
EESSAVKM	0.282208
EESSAVKR	0.688581
EESSAVKV	0.345490
EESSAVRK	0.158214
EESSDAKK	0.168264
EESSDAKL	0.176698
EESSDAKR	0.065999
EESSDSKK	0.309323
EESSDSKL	0.407944
EESSGAKL	0.419736
EESSGSKK	1.044460
EESSGSKL	0.639671
EESSGTKK	0.010366
EESSGVKK	0.106116
EESSNAKL	0.218090
EESSSSKK	0.208106
EESSSSKL	0.631542
EESSTSKL	0.190061
EESSVSKL	0.500391
EESTAADL	0.959756
EESTAAKI	1.193608
EESTAAKK	0.797154
EESTAAKL	1.053695
EESTAAKS	0.176698
EESTASDL	0.837271
EESTASKI	0.244365
EESTASKK	0.580634
EESTASKL	1.187051
EESTASVK	0.041999
EESTATKK	0.565864
EESTATKL	0.393083
EESTAVDL	0.264834
EESTAVKI	0.469294
EESTAVKK	1.267552
EESTAVKL	0.878995
EESTAVKR	0.459244
EESTESKK	0.266308
EESTESKL	0.006001
EESTGADL	0.424482
EESTGAKI	0.189287
EESTGAKK	0.805086
EESTGAKL	0.455584
EESTGSKL	0.294797
EESTGVKK	0.130940
EESVAAKK	0.467743
EESVAAKL	1.275970
EESVAAKM	0.321531
EESVASKI	0.011887
EESVASKL	0.665718
EESVAVKK	0.574638
EESWASKL	0.064724
EESWGSDL	0.227850
EESWGSKI	0.246735
EESWGSKK	1.673383
EESWGSKL	1.019203
EESWGSKR	1.042447
EESWGTKK	0.227850
EESWGVKK	0.599260
EESWGVKL	0.021796
EETAAADL	0.021796
EETAAAKK	0.039524
EETAAAKL	0.332202
EETAASKL	0.168357
EETAATKK	0.121959
EETAAVDL	0.130940
EETAAVKI	0.165702
EETAAVKK	1.098239
EETAAVKL	0.528880
EETAAVRK	0.860944
EETCAAKL	0.024607
EETDAADL	0.051759
EETDASDL	0.065999
EETDASKK	0.501457
EETDASKL	0.682271
EETDATKK	0.645993
EETDATKL	0.006001
EETDAVKK	0.520762
EETEASKK	0.463939
EETEASKL	0.176698
EETEATKK	0.165702
EETFAAKI	0.077313
EETFAAKK	0.296673
EETFAAKL	0.874580
EETFASKL	0.606822
EETFAVKK	0.006001
EETHAAKK	0.114550
EETHAAKL	0.668059
EETHASKL	0.785842
EETHAVKK	0.156494
EETIAADK	0.511295
EETIAADL	1.382690
EETIAAKI	0.555332
EETIAAKK	1.413953
EETIAAKL	1.428590
EETIAAKR	0.211460
EETIAAKS	0.390577
EETIAANL	0.006001
EETIAASL	0.402868
EETIAAVI	0.135305
EETIAAVL	0.298913
EETIASDL	0.037036
EETIASKL	0.755300
EETIAVKI	0.465493
EETIAVKK	0.909315
EETIAVKL	0.345490
EETISSKL	0.410781
EETKAAKL	0.249248
EETKASKL	0.616030
EETKATKL	0.051759
EETKAVKK	0.051759
EETLAAKI	0.051759
EETLAAKK	0.037036
EETLAAKL	0.315000
EETLASKL	0.360758
EETLAVKR	0.021796
EETMAAKL	0.041293
EETMASKL	0.273608
EETMATKL	0.079788
EETMAVKK	0.472265
EETNAADL	0.118706
EETNAAKL	0.227850
EETNASKL	0.367029
EETNAVKK	0.697399
EETNAVKL	0.477728
EETNDAKK	0.089547
EETNGAKK	0.359320
EETNGAKL	0.406528
EETNSSDL	0.106116
EETNSSKK	1.035786
EETNSSKL	1.247380
EETNSTKK	0.196003
EETRAADL	0.528880
EETRAAKK	0.149825
EETRAAKL	1.144791
EETRASDL	0.106116
EETRASKL	1.253376
EETRASNL	0.113028
EETRATKK	0.169858
EETRAVDL	0.514157
EETRAVKI	2.159195
EETRAVKK	1.629633
EETRAVKL	1.362924
EETRAVKR	0.021796
EETRAVKV	0.118706
EETRAVRL	0.037036
EETRDAKL	0.035368
EETRESKK	0.062754
EETRESKL	0.065999
EETRESKR	0.520017
EETRGSKL	0.011330
EETSAADL	0.249805
EETSAAKI	0.069488
EETSAAKK	0.164463
EETSAAKL	1.065999
EETSASKL	0.538882
EETSATKR	0.063658
EETSAVDL	0.741955
EETSAVKI	0.766241
EETSAVKK	2.050397
EETSAVKL	1.541114
EETSAVKR	0.322826
EETSAVKS	0.165702
EETSDAKR	0.186457
EETSDTKL	0.218090
EETSDVKK	0.037036
EETTAADL	1.163986
EETTAAKI	0.695558
EETTAAKK	0.962793
EETTAAKL	1.205165
EETTAAKM	0.653819
EETTAAKR	0.071962
EETTAANL	0.101447
EETTAEKL	0.038395
EETTASDL	0.645993
EETTASKL	0.835775
EETTASRL	0.158599
EETTATDL	0.006001
EETTATKK	0.378874
EETTATKL	0.437610
EETTATKR	0.869104
EETTAVDL	0.711358
EETTAVKI	0.919030
EETTAVKK	1.817728
EETTAVKL	1.497437
EETTAVKM	0.797507
EETTAVKR	0.583846
EETTAVKS	0.051759
EETTDAKK	1.037036
EETTDAKL	0.359967
EETTGAKI	0.162611
EETTGAKK	0.108797
EETTGAKL	0.088276
EETTGSKL	0.068464
EETTGTKK	0.237395
EETTGTKL	0.024607
EETVAADL	0.280786
EETVAAKI	0.338066
EETVAAKK	0.589877
EETVAAKL	1.198404
EETVASDL	0.498917
EETVASKI	0.480575
EETVASKK	0.513863
EETVASKL	1.657612
EETVASVL	0.352789
EETVAVKI	0.065999
EETVAVKK	0.406474
EETVGSKK	0.026935
EETVGSKL	0.201521
EETWGSKK	0.028896
EETYAAKL	0.063658
EGSIAAKL	0.128925
EGSIATKL	0.167554
EGSSASKL	0.249805
EGSTAVKK	1.421799
EGSTAVKL	0.449699
EGSVAAVL	0.011330
EGTIGSKL	0.235819
EGTNGTKK	0.077313
EGTTAVKK	0.018335
EHSIAAKK	0.039524
EHSIAAKL	0.197887
EHSRAAKL	0.264834
EKSRAAKL	0.408306
EKSSASKL	0.093151
EMNIAAKL	0.176698
ENSRAVKM	0.187421
ENTVAAKL	0.414058
ENTVAVKI	0.322826
EPSIGAKK	0.118706
EPTGAVKK	0.006001
EPTGGVKK	0.575373
EPTGGVKL	0.515516
EPTTAVKK	1.113355
EPTTAVKL	0.307031
EQSAVVKK	0.439939
EQSAVVKL	0.176698
EQSDAVKK	0.106116
EQSEASKK	0.163733
EQSHAAKL	0.118706
EQSRAAKK	0.296673
EQSRAAKL	0.992732
EQSRASKL	0.079788
EQSSAADL	0.559914
EQSSAAKI	0.224621
EQSSAAKK	1.032454
EQSSAAKL	1.039482
EQSSASKL	0.385789
EQSSAVKI	0.006001
EQSSAVKK	0.567338
EQSSAVKL	0.006001
EQSTAADL	0.805086
EQSTAAKI	0.227850
EQSTAAKK	1.062785
EQSTAAKL	1.286544
EQSTASKL	0.355674
EQSTAVKK	0.801667
EQSTAVKL	0.273608
EQSTGAKL	0.021796
EQSVAAKL	0.508294
EQSWGSKK	0.165702
EQTDAADL	0.538425
EQTDAAKK	0.330512
EQTDAAKL	0.419736
EQTDASKK	0.246024
EQTDASKL	0.708176
EQTDAVDL	0.685227
EQTDAVKI	0.708176
EQTDAVKK	2.258235
EQTDAVKL	1.516420
EQTDAVKR	0.079788
EQTDAVKS	0.106116
EQTEAVKK	0.051759
EQTHAAKL	0.338066
EQTIAAKL	0.308370
EQTIAASL	0.097516
EQTNAVKR	0.051759
EQTRAAKL	0.237395
EQTSAVKK	0.127479
EQTTAADL	0.010366
EQTTAAKL	0.296673
EQTTASKK	0.067553
EQTTASKL	0.196901
EQTTAVKK	0.718937
EQTTAVKL	0.176698
EQTTDAKK	0.316066
EQTTDAKL	0.106116
EQTVAAKK	0.205343
EQTVAAKL	0.760948
EQTVAARL	0.165702
EQTVATKL	0.205343
ESSRAAKK	0.118706
ESSRAAKL	0.903017
ESTIAAKL	0.118706
ETTGATKK	0.006001
EVSIAAKL	0.208106
EVSRAAKL	0.483123
EVTQAIKK	0.101447
EVTTAVKK	0.162909
GESRAAKL	0.435973
GETRAVKI	0.079788
GETSAVKK	0.216569
GQSRAAKL	0.183038
GQTDAVKK	0.128925
HATTAVKK	0.447992
HDSVAAKI	0.154421
HENNAVKK	0.367029
HESFAVKK	0.675538
HESFAVKL	0.077313
HESIAAKL	0.130940
HESNASKL	0.051759
HESNAVKI	0.024607
HESNAVKK	0.705345
HESNAVKL	0.658618
HESRAAKK	0.130940
HESRAAKL	0.683782
HESSASDL	0.051759
HESSASKK	0.203800
HESSASKL	0.528880
HESSAVKK	0.365754
HESTASKL	0.010004
HESTAVKK	0.220163
HESWAADL	0.246735
HESWAAKL	0.130940
HESWASKK	0.101447
HESWASKL	0.595827
HESWAVKI	0.006001
HESWAVKK	0.407146
HESWGAKL	0.037036
HESWGSDL	0.781463
HESWGSKI	0.691607
HESWGSKK	1.910905
HESWGSKL	1.734806
HESWGSKR	0.281433
HESWGSKS	0.176698
HETAAVKK	0.194426
HETDAVKK	0.324760
HETFAAKL	0.021796
HETIAADL	0.244644
HETIAAKK	0.089083
HETIAAKL	0.377411
HETIAVKK	0.037036
HETNSSKL	0.160098
HETRAAKL	0.016997
HETRASKL	0.176698
HETRAVKI	0.964609
HETRAVKK	0.203026
HETRAVKL	0.218090
HETSAVKK	0.784153
HETSAVKL	0.266874
HETTAAKK	0.158557
HETTAAKL	0.238999
HETTAVKK	0.445151
HETTAVKL	0.264834
HETVAAKL	0.240815
HETVASKL	0.520017
HETVAVKK	0.024607
HGSTAVKK	0.298913
HQSSAAKL	0.038395
HQSTAAKL	0.232215
HQTDAVKK	1.033275
HQTDAVKL	0.273608
IENNAVKK	0.037036
IESAAVKK	0.193088
IESFAVKK	0.254925
IESFAVKL	0.021796
IESIAADL	0.051759
IESIASDL	0.227850
IESIASKI	0.187421
IESIASKK	0.661207
IESIASKL	1.346768
IESIAVKK	0.258884
IESIAVKP	0.261018
IESNAVKK	0.221739
IESNAVKL	0.400213
IESRAAKK	0.407146
IESRAAKL	0.960839
IESTAVKK	0.106116
IESVASKL	0.051759
IESVAVKK	0.057291
IESWGSKK	0.603845
IESWGSKL	0.176698
IETNASKL	0.099093
IETRASKL	0.012505
IETRAVKI	0.424145
IETSAVKK	0.585919
IETSAVKL	0.039524
IETTAVKK	0.332202
IETTAVKL	0.086521
IETVASKL	0.172501
IQSWGSKK	0.675008
IQTDAVKK	0.656824
IQTDAVKL	0.037036
KAASAVKK	0.047932
KAATAVKK	0.588140
KASEAVKK	0.006001
KASIAADL	0.866633
KASIAAKK	0.855292
KASIAAKL	0.930025
KASIAVKK	0.167554
KASNAVKK	0.218090
KASQAVKK	0.038395
KASRAADL	0.021796
KASRAAKK	0.466732
KASRAAKL	1.042518
KASTASKL	0.059312
KASTAVKK	0.405547
KASTAVKL	0.249248
KASTGVKK	0.191937
KASVAADL	0.079788
KASVAAKK	0.566669
KASVAAKL	1.113155
KASVAAVL	0.632465
KASVAVKK	0.106116
KASVGAKL	0.193511
KASWGSKK	0.733416
KASWGSKL	0.619961
KATAAVKL	0.010366
KATIAADL	0.676906
KATIAAKK	0.115110
KATIAAKL	0.649017
KATIASKL	0.528880
KATIAVKI	0.165702
KATIAVKK	0.673281
KATIAVKL	0.064724
KATIAVKP	0.039524
KATNAVKK	0.743042
KATNAVKL	0.093151
KATSAVKK	0.061978
KATTAVKK	0.325917
KATTAVKL	0.184384
KATVAADL	0.187421
KATVAAKK	0.778758
KATVAAKL	0.943721
KATVASKK	0.051759
KATVASKL	0.842647
KATVAVKQ	0.063658
KAVNAVKK	0.129080
KAVNAVKL	0.024607
KDAVGVKK	0.118706
KDCVGSKC	0.068464
KDNSGVKK	0.118706
KDSAASKL	1.104770
KDSAAVKK	0.123452
KDSDAVKK	0.000606
KDSEGTKR	0.021796
KDSIAAKI	0.821792
KDSIAAKL	0.138909
KDSKASKL	0.394181
KDSNAVKK	0.885331
KDSNAVKL	0.298913
KDSRAVKI	0.006001
KDSSAVKK	0.135305
KDSTAAKK	0.032575
KDSTAAKL	0.165702
KDSTASKL	0.172937
KDSTAVKK	0.342323
KDSTAVKL	0.321531
KDSTGAKK	0.079788
KDSTGAKL	0.000606
KDSTGVKK	0.196003
KDSVAADL	0.455451
KDSVAAKI	1.560154
KDSVAAKK	1.172501
KDSVAAKL	1.090511
KDSVASKL	0.130940
KDSVAVKK	0.498917
KDSWGSKK	0.100063
KDSWGSKR	0.000606
KDTDAAKK	0.038395
KDTDAVKK	0.076582
KDTIAAKL	0.076582
KDTRAVKL	0.187421
KDTRESKK	0.169398
KDTSAVKK	0.008293
KDTTAADL	0.193088
KDTTAAKK	0.135507
KDTTAAKL	0.596565
KDTTAVDL	0.315000
KDTTAVKI	0.415580
KDTTAVKK	1.291127
KDTTAVKL	1.032015
KDTVAAVL	0.106116
KDTVASKL	0.192686
KEAAAVKK	0.184384
KEAIAADL	0.118706
KEASAVKK	0.102315
KEAVASKL	0.018335
KECSASKL	0.093151
KEGNAVKK	0.582705
KEGSASKL	0.203026
KEGTAAKL	0.073478
KEHHASKL	0.118706
KEHSAVKK	0.160511
KEHSAVKL	0.083943
KEHTGTKK	0.114550
KEINAVKK	0.715967
KEINAVKL	0.118706
KEKIAADL	0.896857
KEKRAVKI	0.668059
KEKTASKL	0.013970
KEKTAVKK	0.352789
KENAGVKK	0.232215
KENHAAKL	0.091267
KENNAADL	0.543120
KENNAAKK	0.130940
KENNAAKL	0.547765
KENNASKL	0.848795
KENNAVDL	0.857939
KENNAVKI	0.907993
KENNAVKK	1.437960
KENNAVKL	1.676260
KENNAVKM	0.038395
KENNAVKR	0.264834
KENNAVKS	0.118706
KENNSSKL	0.065999
KENSAVKK	0.192686
KENSGVKK	0.051759
KENTAAKL	0.058598
KENTGVKK	0.205343
KENVASKL	0.154421
KENWGVKK	0.038395
KEPSAVKK	0.352789
KERIAADL	0.101447
KERIAVKR	0.066736
KERNAVKK	1.063323
KERNAVKL	0.345490
KERSASKL	0.747500
KERSAVKK	0.086521
KERTAVKK	0.197887
KERVAAKL	0.428509
KERVASKK	0.138909
KERVASKL	0.630816
KERWGSKK	0.021796
KESAAADL	0.332585
KESAAAKK	0.231055
KESAAAKL	0.527020
KESAASDL	0.079788
KESAASKL	0.379218
KESAASTK	0.563533
KESAASTL	0.016997
KESAATKL	0.079788
KESAAVDL	0.187421
KESAAVKI	0.582235
KESAAVKK	1.051475
KESAAVKL	0.744098
KESADSKL	0.006001
KESAGVKK	0.196003
KESAHVKK	0.113028
KESCGSKK	0.205343
KESDAAKK	0.419736
KESDAAKL	0.227850
KESDASKL	0.102911
KESDAVKK	0.740071
KESDAVKL	0.429177
KESDSSKK	0.711545
KESDSSKL	0.101447
KESEAAKK	0.571524
KESEAAKL	0.186457
KESEASKK	0.214830
KESEASKL	0.218090
KESEAVKK	0.498917
KESEAVKL	0.051759
KESEAVVK	0.560849
KESEGAKK	1.053565
KESEGAKL	0.338066
KESFAADL	0.773295
KESFAAKI	0.079788
KESFAAKK	0.846811
KESFAAKL	1.205256
KESFASKK	0.398546
KESFASKL	0.763214
KESFATKS	0.158969
KESFAVDL	0.898920
KESFAVKI	0.875668
KESFAVKK	1.749646
KESFAVKL	1.665131
KESFAVKR	0.152785
KESFAVKS	0.038395
KESGASKL	0.733861
KESGAVKK	0.145440
KESGDAVK	0.290641
KESHAAKK	0.330281
KESHAAKL	1.124866
KESHASKL	0.131671
KESHAVKK	0.427930
KESIAADL	0.763890
KESIAAKI	0.524724
KESIAAKK	0.649963
KESIAAKL	1.227513
KESIAAKQ	0.620210
KESIAAKS	0.118706
KESIAAKV	0.371160
KESIAAVK	0.070957
KESIAAVL	0.020160
KESIASDL	0.550278
KESIASKI	0.040478
KESIASKK	0.190270
KESIASKL	0.998400
KESIASKM	0.450525
KESIASNL	0.006001
KESIASVL	0.398546
KESIASVT	0.873747
KESIAVKI	0.315000
KESIAVKK	0.755123
KESIAVKL	0.283827
KESIAVKP	0.051759
KESIVVKK	0.135305
KESKAAKK	0.176698
KESKAAKL	0.837879
KESKASKL	0.319365
KESKAVKK	0.978849
KESKAVKL	0.290641
KESKFAKK	0.431970
KESKFAKL	0.981745
KESKGAKL	0.090217
KESLAAKL	0.238845
KESLASKL	0.088276
KESLAVKK	0.138909
KESLGSKK	0.477728
KESLGSKL	0.218090
KESMAAKL	0.315000
KESMASKL	0.118706
KESMATKR	0.051759
KESMAVKK	0.522398
KESMAVKL	0.038395
KESMAVKM	0.155847
KESMAVKR	0.142839
KESMDVKK	0.072948
KESNAADL	1.659660
KESNAAKI	0.725512
KESNAAKK	1.080830
KESNAAKL	1.311463
KESNAAKM	0.138909
KESNAAKS	0.595827
KESNAASL	0.065999
KESNAGKK	0.006001
KESNAIKK	0.384503
KESNALKK	0.782362
KESNALKL	0.146029
KESNASDL	0.134733
KESNASKI	0.010668
KESNASKK	0.473004
KESNASKL	1.287381
KESNASRL	0.093151
KESNATKK	0.785491
KESNATKL	0.142839
KESNATKR	0.419736
KESNAVDK	0.168264
KESNAVDL	2.017777
KESNAVDM	0.000606
KESNAVEK	0.287287
KESNAVKI	1.464516
KESNAVKK	1.323059
KESNAVKL	2.171636
KESNAVKM	0.915082
KESNAVKN	0.387551
KESNAVKP	0.008293
KESNAVKQ	0.469738
KESNAVKR	0.814142
KESNAVKS	0.912809
KESNAVKT	0.467844
KESNAVKV	0.308721
KESNAVNK	0.277598
KESNAVNL	0.381947
KESNAVQK	0.270797
KESNAVQL	0.101447
KESNAVRK	0.600300
KESNAVRL	0.694113
KESNAVSL	0.135305
KESNAVTK	0.416840
KESNAVTL	0.088742
KESNAVVK	0.089963
KESNAVVL	0.506373
KESNAVVT	0.396568
KESNDAKK	0.113028
KESNEVKK	1.072417
KESNEVKL	0.079788
KESNGAKK	0.079788
KESNGAKL	0.497931
KESNGSKK	0.935578
KESNGSKL	0.373978
KESNGVKK	1.117975
KESNGVKL	0.457524
KESNHAKL	0.408306
KESNPVKK	0.037036
KESNSSKK	0.146029
KESNSSKL	0.827491
KESNSVKK	0.814278
KESNSVKL	0.197887
KESNTVKK	0.232215
KESNVVKK	0.712222
KESQAAKL	0.246735
KESQASKL	0.099183
KESQAVKK	0.541289
KESRAADL	1.391180
KESRAAKF	0.006001
KESRAAKI	1.049526
KESRAAKK	1.969877
KESRAAKL	1.803761
KESRAAKM	0.232215
KESRAAKR	0.357928
KESRAAKS	0.504056
KESRAANL	0.208106
KESRAARL	0.093151
KESRAEKL	0.130940
KESRASDL	0.979672
KESRASKI	0.107875
KESRASKK	0.324839
KESRASKL	0.562738
KESRASTL	0.207511
KESRATKK	0.204527
KESRATKL	0.322826
KESRAVDL	0.089547
KESRAVKA	0.010366
KESRAVKI	0.559914
KESRAVKK	0.859365
KESRAVKL	0.718173
KESRAVKR	0.265639
KESRDAKK	0.509912
KESRDAKL	1.157134
KESRDTKK	0.715564
KESRDTKL	0.237395
KESREAKK	0.537566
KESREAKL	0.986387
KESRESIR	0.237395
KESRGAKK	0.142839
KESRGAKL	0.545781
KESRGSKK	0.448318
KESRGSKL	0.258884
KESRGTKK	0.132792
KESRSSKL	0.150369
KESSAADL	1.399003
KESSAAKI	0.448172
KESSAAKK	0.450095
KESSAAKL	1.027070
KESSAAKS	0.352789
KESSALKL	0.065999
KESSAPKL	0.086521
KESSASDL	1.718767
KESSASKI	0.813318
KESSASKK	1.017195
KESSASKL	1.390964
KESSASKM	0.509697
KESSASKP	0.003986
KESSASKR	0.209765
KESSASKS	0.588426
KESSASNL	0.469902
KESSASQL	0.294797
KESSASRL	0.374839
KESSASTL	0.136080
KESSASVL	0.168264
KESSASVT	0.032015
KESSATKK	0.093310
KESSATKL	0.194426
KESSAVDL	0.400213
KESSAVKI	1.022987
KESSAVKK	1.185766
KESSAVKL	1.177099
KESSAVKM	0.160903
KESSAVKR	0.479771
KESSAVKV	0.561906
KESSAVRK	0.081722
KESSDAKK	0.361744
KESSDAKL	0.619308
KESSDAKR	0.452323
KESSDSKK	0.409270
KESSDSKL	0.513773
KESSDVKI	0.106116
KESSDVKK	0.528880
KESSGAKL	0.086521
KESSGSKK	0.446693
KESSGSKL	0.236283
KESSGTKK	0.196592
KESSGVKK	0.488451
KESSNAKL	0.737365
KESSSSKL	0.285037
KESSTSKL	0.086521
KESSVSKL	0.203026
KESTAADL	1.342152
KESTAAEL	0.013970
KESTAAKF	0.071962
KESTAAKI	1.285113
KESTAAKK	0.792016
KESTAAKL	0.630673
KESTAAKM	0.088742
KESTAAKS	0.068603
KESTAANL	0.176698
KESTAAQL	0.063658
KESTAARL	0.026935
KESTAASL	0.000606
KESTAATL	0.088276
KESTAAVK	0.224122
KESTAAVL	0.630155
KESTAEKL	0.136080
KESTASDL	0.857082
KESTASKI	0.096098
KESTASKK	0.504638
KESTASKL	1.021105
KESTASRL	0.122139
KESTASVL	0.143648
KESTATDL	0.308370
KESTATKK	0.539044
KESTATKL	0.947550
KESTATKR	0.056558
KESTAVDL	0.820150
KESTAVKI	0.831085
KESTAVKK	1.192341
KESTAVKL	1.372828
KESTAVKM	0.378343
KESTAVKR	0.758835
KESTAVKS	0.062754
KESTAVRK	0.041293
KESTAVVL	0.241423
KESTDAKK	0.126724
KESTDAKL	0.162909
KESTDSKK	0.117438
KESTDVKK	0.560849
KESTDVKL	0.065999
KESTEAKK	0.075240
KESTESKK	0.740263
KESTESKL	0.402477
KESTGADL	0.884139
KESTGAKI	0.095703
KESTGAKK	0.365417
KESTGEKL	0.195181
KESTGSKK	0.214839
KESTGSKL	0.377674
KESTGTKK	0.176698
KESTGTKL	0.021796
KESTGVKK	0.583238
KESTGVKL	0.058598
KESTSAKL	0.138909
KESTSSKL	0.237395
KESTVVKK	0.041293
KESVAADL	0.701742
KESVAAKI	0.401093
KESVAAKK	1.180113
KESVAAKL	1.522429
KESVAAKM	0.779605
KESVASDL	0.434976
KESVASKI	0.007340
KESVASKK	0.025336
KESVASKL	0.503143
KESVASTL	0.414534
KESVASVL	0.266308
KESVATKI	0.183876
KESVAVKI	0.101447
KESVAVKK	0.957153
KESVAVKL	0.591671
KESVGSKK	0.023730
KESVGVKK	0.004762
KESWAADL	0.413487
KESWAAKL	0.246735
KESWASKK	0.113028
KESWASKL	0.595827
KESWAVKI	0.142839
KESWAVKK	0.524471
KESWGAKL	0.130940
KESWGSDL	0.822611
KESWGSKI	0.820150
KESWGSKK	1.476096
KESWGSKL	1.720507
KESWGSKR	1.338066
KESWGSKS	0.197887
KESWGSNK	0.101447
KESWGSRK	0.021796
KESWGSVK	0.327965
KESWGSVR	0.065999
KESWGTKK	0.933207
KESWGTKL	0.246735
KESWGVDL	0.037036
KESWGVKI	0.021796
KESWGVKK	1.258884
KESWGVKL	0.670209
KESWPSKK	0.101447
KESYAAKL	0.152785
KESYAVKK	0.106116
KETAAADL	0.414937
KETAAAKI	0.003067
KETAAAKK	0.085066
KETAAAKL	0.317073
KETAASKL	0.086227
KETAATKK	0.273608
KETAAVDL	0.642823
KETAAVKI	0.587799
KETAAVKK	1.100654
KETAAVKL	1.129213
KETAAVRK	0.890995
KETAAVRL	0.536849
KETAGVKM	0.106116
KETASAKL	0.120840
KETDAADL	0.165702
KETDAAKL	0.148669
KETDASDL	0.024607
KETDASKK	0.231890
KETDASKL	0.611927
KETDATDL	0.142839
KETDATKI	0.006001
KETDATKK	0.862685
KETDATKL	0.798063
KETDAVKK	1.019203
KETDAVKL	0.373978
KETEAADL	0.051759
KETEAAKK	0.051759
KETEAAKR	0.176698
KETEASDL	0.294797
KETEASKK	0.367315
KETEASKL	0.632177
KETEATKK	0.570671
KETEATKL	0.130940
KETEATKR	0.382752
KETEAVKK	0.287848
KETEGSKK	0.167554
KETFAADL	0.506373
KETFAAKI	0.216569
KETFAAKK	0.873248
KETFAAKL	1.191728
KETFASKK	0.281933
KETFASKL	0.749837
KETFAVKK	0.588878
KETGAVKK	0.190938
KETGDAKK	0.199138
KETHAADL	0.223441
KETHAAKK	0.601431
KETHAAKL	1.050018
KETHASDL	0.208106
KETHASKK	0.101223
KETHASKL	0.678847
KETHAVKK	0.612983
KETHAVKL	0.093151
KETHEANR	0.265255
KETHESKK	0.201057
KETHPSKK	0.051759
KETIAAAL	0.385581
KETIAADI	0.501406
KETIAADK	0.595015
KETIAADL	0.854179
KETIAADS	0.000606
KETIAAEL	0.101447
KETIAAHL	0.176698
KETIAAKI	0.830169
KETIAAKK	1.344639
KETIAAKL	1.398493
KETIAAKM	0.562899
KETIAAKR	0.333549
KETIAAKS	0.269012
KETIAANL	0.669371
KETIAARL	0.142839
KETIAASL	0.357026
KETIAAVI	0.636090
KETIAAVL	0.511654
KETIAAVT	0.113028
KETIAAYL	0.453815
KETIAEDL	0.553882
KETIASDI	0.346715
KETIASDL	0.505399
KETIASKL	0.804495
KETIASVL	0.086521
KETIASVV	0.004762
KETIATDL	0.000606
KETIATKK	0.043159
KETIATKL	0.075240
KETIAVDL	0.462664
KETIAVKI	1.057291
KETIAVKK	1.251259
KETIAVKL	0.931619
KETIAVKM	0.197887
KETIAVKP	0.089547
KETIAVKR	0.435763
KETIAVKV	0.273608
KETIDADL	0.227850
KETIEAKL	0.021796
KETIGADL	0.021796
KETIGAKL	0.376270
KETIGSKK	0.414058
KETIGSKL	0.070242
KETISADL	0.374508
KETISSKK	0.143529
KETISSKL	0.813520
KETITADL	0.165702
KETIVADL	0.258884
KETKAADL	0.079788
KETKAAKK	0.220901
KETKAAKL	0.781763
KETKASDL	0.361222
KETKASKL	0.737501
KETKATKL	0.190938
KETKAVKI	0.021796
KETKAVKK	0.320604
KETKDSKR	0.106116
KETKSSKL	0.026935
KETLAADL	0.016997
KETLAAKI	0.336019
KETLAAKK	0.310037
KETLAAKL	0.584546
KETLAAKR	0.224621
KETLASKL	0.738864
KETLASKV	0.009561
KETLAVKI	0.396568
KETLAVKK	0.465493
KETLAVKL	0.176698
KETLAVKR	0.315000
KETMAADL	0.166713
KETMAAKK	0.003067
KETMAAKL	0.365198
KETMATKL	0.628995
KETMATKR	0.130940
KETMAVKI	0.509912
KETMAVKK	0.678319
KETMAVKL	0.392297
KETMAVKR	0.203026
KETNAADL	0.613556
KETNAAKK	0.189048
KETNAAKL	0.514573
KETNASDL	0.365754
KETNASKL	0.346880
KETNATKK	0.064168
KETNATKL	0.132792
KETNAVDL	0.130940
KETNAVKI	0.118706
KETNAVKK	0.761132
KETNAVKL	0.769614
KETNAVKR	0.204726
KETNDAKK	0.658184
KETNDAKL	0.211460
KETNGADL	0.425339
KETNGAKK	0.286237
KETNGSKK	0.110391
KETNGSKL	0.176698
KETNGVKK	0.065999
KETNRSKL	0.037036
KETNSAKL	0.021796
KETNSSDL	0.879598
KETNSSKI	0.734852
KETNSSKK	1.319594
KETNSSKL	1.032519
KETNSSKR	0.196592
KETNSSKS	0.223441
KETNSTKK	0.552361
KETNSTKL	0.106116
KETPAAKL	0.133946
KETQAADL	0.094163
KETQASKL	0.157753
KETRAADL	1.450225
KETRAAKI	0.477728
KETRAAKK	1.109932
KETRAAKL	1.230240
KETRAFKI	0.232215
KETRASDL	0.662774
KETRASKK	0.198079
KETRASKL	1.035814
KETRASNL	0.180700
KETRATKK	0.648618
KETRATKL	0.305016
KETRATKR	0.000606
KETRAVDL	1.495283
KETRAVEI	0.130940
KETRAVKI	2.250534
KETRAVKK	1.895785
KETRAVKL	2.111757
KETRAVKM	0.681847
KETRAVKQ	0.122822
KETRAVKR	0.787712
KETRAVKS	0.714517
KETRAVKT	0.079788
KETRAVKV	0.176698
KETRAVNI	0.142839
KETRAVQI	0.142839
KETRAVRK	0.113028
KETRAVRL	0.218090
KETRAVTK	0.089547
KETRAVVL	0.037036
KETRDAKL	0.264834
KETRDSKR	0.186457
KETRDVKI	0.006001
KETRESKK	0.475551
KETRESKL	0.407944
KETRESKR	1.085010
KETRGTKK	0.203026
KETRSVKI	0.187421
KETSAADL	1.182093
KETSAAKI	0.318278
KETSAAKK	0.437588
KETSAAKL	1.327666
KETSAAKS	0.106116
KETSAAVK	0.206661
KETSAFKK	0.457524
KETSASDL	0.168580
KETSASKL	0.750210
KETSATKL	0.167554
KETSATKR	0.284792
KETSAVDL	1.637049
KETSAVEK	0.208106
KETSAVIK	0.000606
KETSAVKI	1.469759
KETSAVKK	1.848067
KETSAVKL	1.498951
KETSAVKM	0.588878
KETSAVKN	0.364688
KETSAVKQ	0.243644
KETSAVKR	0.799372
KETSAVKS	0.675869
KETSAVKT	0.326460
KETSAVNK	0.255879
KETSAVQK	0.208106
KETSAVRK	0.158214
KETSAVRL	0.203026
KETSAVTK	0.091267
KETSAVVL	0.065999
KETSDAKK	0.172150
KETSDAKL	0.196003
KETSDAKR	0.595827
KETSDSKL	0.141370
KETSDTKK	0.170623
KETSDTKL	0.719212
KETSDVKK	0.750729
KETSGAKL	0.147408
KETSGVKK	0.176698
KETSSVKK	0.185652
KETSVVKK	0.170623
KETTAADL	1.344944
KETTAAKI	0.633842
KETTAAKK	1.064609
KETTAAKL	0.813295
KETTAAKM	0.871381
KETTAAKR	0.071237
KETTAAKS	0.232703
KETTAANL	0.594347
KETTAAQL	0.062754
KETTAARL	0.204726
KETTAATL	0.282656
KETTAAVL	0.261018
KETTAEKL	0.546609
KETTASDL	0.890043
KETTASKL	0.547795
KETTATDL	0.622561
KETTATKK	0.428509
KETTATKL	0.911188
KETTATKR	0.992637
KETTAVDL	1.424671
KETTAVKI	1.181449
KETTAVKK	1.345312
KETTAVKL	1.583743
KETTAVKM	0.958852
KETTAVKN	0.155847
KETTAVKQ	0.068464
KETTAVKR	0.635123
KETTAVKS	0.397267
KETTDADL	0.455451
KETTDAKI	0.287848
KETTDAKK	0.907527
KETTDAKL	1.028635
KETTDSKL	0.095776
KETTDVKK	0.380817
KETTEAKL	0.227850
KETTGADL	0.219732
KETTGAKK	0.104758
KETTGAKL	0.462750
KETTGTKK	0.409453
KETTGTKL	0.265255
KETTGVKK	0.204726
KETTSSKL	0.280238
KETTSVKK	0.021796
KETTTAKL	0.086521
KETVAADL	1.144513
KETVAAKI	0.482867
KETVAAKK	1.123938
KETVAAKL	1.272888
KETVAAKS	0.051759
KETVAANL	0.193088
KETVAATL	0.213420
KETVASDL	1.170547
KETVASKI	0.515082
KETVASKK	0.619919
KETVASKL	1.742987
KETVASKM	0.020725
KETVASKR	0.120024
KETVASKS	0.193731
KETVASNL	0.496211
KETVASRL	0.127479
KETVASTL	0.243644
KETVASVL	0.655719
KETVAVDL	0.093151
KETVAVKI	0.506373
KETVAVKK	1.117431
KETVAVKL	0.694613
KETVAVKR	0.069488
KETVAVKV	0.258884
KETVESKL	0.264834
KETVGSKK	0.455179
KETVGSKL	0.123115
KETVSSKL	0.130940
KETVVSKL	0.037036
KETWAAKL	0.130940
KETWGSKK	0.267967
KETWGVKK	0.089547
KETYAAKK	0.086521
KETYAAKL	0.840503
KETYASKL	0.349884
KETYAVKK	0.524471
KEYRAAKL	0.021796
KGNTAVKK	0.341681
KGNTAVKL	0.026935
KGRTAVKK	0.115428
KGSIAAKL	0.509912
KGSIATKL	0.376270
KGSKAAKL	0.106116
KGSNAVKK	0.459244
KGSRASKL	0.302571
KGSSASKL	0.051759
KGSTAADL	0.352789
KGSTAAKL	0.154421
KGSTAVDL	0.619961
KGSTAVKI	0.578568
KGSTAVKK	1.471380
KGSTAVKL	1.440432
KGSTAVKR	0.000606
KGTAASKL	0.027815
KGTAAVKK	0.264114
KGTDAVKK	0.062754
KGTIAADL	0.028896
KGTIAAKL	0.393407
KGTIGSKK	0.116217
KGTIGSKL	0.444304
KGTNGTKK	0.258630
KGTNGTKL	0.165702
KGTSAVKK	0.093723
KGTSDAKK	0.176698
KGTTAAKL	0.087597
KGTTAVKK	0.242674
KGTTAVKL	0.211460
KGTVAAKL	0.293811
KHSIAAKK	0.085183
KHSIAAKL	0.523859
KHSRAAKK	0.341508
KHSRAAKL	0.773794
KHSVAAKL	0.769614
KKSNAVKK	0.214486
KKSRAAKK	0.326137
KKSRAAKL	0.764969
KKSSAVKK	0.186457
KKTDAVKK	0.675008
KKTRAVKI	0.006001
KKTSAVKK	0.075240
KLRTDVKR	0.021796
KLTTATKR	0.280238
KLTTAVKK	0.152273
KMNIAAKK	0.086521
KMNIAAKL	0.295463
KNCSAAKC	0.309323
KNSIAAKL	0.315000
KNSRAVKK	0.352789
KNSRAVKL	0.282208
KNSRAVKM	0.810166
KNTTAVKK	0.097516
KNTVAAKK	0.587475
KNTVAAKL	1.090613
KNTVAVKI	0.741728
KNTVAVKK	0.400712
KNTVAVKL	0.051759
KPAAGVKK	0.101447
KPAIGVKK	0.211460
KPALAVKK	0.183431
KPNLAVKK	0.357588
KPNTAVKK	0.273608
KPNTGVKK	0.077313
KPRWGVKK	0.176698
KPSIGAKK	0.502350
KPSIGAKL	0.154421
KPSIGVKK	0.395193
KPSRAVKR	0.051759
KPSSAVKR	0.024087
KPSTGVKK	0.214486
KPTAAVKK	0.552361
KPTGASKL	0.021796
KPTGAVKK	0.118706
KPTGGSKK	0.127479
KPTGGVDL	0.197887
KPTGGVKK	0.428682
KPTGGVKL	0.859444
KPTLAVKK	0.075240
KPTLAVKR	0.051759
KPTPGVKK	0.267359
KPTTAAKL	0.051759
KPTTAVDL	0.330512
KPTTAVKI	0.501728
KPTTAVKK	1.023336
KPTTAVKL	0.991832
KPTTGVKK	0.058598
KQADAVKK	0.142839
KQAHAAKL	0.037036
KQIDAVKK	0.026935
KQNDAVKK	0.315000
KQPDAVKK	0.021796
KQRFDVKR	0.037036
KQSAAADL	0.021796
KQSAAVKK	0.266874
KQSAVVDL	0.240815
KQSAVVKI	0.176698
KQSAVVKK	0.226816
KQSAVVKL	0.985134
KQSDAVKK	0.578568
KQSEAAKK	0.206661
KQSHAAKK	0.258884
KQSHAAKL	0.765706
KQSIAAKL	0.338066
KQSISAKL	0.051759
KQSMAAKL	0.008293
KQSNAAKL	0.079788
KQSNAVKK	0.616030
KQSNAVKL	0.065999
KQSQAVKK	0.280786
KQSRAADL	0.065999
KQSRAAKK	0.832098
KQSRAAKL	1.199538
KQSRASKL	0.367029
KQSRAVKK	0.101447
KQSRDAVL	0.032015
KQSSAADL	0.472265
KQSSAAKI	0.113907
KQSSAAKK	0.627832
KQSSAAKL	1.347774
KQSSASKL	0.254302
KQSSAVKK	0.549814
KQSSAVKL	0.051759
KQSTAADK	0.263057
KQSTAADL	0.752792
KQSTAAKK	0.518233
KQSTAAKL	1.421670
KQSTASKL	0.141370
KQSTATKK	0.169144
KQSTAVKK	0.694663
KQSTAVKL	0.704971
KQSVAAKK	0.599943
KQSVAAKL	1.044460
KQSVASKL	0.037036
KQSVAVKK	0.198974
KQSWGSKK	0.647188
KQSWGTKK	0.363784
KQSYAAKK	0.038395
KQSYAAKL	0.682645
KQTAAVKK	0.398546
KQTDAADL	1.408422
KQTDAAKI	0.455451
KQTDAAKK	1.026005
KQTDAAKL	1.396806
KQTDAAKS	0.246024
KQTDALKK	0.367029
KQTDASKK	0.970643
KQTDASKL	1.679466
KQTDATKK	0.373978
KQTDAVDL	1.639096
KQTDAVEK	0.089547
KQTDAVIK	0.176698
KQTDAVKI	1.556909
KQTDAVKK	2.051992
KQTDAVKL	2.329390
KQTDAVKM	0.605127
KQTDAVKN	0.472764
KQTDAVKQ	0.563642
KQTDAVKR	0.887902
KQTDAVKS	0.907076
KQTDAVKT	0.552361
KQTDAVKV	0.124309
KQTDAVNK	0.443869
KQTDAVNL	0.006001
KQTDAVQK	0.028896
KQTDAVRK	0.330512
KQTDAVRL	0.118706
KQTDAVTK	0.296673
KQTDAVVK	0.089547
KQTDAVVL	0.051759
KQTDDVKK	0.208106
KQTDGAKL	0.154421
KQTDGSKK	0.625047
KQTDSSKL	0.051759
KQTDSVKK	0.187421
KQTDVVKK	0.106116
KQTEASKK	0.040478
KQTEAVKK	0.759329
KQTHAAKK	0.441730
KQTHAAKL	0.943853
KQTHAVKK	0.051759
KQTIAADL	0.346158
KQTIAAKL	0.475551
KQTIAASL	0.365139
KQTIAVKK	0.000606
KQTIAVKM	0.146029
KQTLAAKL	0.091267
KQTMAAKL	0.357928
KQTNAVKK	0.369179
KQTNAVKR	0.227850
KQTRAAKK	0.051759
KQTRAAKL	0.794438
KQTRASKL	0.023730
KQTRAVKI	0.154421
KQTRAVKL	0.163733
KQTRAVVL	0.013970
KQTSAVKK	0.542779
KQTSAVKL	0.307031
KQTTAADL	0.016997
KQTTAAKL	0.185471
KQTTAVDL	0.093151
KQTTAVKI	0.081722
KQTTAVKK	0.621364
KQTTAVKL	0.598771
KQTTDAKK	0.427422
KQTTDAKL	0.106116
KQTVAADL	0.214486
KQTVAAKK	0.898920
KQTVAAKL	1.078428
KQTVAARL	0.619177
KQTVASKL	0.108240
KQTVAVKK	0.199362
KQTYAVKK	0.504056
KSAGAVKK	0.459244
KSSIAAKK	0.021796
KSSIAAKL	0.214962
KSSRAADL	0.330512
KSSRAAKI	0.093151
KSSRAAKK	0.954849
KSSRAAKL	1.163294
KSSRASKL	0.006001
KSSRAVKK	0.227850
KSSSAVKK	0.040478
KSSTAAKL	0.185652
KSSVAAKL	0.224122
KSTDAVKK	0.385789
KSTHAAKL	0.430548
KSTIAAKK	0.109751
KSTIAAKL	0.511967
KSTSAVKK	0.176698
KSTTAAKL	0.041658
KSTTAVKK	0.135305
KSTTEVKR	0.154421
KTSSDAKK	0.118706
KTTAAAKL	0.042615
KTTAAVKK	0.065999
KTTGATKL	0.021796
KVHTGVKK	0.024607
KVSHAAKL	0.419736
KVSIAAKA	0.032454
KVSIAAKL	0.508072
KVSNAVKK	0.006001
KVSRAADL	0.065999
KVSRAAKK	0.623856
KVSRAAKL	1.038760
KVSTAVKK	0.352789
KVTAAVKK	0.061304
KVTEGVKK	0.238845
KVTHDAKL	0.324760
KVTNAVKK	0.034385
KVTQAIKK	0.457634
KVTQAIKL	0.218090
KVTRAAKL	0.236536
KVTTAVKK	0.428152
KVTTAVKL	0.482635
KVTVAAKK	0.093151
KVTVAAKL	0.316713
KVTYAAKL	0.525002
KYTHAAKL	0.324300
LASIAAKL	0.106116
LDSVAAKI	0.106116
LENNAVKK	0.273608
LESFAVKK	0.523485
LESIAAKL	0.000606
LESIASDL	0.026935
LESIASKL	0.598576
LESNAAKL	0.006001
LESNAVDL	0.006001
LESNAVKK	0.511393
LESNAVKL	0.621634
LESRAADL	0.264834
LESRAAKI	0.065999
LESRAAKK	0.941993
LESRAAKL	1.124866
LESRAVKK	0.079788
LESSASDL	0.101447
LESSASKL	0.315739
LESSAVKK	0.323499
LESSAVKL	0.113028
LESSAVKR	0.192686
LESTASDL	0.083943
LESTASKL	0.276313
LESTAVKK	0.574638
LESTAVKL	0.570273
LESVAAKK	0.304097
LESVAAKL	0.741728
LESWGSKK	0.611621
LESWGSKL	0.079788
LESWGSKR	0.051759
LETAAVKK	0.032015
LETIAADL	0.074989
LETIAAKK	0.187421
LETIAAKL	0.292493
LETKASKL	0.123845
LETLAAKR	0.066358
LETNSSKL	0.000606
LETRAAKL	0.008293
LETRASKL	0.233425
LETRAVKI	0.780263
LETRAVKK	0.431970
LETRAVKL	0.154421
LETSAVKK	0.716311
LETSAVKL	0.213839
LETSDAKK	0.260035
LETSDAKL	0.051759
LETSDAKR	0.430872
LETTAADL	0.124309
LETTAAKK	0.362482
LETTAAKL	0.139187
LETTASKL	0.617559
LETTAVKK	0.559615
LETTAVKL	0.425339
LETVAAKL	0.028896
LETVASKL	0.502944
LETWAAKL	0.107617
LGSTAVKK	0.041293
LPTTAVKK	0.026935
LQSDAVKK	0.393083
LQSIAAKL	0.128925
LQSTAAKL	0.021796
LQTDAVKK	1.064920
LQTDAVKL	0.079788
MESNAVKI	0.192492
MESNAVKL	0.093151
METIASVL	0.097516
METRAVKI	0.130940
METSAVKK	0.111757
METTAVKK	0.326686
NENNAVKK	0.070644
NESADSKL	0.040478
NESFAVKK	0.183876
NESNAVKK	0.040478
NESNAVKL	0.284331
NESRAAKL	0.183876
NESRASKL	0.073893
NESTAVKK	0.079788
NESWGSKK	0.729298
NESWGSKL	0.455451
NESWGSKR	0.836213
NETIAAKL	0.144513
NETIASKL	0.099183
NETRAVKI	0.707644
NETRAVKK	0.028896
NETRAVKL	0.038395
NETSAVKK	0.425699
NETTAVKK	0.138163
NETTAVKL	0.086521
NETVASKL	0.067134
NQRFDVKR	0.113907
NQSVAAKL	0.290641
NQTDAVKK	0.714910
NQTDAVKL	0.065999
PETRAVKI	0.024607
PQTDAVKK	0.227850
QASVAAKK	0.118706
QASVAAKL	0.499387
QDNAGVKR	0.118706
QDSIAAKI	0.834960
QDSIAAKK	0.429177
QDSIAAKL	0.214486
QDSTAAKL	0.111757
QDSTGVKK	0.208882
QDSVAAKI	0.543120
QDTKAVKI	0.038395
QDTTAVKK	0.102064
QDTVAAKL	0.016997
QENAGVKK	0.260379
QENNAVKK	0.434262
QENWGVKK	0.265639
QESAAVKK	0.336019
QESFAAKL	0.144513
QESFAVKK	0.643182
QESFAVKL	0.330512
QESGDAKL	0.118706
QESGDAVK	0.006767
QESIAAKL	0.109751
QESIASKL	0.602666
QESKAAKL	0.550599
QESMAVKR	0.079788
QESNAADL	0.146029
QESNAAKL	0.211460
QESNASKL	0.086521
QESNAVDL	0.482635
QESNAVKI	0.227850
QESNAVKK	0.552666
QESNAVKL	1.099682
QESQAVKK	0.257521
QESRAADL	0.237395
QESRAAKK	0.810727
QESRAAKL	1.113841
QESRASKL	0.034725
QESRAVKI	0.339425
QESRAVKK	0.424875
QESRDAKL	0.550278
QESSAADL	0.273608
QESSAAKL	0.100607
QESSASDL	0.439939
QESSASKK	0.061776
QESSASKL	0.398629
QESSAVKI	0.024607
QESSAVKK	0.625790
QESSAVKL	0.207511
QESTAADL	0.497033
QESTAAKI	0.209367
QESTAAVL	0.302484
QESTASDL	0.343645
QESTASKK	0.025972
QESTASKL	0.365719
QESTAVKI	0.361222
QESTAVKK	0.659148
QESTAVKL	0.552361
QESTAVKR	0.000606
QESTDSKK	0.197312
QESTDSKL	0.024607
QESVAAKL	0.501728
QESVASKL	0.750729
QESVASTL	0.384503
QESWGSKK	0.944994
QESWGSKL	0.524471
QESWGSKR	0.061304
QESYAAKL	0.203026
QETAAVKK	0.143648
QETAAVKL	0.051759
QETDASDL	0.118706
QETDASKI	0.034385
QETDASKK	0.175350
QETDASKL	0.796486
QETDAVKK	0.427930
QETEASKK	0.449699
QETEASKL	0.260035
QETFAAKL	0.136080
QETHESKR	0.026935
QETIAADL	0.117562
QETIAAKI	0.103677
QETIAAKK	0.464406
QETIAAKL	0.928060
QETIASKL	0.322477
QETIAVKI	0.038395
QETIAVKK	0.524840
QETIAVKL	0.021796
QETKASKL	0.002200
QETLAAKL	0.204726
QETMAAKL	0.108240
QETMAVKK	0.451399
QETNASKL	0.381702
QETNAVKK	0.067553
QETNSSKL	0.181293
QETRAAKL	0.300205
QETRASKL	0.159927
QETRAVKI	1.090150
QETRAVKK	0.560702
QETRAVKL	0.552361
QETSAAKL	0.078742
QETSAVDL	0.197887
QETSAVKI	0.185652
QETSAVKK	0.704109
QETSAVKL	0.653819
QETTAADL	0.319365
QETTAAKL	0.125385
QETTAVDL	0.197887
QETTAVKI	0.211460
QETTAVKK	0.530697
QETTAVKL	0.756649
QETTDAKK	0.007555
QETVAAKK	0.084551
QETVAAKL	0.362462
QETVASKL	0.708974
QETVASVL	0.176698
QETVAVKK	0.104695
QGSIAAKL	0.045929
QGSTAVKK	0.155158
QGSVASKI	0.010366
QGTGAVKK	0.008879
QLTTATKR	0.218821
QMNIAAKK	0.227850
QNTVAVKI	0.848282
QNTVAVKK	0.501728
QNTVAVKL	0.187421
QPSSGVKR	0.203026
QPTGAADL	0.024607
QPTGAVKK	0.352789
QPTGGSKK	0.082793
QPTGGVDL	0.409270
QPTGGVKL	0.658816
QQAHAAKL	0.176698
QQSQAVKK	0.336398
QQSRAADL	0.006001
QQSRAAKK	0.514157
QQSRAAKL	0.837647
QQSRASKL	0.065999
QQSSAAKL	0.253404
QQSSAVKK	0.062754
QQSTAAKL	0.411910
QQSTAVKK	0.186457
QQTDAVDL	0.093151
QQTDAVKK	1.184018
QQTDAVKL	0.666784
QQTNAVKK	0.004762
QQTNAVKR	0.003454
QQTTAVKK	0.135861
QQTVAAKK	0.184970
QQTVAAKL	0.690961
QSSRAAKL	0.051759
QTTVAAKL	0.051759
RASIAAKL	0.390577
RASRAAKL	0.077313
RASTASKL	0.188597
RASWGSKK	0.061978
RATIAAKL	0.084288
RATVAAKL	0.266308
RDSAASKL	0.038395
RDSDAVKK	0.109751
RDSFAVKK	0.290641
RDSVAAKI	0.849215
RDSVAAKK	0.176698
RDSVAAKL	0.065999
RDTHAAKL	0.039524
RDTRAVKL	0.160903
RDTTAVKK	0.663240
RDTTAVKL	0.008293
REHSAVDL	0.037036
REHSAVKL	0.438418
REKIAADL	0.006001
REKTAVKK	0.447059
RENNAVKK	0.891865
RENNAVKL	0.365754
RERNAVKK	0.167554
RESAAVDL	0.051759
RESAAVKI	0.051759
RESAAVKK	0.697210
RESAAVKL	0.443869
RESEGAKK	0.246735
RESFAADL	0.726369
RESFAAKK	0.491091
RESFAAKL	0.936365
RESFASKK	0.468584
RESFASKL	1.101838
RESFAVDL	1.182093
RESFAVKI	1.064830
RESFAVKK	1.475065
RESFAVKL	1.848465
RESFAVKM	0.062754
RESFAVKQ	0.010366
RESFAVKR	0.381947
RESFAVKS	0.449699
RESFAVTK	0.038395
RESFGSKK	0.158214
RESGGVKK	0.089547
RESHAAKL	0.130940
RESIAADL	0.037036
RESIAAKK	0.436636
RESIAAKL	0.820570
RESIASKL	0.389634
RESIASVT	0.160903
RESIAVKK	0.369822
RESKAAKK	0.165702
RESKAAKL	0.747824
RESKAVKK	0.156494
RESLAVKK	0.135305
RESMAAKL	0.196003
RESMAVKK	0.176698
RESNAADL	0.311953
RESNAAKK	0.157102
RESNAAKL	0.734642
RESNASKL	0.542846
RESNAVDL	0.853391
RESNAVKI	0.738990
RESNAVKK	1.052066
RESNAVKL	1.541561
RESNAVKM	0.065999
RESNAVKR	0.273608
RESNAVKS	0.104147
RESRAADL	0.282208
RESRAAKK	0.815603
RESRAAKL	1.138328
RESRASKL	0.179131
RESRAVKI	0.067553
RESRAVKK	0.132792
RESRDAKL	0.142839
RESREAKL	0.077313
RESRGAKL	0.004762
RESSAADL	0.677300
RESSAAKL	0.239749
RESSASDL	0.699576
RESSASKI	0.176698
RESSASKK	0.328037
RESSASKL	0.771461
RESSAVKI	0.135305
RESSAVKK	0.750729
RESSAVKL	0.582463
RESSAVKR	0.026935
RESSDVKK	0.264834
RESTAADL	0.567338
RESTAAKI	0.553207
RESTAAKK	0.020160
RESTAAKL	0.316744
RESTASDL	0.026935
RESTASKL	0.379891
RESTAVDL	0.322826
RESTAVKI	0.403941
RESTAVKK	0.968147
RESTAVKL	1.140700
RESTAVKR	0.407944
RESTGADL	0.077313
RESTGAKK	0.063188
RESTGVKK	0.190061
RESVAAKK	0.365754
RESVAAKL	0.842427
RESVASKL	0.128147
RESVAVKK	0.459244
RESWGSKI	0.037036
RESWGSKK	0.918292
RESWGSKL	0.805086
RESWGSKR	0.481332
RESWGSNK	0.088276
RESWGVKK	0.339425
RETAATKK	0.645701
RETAATKL	0.186457
RETAAVKI	0.121395
RETAAVKK	0.669059
RETAAVKL	0.282208
RETAAVRK	0.285037
RETDATKK	0.043641
RETDAVKK	0.218987
RETEASKK	0.264653
RETEASKL	0.083943
RETFAAKL	0.616030
RETFASKL	0.238845
RETHAAKL	0.201521
RETHASKL	0.005514
RETIAADK	0.078088
RETIAADL	0.576336
RETIAAKI	0.277538
RETIAAKK	0.742707
RETIAAKL	0.854592
RETIAANL	0.136080
RETIAVKI	0.030569
RETIAVKK	0.563230
RETIAVKL	0.321531
RETIAVKR	0.167554
RETISSKK	0.582463
RETISSKL	0.678441
RETKASKL	0.267778
RETLASKL	0.061978
RETLAVKR	0.062754
RETMAVKK	0.006001
RETNAVKK	0.251331
RETNSSKK	0.520762
RETNSSKL	0.635667
RETNSTKK	0.155014
RETNSTKL	0.240815
RETRAADL	0.097516
RETRAAKK	0.158214
RETRAAKL	0.627929
RETRASKL	0.311537
RETRAVDL	0.246735
RETRAVKI	1.467499
RETRAVKK	0.988682
RETRAVKL	0.855146
RETRESKR	0.113907
RETSAADL	0.194426
RETSAAKL	0.476682
RETSAVDL	0.413487
RETSAVKI	0.363784
RETSAVKK	1.184399
RETSAVKL	1.022611
RETSAVKR	0.080917
RETTAADL	0.875668
RETTAAKI	0.156222
RETTAAKK	0.275252
RETTAAKL	0.576794
RETTASDL	0.495022
RETTASKL	0.350764
RETTATKL	0.176698
RETTATKR	0.215261
RETTAVDL	1.320433
RETTAVKI	1.253745
RETTAVKK	1.722915
RETTAVKL	1.837416
RETTAVKM	0.611276
RETTAVKN	0.251331
RETTAVKQ	0.289120
RETTAVKR	0.474458
RETTAVKS	0.486682
RETTAVKT	0.280786
RETTAVNK	0.167554
RETTAVQK	0.124309
RETTAVRK	0.013970
RETTAVRL	0.118706
RETTDAKK	0.477728
RETTDAKL	0.130940
RETTSVKK	0.106116
RETVAADL	0.037036
RETVAAKK	0.157392
RETVAAKL	0.967586
RETVASDL	0.238845
RETVASKL	0.897632
RETVAVKK	0.248053
RETWGVKK	0.197887
REYFAVKK	0.006001
RGSIAAKK	0.089547
RGSIAAKL	0.317461
RGSTAVKK	0.429771
RGSTAVKL	0.214486
RGTVAAKL	0.309323
RLNTGVKK	0.079788
RNTVAAKL	0.093151
RPNTAVKK	0.277212
RPSTGVKK	0.330512
RPTGGVKL	0.205343
RPTTAVKK	0.438418
RQSDAVKK	0.051759
RQSRAAKL	0.477728
RQSSAAKL	0.647188
RQSTAAKK	0.036519
RQSTAAKL	0.733861
RQSTASKL	0.051759
RQSTATKK	0.024607
RQSTAVKK	0.338778
RQSTAVKL	0.106116
RQSVAAKL	0.093151
RQSVAVKK	0.403941
RQTDAADL	0.237395
RQTDAAKL	0.142839
RQTDASKL	0.387551
RQTDAVDL	0.322826
RQTDAVKI	0.359967
RQTDAVKK	1.694157
RQTDAVKL	1.116217
RQTTAVKK	0.237834
RQTTAVKL	0.118706
RQTVAAKK	0.280786
RQTVAAKL	0.659809
RSSRAAKK	0.037036
RSSRAAKL	0.363008
RVSRAAKL	0.308370
SASRAAKL	0.176698
SDTTAVKK	0.167554
SESFAVKK	0.026935
SESNAVKK	0.044512
SESNAVKL	0.280786
SESRAAKL	0.041293
SESTASKL	0.570427
SESTAVKK	0.488451
SESTAVKL	0.255879
SESVAAKK	0.010366
SESVAAKL	0.419736
SETRAVKI	0.215616
SETSAVKK	0.537566
SETSAVKL	0.146734
SETTAVKK	0.157894
SETVASKL	0.060714
SQSTAAKL	0.037036
SQTDAVKK	0.398546
SQTVAAKL	0.051759
TASEAVKK	0.016997
TATVASKL	0.097516
TESDAVKK	0.019574
TESFAVKK	0.298913
TESKAAKL	0.115041
TESMAVVL	0.083943
TESNAVKK	0.104177
TESNAVKL	0.539099
TESQAAKL	0.008293
TESRAAKK	0.154421
TESRAAKL	0.467924
TESSAVKK	0.135305
TESWGSKK	0.315000
TESWGSKL	0.013970
TESWGSKR	0.467428
TETAAVKK	0.151874
TETAAVKL	0.021796
TETHAVKK	0.280786
TETRAVKI	0.624912
TETRAVKK	0.376270
TETRAVKL	0.273608
TETSAVKK	0.498467
TETSAVKL	0.007340
TETTAADL	0.383171
TETTAAKI	0.085183
TETTAAKK	0.368685
TETTAAKL	0.754001
TETTAVKI	0.113028
TETTAVKK	0.235249
TETTAVKL	0.402868
TETVASKL	0.276935
TGSIATKL	0.271934
TQTDAVKK	0.698489
TQTDAVKL	0.051759
VESDAVKK	0.334305
VESNAVKK	0.060445
VESSAVKK	0.317316
VESWGSKK	0.141935
VETRAVKI	0.130940
VETTAVKK	0.158214
VQTDAVKK	0.024607
WETTAVKK	0.016997
YESSNAKK	0.197887
YESSNAKL	0.532723
YESTAVKK	0.157102
YESWGSKK	0.065999
QESTAAKK	-0.001428
KESWGSIR	-0.010389
KESSAVHK	-0.018822
EDSVGSKK	-0.027422
RESKFAKL	-0.027422
GETTAVKK	-0.037182
HESNAVDL	-0.045151
KQTIASKL	-0.050904
SDTVASKL	-0.062185
QESEGAKK	-0.063635
NETWGVKK	-0.068815
EESAATKL	-0.082940
RETTAVKV	-0.082940
KESWGSIK	-0.089570
DETNSSKL	-0.103143
KERVAVKK	-0.103143
RQSHAAKL	-0.103143
RDSRGVKR	-0.107942
EATIAVKI	-0.124332
KDATGVKR	-0.124332
KETTAVVT	-0.124332
RENSAVKK	-0.124332
KEPVASKL	-0.140127
KATKSAKQ	-0.144536
EQSRAVKK	-0.146609
KSSVAAKK	-0.146609
EETHASKK	-0.154715
YESRAAKL	-0.162121
REHSAADL	-0.165725
ESTSAVKK	-0.170090
KETNAVKQ	-0.170090
QGSTAVKL	-0.170090
QESNAVKR	-0.177578
EETIASKK	-0.182864
RQTVAARL	-0.188002
EESSVVKK	-0.194914
KASWASKL	-0.194914
KETYAADL	-0.194914
QNTVAVDL	-0.194914
KQTLVVKR	-0.196883
KQTIAVKI	-0.203514
EESTGSDL	-0.211483
RESMAAKK	-0.211483
EASAAVKK	-0.221242
EETTTAKL	-0.221242
KDSEASKL	-0.221242
KESWVSKK	-0.221242
KQNNAVKK	-0.221242
QGTTDPKL	-0.221242
SESNAVDL	-0.221242
NESTAVKL	-0.225790
AESDAVLK	-0.236306
KETTAKKR	-0.236306
RESTSSKL	-0.238276
EATVAVKK	-0.249271
EESTGVKL	-0.249271
ELRAAVKK	-0.249271
KASKASKL	-0.249271
KESNGADL	-0.249271
KETRAVKA	-0.249271
KQNDAVKL	-0.249271
QENNAAKL	-0.249271
RESNAVNL	-0.249271
TETTAARL	-0.249271
KSTAAAKL	-0.260552
IESIASKM	-0.262635
KSTIAADL	-0.262635
RQTAAAKL	-0.267755
KESRAANK	-0.274095
KESIASRK	-0.276423
EESAASKI	-0.279234
EESYAAKM	-0.279234
EPSSGVKR	-0.279234
HESTESKK	-0.279234
KDTTAVKN	-0.279234
KESPDWKK	-0.279234
KETRAIKI	-0.279234
KLRSGVKK	-0.279234
KQTDGAKK	-0.279234
LLPSASNE	-0.279234
QETIAANL	-0.279234
RESNAVNK	-0.279234
RPTGAVKK	-0.279234
EETLASKR	-0.284033
EEGAGVKR	-0.290664
KESRASKM	-0.290664
QESSGSKL	-0.290664
KETRASVL	-0.292737
KESAGAKK	-0.300424
RETVASKI	-0.300424
KQTAGVKR	-0.308857
EATIAAKM	-0.311419
EESTASDM	-0.311419
EVSPGVKK	-0.311419
KEHTGSKL	-0.311419
KETNGVKL	-0.311419
KQTMAVKK	-0.311419
QDPAGSTK	-0.311419
RESWGSKS	-0.311419
LETTDAKK	-0.313389
EDSFAAKK	-0.320627
IETHAAKL	-0.320627
KETKESKR	-0.320627
KQTVAATK	-0.320627
RESSVSKL	-0.320627
LETLASKL	-0.322700
KESTAAVI	-0.328452
SETIAAKK	-0.328452
QETIAVKT	-0.335186
QQSSAAKK	-0.341042
EEAFAAKL	-0.346181
EESTGTKL	-0.346181
ELTTDVKK	-0.346181
GVTVASKL	-0.346181
KDTIAAKA	-0.346181
KESSAVVK	-0.346181
KETVAAVK	-0.346181
KQTDASTK	-0.346181
LQTKASKL	-0.346181
QESVAVKL	-0.346181
RESGAAKL	-0.346181
RQTVAAKS	-0.346181
KPTMAAKL	-0.350729
EKNSGSKL	-0.352812
KETESAKK	-0.352812
QESEASIK	-0.352812
QASTAAKL	-0.354781
KESKASQL	-0.358416
QPTTGVKK	-0.358416
KESKASKQ	-0.363215
AETIASKL	-0.367371
EESSASNR	-0.371005
KEKTAAKL	-0.377058
AETIGSKK	-0.383970
EATKSAKQ	-0.383970
EENPSSKL	-0.383970
EESSAEDL	-0.383970
EETNGAKS	-0.383970
EGSVASKI	-0.383970
EQSTAPKK	-0.383970
GESPASDL	-0.383970
IATTAAKL	-0.383970
KASWAADL	-0.383970
KDTGASNT	-0.383970
KEHSDAKK	-0.383970
KESHDSKK	-0.383970
KETASSKQ	-0.383970
KETTASGA	-0.383970
KGTPASGN	-0.383970
KPTGGVVL	-0.383970
KQTTGAKI	-0.383970
KVTSASDL	-0.383970
MATIAADL	-0.383970
NETTAAIQ	-0.383970
PPTRASKK	-0.383970
QERNASIK	-0.383970
QETTGADL	-0.383970
QQTTVSHT	-0.383970
RENTGAKK	-0.383970
RETGGSKQ	-0.383970
RQNNASKK	-0.383970
SRTTASIK	-0.383970
TQSTASQK	-0.383970
DETTASKT	-0.387574
EGSSASKI	-0.387574
KATNAAKS	-0.387574
KETIGSKS	-0.387574
KRSTASKL	-0.387574
QATTGTKK	-0.387574
RGASASTK	-0.387574
RASTAVKK	-0.389150
KESFAVNK	-0.390600
MENNAVKK	-0.390600
QQSTASKL	-0.391939
LETRASVL	-0.393178
KETEASDK	-0.395399
KSAAGVKK	-0.397334
KETTAVKE	-0.403086
AETEASKL	-0.425362
EATTASET	-0.425362
EESLASKK	-0.425362
EETMGSKK	-0.425362
ELTAASKK	-0.425362
GETHASKL	-0.425362
IDTPASTK	-0.425362
IYEIGPKL	-0.425362
KATVASIK	-0.425362
KDTTASNG	-0.425362
KELGASKK	-0.425362
KESFAARL	-0.425362
KESSASEH	-0.425362
KETIAAGT	-0.425362
KETRGSNL	-0.425362
KGATAVKK	-0.425362
KHTTASEI	-0.425362
KQITASIK	-0.425362
KVASAAKK	-0.425362
LESIGSKK	-0.425362
MGSTASKL	-0.425362
NETRASNL	-0.425362
PESTGSKT	-0.425362
QDTAGASL	-0.425362
QESSGTKK	-0.425362
QHATASIK	-0.425362
RASAASQK	-0.425362
RESPASDK	-0.425362
RETTAVTN	-0.425362
RTRSATKK	-0.425362
TATIASKL	-0.425362
TGTTASTR	-0.425362
KETIAAKN	-0.437597
EESNASTK	-0.451691
EESTSSKK	-0.455326
HETRATKK	-0.457547
METIASKL	-0.457547
AETDASKR	-0.460125
IESNAVKR	-0.460125
KESTLSKK	-0.460125
METSAAKK	-0.460125
RDSMGVKK	-0.460125
AETTGAKL	-0.463151
EESTATKQ	-0.463151
GDNTASKS	-0.463151
IEETASKK	-0.463151
KDPIASRK	-0.463151
KEPSAAEK	-0.463151
KETIAAYN	-0.463151
KGKSASKK	-0.463151
KQSRAIKI	-0.463151
LESTASQI	-0.463151
PAPTASNK	-0.463151
QDPTASDK	-0.463151
QGITASTK	-0.463151
RDTTASVE	-0.463151
RKASASKK	-0.463151
TDASASYK	-0.463151
YVTTAPKK	-0.463151
ADTTAVVR	-0.466755
AETPASRR	-0.466755
AHSIASKL	-0.466755
CESTASEK	-0.466755
DDTTASLK	-0.466755
DETTAAKS	-0.466755
DRPTASKK	-0.466755
EANTASPD	-0.466755
EATIAARE	-0.466755
EATTGSTK	-0.466755
EDSRAAKQ	-0.466755
EDTSASKM	-0.466755
EEAPASEK	-0.466755
EEDTASKE	-0.466755
EENSASKH	-0.466755
EEPTGSKT	-0.466755
EESRASTK	-0.466755
EESTGSEK	-0.466755
EETIASNN	-0.466755
EETSASDN	-0.466755
EETTDSIR	-0.466755
EGASASKV	-0.466755
EGSSDASI	-0.466755
EGTTASSN	-0.466755
EKVTASKK	-0.466755
EQAPGSKK	-0.466755
EQTGAPTS	-0.466755
ERTTASVK	-0.466755
EVSAASKL	-0.466755
EVTTASTV	-0.466755
GASTASKQ	-0.466755
GEAADSKK	-0.466755
GERTASTK	-0.466755
GETPASVQ	-0.466755
GGSTAVKK	-0.466755
GQTTASIR	-0.466755
HAATASKR	-0.466755
HATTASTT	-0.466755
HEAAASRK	-0.466755
HEITAAGK	-0.466755
HERTAPVK	-0.466755
HETAASTR	-0.466755
HETRVSLN	-0.466755
HGASASNK	-0.466755
HGTSASYK	-0.466755
HQAGPSKK	-0.466755
HQTTASYT	-0.466755
IAASASKQ	-0.466755
IATSASND	-0.466755
IDPAASTN	-0.466755
IDTTASMK	-0.466755
IEATASND	-0.466755
IEITGSNK	-0.466755
IEPTASKD	-0.466755
IESRASKN	-0.466755
IETGASYK	-0.466755
IETRASDL	-0.466755
IETTASQD	-0.466755
IGPIVANP	-0.466755
IGTTASQR	-0.466755
IQSTASIK	-0.466755
IVSNASKK	-0.466755
KAAAASQN	-0.466755
KAATASKA	-0.466755
KAIAASTK	-0.466755
KANRASIR	-0.466755
KAPTASIE	-0.466755
KASSASAK	-0.466755
KATAASEV	-0.466755
KATIASKV	-0.466755
KATPASQI	-0.466755
KATTAAIR	-0.466755
KATTRSNK	-0.466755
KDAIASSK	-0.466755
KDATASSH	-0.466755
KDIAASVK	-0.466755
KDNTASNV	-0.466755
KDPTAPIK	-0.466755
KDSAAPVQ	-0.466755
KDSTASEV	-0.466755
KDTGASAI	-0.466755
KDTPASIT	-0.466755
KDTSASYQ	-0.466755
KDTTATRK	-0.466755
KEAAASLQ	-0.466755
KEALAAKL	-0.466755
KEASASCT	-0.466755
KEATATRK	-0.466755
KECLASKQ	-0.466755
KEETASNK	-0.466755
KEGTASKA	-0.466755
KEIAASYV	-0.466755
KEISASIN	-0.466755
KEKAASKH	-0.466755
KELTGSIK	-0.466755
KENPPSKK	-0.466755
KEPAASLQ	-0.466755
KEPNASEI	-0.466755
KEPSASSE	-0.466755
KEPTASTA	-0.466755
KERAASTQ	-0.466755
KERTASYR	-0.466755
KESIASCK	-0.466755
KESQAAKS	-0.466755
KESSVAKS	-0.466755
KESTGAYT	-0.466755
KETAASNY	-0.466755
KETCASNR	-0.466755
KETIAAGE	-0.466755
KETLASRT	-0.466755
KETNGSTT	-0.466755
KETPGSLR	-0.466755
KETSAETK	-0.466755
KETSGSVT	-0.466755
KETTASPS	-0.466755
KETTPSKE	-0.466755
KETWASKN	-0.466755
KEVTASRN	-0.466755
KGAIASKT	-0.466755
KGATASKY	-0.466755
KGGTASYK	-0.466755
KGMAVSKL	-0.466755
KGPSASKE	-0.466755
KGRPGSLK	-0.466755
KGSNASTK	-0.466755
KGSTAWNK	-0.466755
KGTGASNI	-0.466755
KGTPGSKN	-0.466755
KGTTAPKT	-0.466755
KGTTGSDK	-0.466755
KGVTASYV	-0.466755
KHTAASIE	-0.466755
KKASASQK	-0.466755
KKTAGSEK	-0.466755
KKTTASYN	-0.466755
KLTMAAKK	-0.466755
KNTLRSNR	-0.466755
KPNTASKE	-0.466755
KPTAAADK	-0.466755
KPTTASGY	-0.466755
KQAPASKT	-0.466755
KQDTVSNK	-0.466755
KQPAGSEK	-0.466755
KQRVASTH	-0.466755
KQSTASNN	-0.466755
KQTGASKE	-0.466755
KQTRASQK	-0.466755
KQTTASNP	-0.466755
KQWTASKK	-0.466755
KRSSASSK	-0.466755
KRTTASEP	-0.466755
KSTAASNR	-0.466755
KTTSASRK	-0.466755
KVATAPTK	-0.466755
KVGTGSKK	-0.466755
KVPPASNQ	-0.466755
KVSAGSIK	-0.466755
KVTAAPKN	-0.466755
KVTPASDE	-0.466755
KVTTAADK	-0.466755
KVTVASTK	-0.466755
LASAASKE	-0.466755
LDSPASYK	-0.466755
LEACASKK	-0.466755
LENSASIK	-0.466755
LESTASAT	-0.466755
LETKASYK	-0.466755
LETTASED	-0.466755
LGSTASDI	-0.466755
LKATASKI	-0.466755
LQTRASKT	-0.466755
LVRTASKI	-0.466755
MDAPGSKK	-0.466755
METAGSTK	-0.466755
MGTAASTK	-0.466755
NAATASGK	-0.466755
NASTASRN	-0.466755
NATTASIS	-0.466755
NDPAGSKI	-0.466755
NDTGASNK	-0.466755
NDTTGSIK	-0.466755
NEASGSEK	-0.466755
NEGSASVE	-0.466755
NENTASER	-0.466755
NEPTASVR	-0.466755
NESRASRK	-0.466755
NETAGAKL	-0.466755
NETPASKH	-0.466755
NETTAEKI	-0.466755
NETTVSTK	-0.466755
NGPPGSKK	-0.466755
NGTSASIR	-0.466755
NKASASKK	-0.466755
NPAYASTT	-0.466755
NQSAASTK	-0.466755
NQTTASMK	-0.466755
NVAPGSGL	-0.466755
NVTAASKM	-0.466755
NYTTASKI	-0.466755
PASSASKE	-0.466755
PATTASHQ	-0.466755
PDIAASKK	-0.466755
PDTPASKE	-0.466755
PEAIASIK	-0.466755
PEATGSQK	-0.466755
PELTASIK	-0.466755
PEPSASGK	-0.466755
PESAVVKK	-0.466755
PESTASST	-0.466755
PETFASKI	-0.466755
PETPASGQ	-0.466755
PETSASRQ	-0.466755
PETTPSQT	-0.466755
PGGPAADI	-0.466755
PGSIASKK	-0.466755
PGTRASEK	-0.466755
PHTAAAKK	-0.466755
PPTTASEE	-0.466755
PQTAAPST	-0.466755
PRSTASIK	-0.466755
PVPTASVK	-0.466755
PVTTAAEK	-0.466755
QAATASKD	-0.466755
QAPSASIQ	-0.466755
QATAASNN	-0.466755
QATSASAT	-0.466755
QATTGSNN	-0.466755
QDGTSPKL	-0.466755
QDSPASKN	-0.466755
QDTMANKL	-0.466755
QDTTASDR	-0.466755
QEAAVSKT	-0.466755
QEASGSKQ	-0.466755
QEDNASRK	-0.466755
QEIAASTK	-0.466755
QEMPESSS	-0.466755
QEPAASYT	-0.466755
QEPTAPTK	-0.466755
QERTASEN	-0.466755
QESNAAKN	-0.466755
QESTASDE	-0.466755
QETDGSKS	-0.466755
QETLASMK	-0.466755
QETPGSKE	-0.466755
QETSDSIK	-0.466755
QETTASVG	-0.466755
QETTVSVT	-0.466755
QGASASEE	-0.466755
QGNTASKE	-0.466755
QGSAGSNT	-0.466755
QGTIGSKI	-0.466755
QGTSGSRK	-0.466755
QGVTASEI	-0.466755
QKASASNT	-0.466755
QLPRASIK	-0.466755
QPTAASKN	-0.466755
QQATASSI	-0.466755
QQSNAATK	-0.466755
QQTSASKS	-0.466755
QRTPASSK	-0.466755
QTPRDPNA	-0.466755
QVGPASKK	-0.466755
QVSSASER	-0.466755
QVTPASNT	-0.466755
QYPTAPKN	-0.466755
RANAASIK	-0.466755
RASTASIQ	-0.466755
RATNASQK	-0.466755
RATTASQN	-0.466755
RDATASIQ	-0.466755
RDPAASNI	-0.466755
RDRTASYK	-0.466755
RDTIASTT	-0.466755
RDTTAGKK	-0.466755
REAGASKE	-0.466755
REATASER	-0.466755
REGIASSK	-0.466755
REISASKN	-0.466755
REMTASKN	-0.466755
REPNASIK	-0.466755
REPTASSE	-0.466755
RESAATIK	-0.466755
RESSAANK	-0.466755
RESTSAKQ	-0.466755
RETIAARL	-0.466755
RETNATKL	-0.466755
RETSASLN	-0.466755
RETTATEN	-0.466755
RETVGSKN	-0.466755
RGATASQE	-0.466755
RGPASSRT	-0.466755
RGSPASNQ	-0.466755
RGTAGSKT	-0.466755
RGTSASQN	-0.466755
RHTSGSKK	-0.466755
RKTTASDK	-0.466755
RPATASYQ	-0.466755
RPTTAANK	-0.466755
RQNVARNK	-0.466755
RQSTASEE	-0.466755
RQTSASER	-0.466755
RRRTGSEK	-0.466755
RTASASKK	-0.466755
RVNSASKK	-0.466755
RVSTSSKN	-0.466755
RVTSAAIK	-0.466755
RYTTAAIK	-0.466755
SDASDAKK	-0.466755
SDTTASTV	-0.466755
SEISASTK	-0.466755
SESPASNQ	-0.466755
SETPASDK	-0.466755
SETTASED	-0.466755
SGNTASTK	-0.466755
SPSTASIK	-0.466755
SVAPASKK	-0.466755
TAATASDK	-0.466755
TASSASRN	-0.466755
TATSASRQ	-0.466755
TDATASHQ	-0.466755
TDPTASNT	-0.466755
TDTTASKH	-0.466755
TEASASNQ	-0.466755
TEGSASKN	-0.466755
TENSASQK	-0.466755
TEPSGSKQ	-0.466755
TESAASYH	-0.466755
TESTAANN	-0.466755
TETGASDK	-0.466755
TETPASSQ	-0.466755
TETTASKW	-0.466755
TEYTASKI	-0.466755
TGPSGSRK	-0.466755
TGTIASLK	-0.466755
TGVCGSNK	-0.466755
TLTTASNN	-0.466755
TQATASLK	-0.466755
TQTGASVE	-0.466755
TRTTASIR	-0.466755
TVISASNK	-0.466755
TVTPGSAS	-0.466755
VATPASNK	-0.466755
VETAASKT	-0.466755
VGTTATKK	-0.466755
WDTTASSK	-0.466755
WGNSVSDK	-0.466755
YDATASKN	-0.466755
YERSASIK	-0.466755
YETSASVK	-0.466755
YGTSASEN	-0.466755
YVTTASQQ	-0.466755
EESSASVR	-0.479720
TEANASKL	-0.483354
KHTAAAKK	-0.487510
EENTPSIR	-0.492309
KDAIAAKK	-0.492309
KETSASRL	-0.492309
LETIASRK	-0.492309
REAAGSDT	-0.492309
TRNAASKK	-0.492309
EDAVGPKK	-0.497913
EQTIAAKI	-0.497913
IETSASKV	-0.497913
KDTSGSTK	-0.497913
KESNASEI	-0.497913
KETRASNR	-0.497913
KKPNASKK	-0.497913
KVPPASIK	-0.497913
NEMAASKK	-0.497913
PGSTASEK	-0.497913
QETPASNT	-0.497913
RATTASDL	-0.497913
RGHTGSKL	-0.497913
TDPTASHK	-0.497913
VETTGSNK	-0.497913
AATVASIK	-0.504544
AETSGSNK	-0.504544
AQTTASTT	-0.504544
DEATASKS	-0.504544
DETTASTT	-0.504544
EAGSASKK	-0.504544
EATPASTE	-0.504544
EDRTASNK	-0.504544
EDTTASYV	-0.504544
EEATDSKK	-0.504544
EEPAASVK	-0.504544
EESPASHQ	-0.504544
EETAASWI	-0.504544
EETPASRE	-0.504544
EETTASIV	-0.504544
EGATASPK	-0.504544
EGTNASTK	-0.504544
EKNIAAET	-0.504544
EQSTASEI	-0.504544
EVAPASIK	-0.504544
EVTTASQT	-0.504544
GDTPASTK	-0.504544
GETAASVK	-0.504544
GGSAASKK	-0.504544
GVTTASVK	-0.504544
HDSTASQK	-0.504544
HEIAASVK	-0.504544
HESTASEE	-0.504544
HETTASNA	-0.504544
HGTSASMK	-0.504544
HQTTASQI	-0.504544
IAPTASIK	-0.504544
IDPSASNK	-0.504544
IEASGSNK	-0.504544
IENTASYK	-0.504544
IESSASRK	-0.504544
IETNASRN	-0.504544
IETTASGL	-0.504544
IGPTASKE	-0.504544
IGTTASYQ	-0.504544
IQTAASLK	-0.504544
IVSSGSKK	-0.504544
KAATASKD	-0.504544
KAITGSKN	-0.504544
KARAASQP	-0.504544
KASTASVT	-0.504544
KATIASRN	-0.504544
KATSASKH	-0.504544
KATTASTM	-0.504544
KDAIDSRE	-0.504544
KDGTASNN	-0.504544
KDPIASNK	-0.504544
KDRTASEN	-0.504544
KDSTRATV	-0.504544
KDTNASRT	-0.504544
KDTSGSSK	-0.504544
KDTTGAKQ	-0.504544
KEAATSKK	-0.504544
KEAPASRN	-0.504544
KEATASCE	-0.504544
KEAVASET	-0.504544
KEFPASEK	-0.504544
KEHAASET	-0.504544
KEITAPEK	-0.504544
KELTASNQ	-0.504544
KENTASED	-0.504544
KEPPASET	-0.504544
KEPTASKC	-0.504544
KERSGSNK	-0.504544
KESDSSEK	-0.504544
KESPASLE	-0.504544
KESTAARR	-0.504544
KETAASEG	-0.504544
KETEDSKK	-0.504544
KETIASSQ	-0.504544
KETPASDT	-0.504544
KETRGSQM	-0.504544
KETSPSEK	-0.504544
KETTAVRN	-0.504544
KETVASMK	-0.504544
KEYTASYK	-0.504544
KGATASQN	-0.504544
KGKAASKN	-0.504544
KGPSAPKK	-0.504544
KGSAASMK	-0.504544
KGSTASVE	-0.504544
KGTHASTK	-0.504544
KGTPASYR	-0.504544
KGTTASIV	-0.504544
KGVTASKN	-0.504544
KHTTASLK	-0.504544
KKSTASKI	-0.504544
KLAAASKN	-0.504544
KLTTASGK	-0.504544
KPPNASKK	-0.504544
KPTSASEN	-0.504544
KQASASEQ	-0.504544
KQNSASTK	-0.504544
KQSSGSKI	-0.504544
KQTGASVK	-0.504544
KQTSASLQ	-0.504544
KQTTTAKK	-0.504544
KRTAASVK	-0.504544
KSTAGAKK	-0.504544
KTTYAANL	-0.504544
KVESASKK	-0.504544
KVPTASDL	-0.504544
KVSTASIQ	-0.504544
KVTKASKR	-0.504544
KVTSGSQK	-0.504544
KVVSASRK	-0.504544
LASTGSKK	-0.504544
LDTSASYK	-0.504544
LENTASYK	-0.504544
LESTGSDK	-0.504544
LETSASEE	-0.504544
LETTVSNE	-0.504544
LIASAAET	-0.504544
LQTTGSNK	-0.504544
MALSASKG	-0.504544
MESTAEKK	-0.504544
MEVTASNK	-0.504544
NAATGSKK	-0.504544
NAVTASVK	-0.504544
NDTPASKT	-0.504544
NEAPASKI	-0.504544
NEGTASNR	-0.504544
NEPNASKQ	-0.504544
NESIASEK	-0.504544
NETAASKD	-0.504544
NETPASIN	-0.504544
NETTASQL	-0.504544
NGATASRK	-0.504544
NGTIAAKL	-0.504544
NGYATSVA	-0.504544
NQATASIK	-0.504544
NQTTGSIK	-0.504544
NVPTASYK	-0.504544
PANAASKK	-0.504544
PATSASIQ	-0.504544
PDSAASKT	-0.504544
PEAIASRT	-0.504544
PEILASKK	-0.504544
PEPTASRG	-0.504544
PESTASAK	-0.504544
PETIGSKT	-0.504544
PETSASVT	-0.504544
PETTGSRI	-0.504544
PGRTASIK	-0.504544
PGTTASRQ	-0.504544
PPTGASKK	-0.504544
PQTPASEK	-0.504544
PVATASTN	-0.504544
PVTTAARK	-0.504544
QAKTVSKK	-0.504544
QASTASEN	-0.504544
QATRGSTK	-0.504544
QDAIASKI	-0.504544
QDRSASNK	-0.504544
QDTSASQQ	-0.504544
QEAPASTQ	-0.504544
QEDAASRK	-0.504544
QEKTASKT	-0.504544
QEPSASLK	-0.504544
QESGASKS	-0.504544
QESTASES	-0.504544
QETAGSHK	-0.504544
QETMASKQ	-0.504544
QETSASES	-0.504544
QETTASSL	-0.504544
QEVTASKL	-0.504544
QGGTASVK	-0.504544
QGSPASKR	-0.504544
QGTPAAKK	-0.504544
QGTTGSTQ	-0.504544
QKTSASKL	-0.504544
QPTSASKE	-0.504544
QQPTASIK	-0.504544
QQTPASKN	-0.504544
QRTRASKK	-0.504544
QVATASHK	-0.504544
QVSSASTK	-0.504544
QVTTASMT	-0.504544
RANTASKE	-0.504544
RATAASET	-0.504544
RATSGSKQ	-0.504544
RDATASQL	-0.504544
RDSIASYK	-0.504544
RDTPASRN	-0.504544
RDTVASKR	-0.504544
REATASDE	-0.504544
REGSASKN	-0.504544
RENSAAKS	-0.504544
REPSASVE	-0.504544
RESAGSKR	-0.504544
RESTAPKI	-0.504544
RETGAPKK	-0.504544
RETPAPTK	-0.504544
RETSASEV	-0.504544
RETTDSNI	-0.504544
REYTGSIP	-0.504544
RGNTASEK	-0.504544
RGTAASAI	-0.504544
RGTSASRI	-0.504544
RHTTAPKK	-0.504544
RLTTASKE	-0.504544
RPTTASYK	-0.504544
RQSPASKR	-0.504544
RQTTGSER	-0.504544
RVATASGK	-0.504544
RVTAASIE	-0.504544
RVTTGAKK	-0.504544
SATTASNQ	-0.504544
SEANASNK	-0.504544
SEPTASNR	-0.504544
SETLASIK	-0.504544
SETVASIK	-0.504544
SPTTASKN	-0.504544
SVSSATKR	-0.504544
TATAASVK	-0.504544
TDAPASEK	-0.504544
TDSTASKT	-0.504544
TEAAASQK	-0.504544
TECTASNS	-0.504544
TENTGSTK	-0.504544
TESGASEK	-0.504544
TETAASTR	-0.504544
TETNASRI	-0.504544
TETSGSGK	-0.504544
TGAAASKT	-0.504544
TGSTASVK	-0.504544
TGTTASNH	-0.504544
TLTSASNK	-0.504544
TQPTASQK	-0.504544
TQTTASKG	-0.504544
TVIAASKK	-0.504544
VATTASVK	-0.504544
VETTASEN	-0.504544
WESTASNK	-0.504544
YATSASGK	-0.504544
YENTASKE	-0.504544
YETTGSKQ	-0.504544
YVTTASRK	-0.504544
PESFAVKK	-0.512513
QDTRASKL	-0.515539
HEATASKD	-0.522272
KETIAAIQ	-0.522272
LQSNASKK	-0.522272
QPPASAKK	-0.522272
KETGASKL	-0.526389
DETSASRK	-0.530098
EQAPASIK	-0.530098
HYKLAPKN	-0.530098
KANAASKN	-0.530098
KEAGASKL	-0.530098
KESNASTT	-0.530098
KETSASDT	-0.530098
KGRAASKL	-0.530098
KQGDASKK	-0.530098
LATTASIE	-0.530098
NDTTASGK	-0.530098
PEPTASEN	-0.530098
QDGTASKK	-0.530098
QETGGSRK	-0.530098
RDAAASKQ	-0.530098
RETSAAKT	-0.530098
SVQTASNK	-0.530098
TVHPASEG	-0.530098
KEPTAAKK	-0.536513
AETTASGT	-0.539306
DEATASIK	-0.539306
DGSAASNK	-0.539306
EATSASIE	-0.539306
EDTTASEQ	-0.539306
EELTASKI	-0.539306
EESSASLN	-0.539306
EETKASQK	-0.539306
EETTASIG	-0.539306
EGSSAPKK	-0.539306
EPASASKK	-0.539306
ERTPAVKR	-0.539306
FDTTASKK	-0.539306
GESIAAKL	-0.539306
GGTSASEK	-0.539306
HDANASKK	-0.539306
HEPGASEI	-0.539306
HETSASQT	-0.539306
HGTKASKK	-0.539306
HVTSASKT	-0.539306
IDTAASKR	-0.539306
IEGSASNK	-0.539306
IESTASIE	-0.539306
IETTASME	-0.539306
IGTLASKK	-0.539306
IQTAASAK	-0.539306
IVTTASER	-0.539306
KAGSASIA	-0.539306
KARSASRK	-0.539306
KATCASIK	-0.539306
KATRGSKR	-0.539306
KAVAASNK	-0.539306
KDCSASKK	-0.539306
KDPPASSI	-0.539306
KDSPASRE	-0.539306
KDTGASKL	-0.539306
KDTSASVT	-0.539306
KEAAASCK	-0.539306
KEAPASPK	-0.539306
KEATATET	-0.539306
KEDTVSKK	-0.539306
KEIGASDK	-0.539306
KEKTASES	-0.539306
KENTATIK	-0.539306
KEPPGSYK	-0.539306
KEPTGSAN	-0.539306
KESAASMQ	-0.539306
KESPASQL	-0.539306
KESTASML	-0.539306
KETAASVS	-0.539306
KETIASAE	-0.539306
KETPAATK	-0.539306
KETSASTS	-0.539306
KETTDSHK	-0.539306
KETYASNK	-0.539306
KGAPASHK	-0.539306
KGIPAGQV	-0.539306
KGPTGSGK	-0.539306
KGSTAANK	-0.539306
KGTNASIE	-0.539306
KGTTAPEE	-0.539306
KHPSASKK	-0.539306
KKSIASKK	-0.539306
KLSTASKI	-0.539306
KPGTRSKK	-0.539306
KPTTAAEK	-0.539306
KQITAAEK	-0.539306
KQSSASSK	-0.539306
KQTSASRN	-0.539306
KRGAASQK	-0.539306
KRTTASNE	-0.539306
KTTAASQK	-0.539306
KVGTASRN	-0.539306
KVPTASRT	-0.539306
KVSTASTQ	-0.539306
KVTPASMK	-0.539306
KVTTATKI	-0.539306
LATTASRN	-0.539306
LEITASEK	-0.539306
LETAASSK	-0.539306
LETTATNK	-0.539306
LPPPASKK	-0.539306
LVTTASKG	-0.539306
METTASGN	-0.539306
NANTASNK	-0.539306
NDATASEK	-0.539306
NEAAASTK	-0.539306
NEITASKR	-0.539306
NESIASIK	-0.539306
NETNASKV	-0.539306
NETTASDT	-0.539306
NGSTASKQ	-0.539306
NKTTASTK	-0.539306
NQTTASNQ	-0.539306
NVTSASKI	-0.539306
PATSASMK	-0.539306
PDTPASNK	-0.539306
PEATASRT	-0.539306
PEPTASKH	-0.539306
PETAASET	-0.539306
PETRGSIK	-0.539306
PETVASQK	-0.539306
PGTTASIT	-0.539306
PQATASKE	-0.539306
PVATASLK	-0.539306
QAATASIQ	-0.539306
QASTASAT	-0.539306
QATTAEQK	-0.539306
QDATASRR	-0.539306
QDSTAPKT	-0.539306
QDTSESIK	-0.539306
QEASASTR	-0.539306
QEITASEE	-0.539306
QEPPASIQ	-0.539306
QESGASRK	-0.539306
QESTASWK	-0.539306
QETKASHK	-0.539306
QETSASER	-0.539306
QETTATLK	-0.539306
QGATASNN	-0.539306
QGTAGSKN	-0.539306
QHATASKQ	-0.539306
QPTTASLR	-0.539306
QQTSAAKS	-0.539306
QVAAASIK	-0.539306
QVTAASNI	-0.539306
QVTVGSEK	-0.539306
RASTASNE	-0.539306
RATTASYQ	-0.539306
RDSGGSKK	-0.539306
RDTTASLQ	-0.539306
REATASHI	-0.539306
REISASTK	-0.539306
REPGASLK	-0.539306
RESAASIR	-0.539306
RESTGSEE	-0.539306
RETIASQE	-0.539306
RETSASEH	-0.539306
RETVASNR	-0.539306
RGPPASKT	-0.539306
RGTRASTN	-0.539306
RKAAASEK	-0.539306
RPTTASNQ	-0.539306
RQTPASSK	-0.539306
RSTNASYR	-0.539306
RVTGASRK	-0.539306
SAITAERN	-0.539306
SEAAASQK	-0.539306
SESTASLK	-0.539306
SETTASSN	-0.539306
SKSAASVA	-0.539306
TAATASQE	-0.539306
TATTASQN	-0.539306
TDTGASYK	-0.539306
TEATASTT	-0.539306
TEPNASNK	-0.539306
TESRASRK	-0.539306
TETIASKV	-0.539306
TETSASVQ	-0.539306
TEVAASIK	-0.539306
TGTPASGK	-0.539306
TPAAASKK	-0.539306
TQTTASRN	-0.539306
TVSSASTK	-0.539306
VDTTASKR	-0.539306
VVTSASKK	-0.539306
YDTTASQK	-0.539306
YETPGSKK	-0.539306
YVTTASQK	-0.539306
RESTASVT	-0.541868
ESNSASND	-0.550301
KETTAAKA	-0.550301
QETRASNL	-0.550301
EESSASIK	-0.552138
EDTVASKR	-0.560061
GEATASKL	-0.560061
KAITGAKK	-0.560061
KEATAAKR	-0.560061
KESTASDR	-0.560061
KEYTASIQ	-0.560061
KQSRASKI	-0.560061
MESRASKL	-0.560061
PGTSASYK	-0.560061
QETTGSGK	-0.560061
RETGAVKK	-0.560061
TESSASRK	-0.560061
KKSSASKK	-0.563665
QVSIAAKA	-0.566692
ADTLASVQ	-0.571491
AESTASRN	-0.571491
AGNTASKK	-0.571491
AQRTASKR	-0.571491
CESTASIK	-0.571491
DATTASKQ	-0.571491
DESTASKN	-0.571491
DGTAASKR	-0.571491
EAFTAART	-0.571491
EATSAPER	-0.571491
EDSAASVS	-0.571491
EEAAASTN	-0.571491
EEDTIAEK	-0.571491
EENTASKQ	-0.571491
EERTASLQ	-0.571491
EESTGSNQ	-0.571491
EETPASEN	-0.571491
EETTASVN	-0.571491
EGPSASNK	-0.571491
EGTTASKD	-0.571491
ELTTAARK	-0.571491
EQNTPSKT	-0.571491
EQTTGSKI	-0.571491
EVAPASKS	-0.571491
EVTSASKQ	-0.571491
FETTASKR	-0.571491
GDNTASRK	-0.571491
GEIAASKK	-0.571491
GESTASKN	-0.571491
GETTASIE	-0.571491
GGTWLSKR	-0.571491
GQTTASNQ	-0.571491
HAPTGSTN	-0.571491
HDITASKK	-0.571491
HDTTATKK	-0.571491
HEGTASVK	-0.571491
HESAASDQ	-0.571491
HETIASKN	-0.571491
HETTASQE	-0.571491
HGSAGSKK	-0.571491
HKTTASNK	-0.571491
HQSSASNQ	-0.571491
HVSTAAKQ	-0.571491
IANSASKK	-0.571491
IATTASKM	-0.571491
IDSPASRK	-0.571491
IEAIASKS	-0.571491
IELAASIQ	-0.571491
IEPTASKV	-0.571491
IESTASQQ	-0.571491
IETPASKV	-0.571491
IETTASIH	-0.571491
IGATASCK	-0.571491
IGTTASEN	-0.571491
ILSGAAIQ	-0.571491
IQLPASKK	-0.571491
IQTTVPKK	-0.571491
IVPCASMR	-0.571491
IYEIGPET	-0.571491
KAATASQN	-0.571491
KAKTASNK	-0.571491
KAPSATIK	-0.571491
KASNASNT	-0.571491
KATAASYI	-0.571491
KATNAGVE	-0.571491
KATSASLQ	-0.571491
KATTGSNR	-0.571491
KDAPGSIK	-0.571491
KDDTASKN	-0.571491
KDLTASKE	-0.571491
KDPSSSKK	-0.571491
KDSIAANL	-0.571491
KDTAASAI	-0.571491
KDTIATKK	-0.571491
KDTRAPKK	-0.571491
KDTTASNV	-0.571491
KEAADSKK	-0.571491
KEAPASRE	-0.571491
KEATAPRK	-0.571491
KEDAASIK	-0.571491
KEGPASKI	-0.571491
KEIAASKD	-0.571491
KEITAANS	-0.571491
KEKTVAKT	-0.571491
KENIGARK	-0.571491
KEPAASIE	-0.571491
KEPLASKN	-0.571491
KEPSGSVL	-0.571491
KEQTASKQ	-0.571491
KESAAAKS	-0.571491
KESMATKS	-0.571491
KESSASER	-0.571491
KESTGAIS	-0.571491
KETAASWT	-0.571491
KETFRAKL	-0.571491
KETIGSYK	-0.571491
KETNASVI	-0.571491
KETPSSTK	-0.571491
KETSASEP	-0.571491
KETTARKE	-0.571491
KETTGSSN	-0.571491
KETYASKN	-0.571491
KEYSVSIR	-0.571491
KGATASQH	-0.571491
KGGTASLD	-0.571491
KGNFASNT	-0.571491
KGPTDSEP	-0.571491
KGSSASVQ	-0.571491
KGTAGSKE	-0.571491
KGTPASGK	-0.571491
KGTSGSIT	-0.571491
KGTTGSKS	-0.571491
KHRTASLV	-0.571491
KIYKGAIK	-0.571491
KKPTAAKK	-0.571491
KKTTASSN	-0.571491
KLRTGSEK	-0.571491
KLTTASVK	-0.571491
KPAMASKS	-0.571491
KPRTPTIK	-0.571491
KPTPASHE	-0.571491
KQAAASYK	-0.571491
KQDTASKR	-0.571491
KQNAASKL	-0.571491
KQRTLPNT	-0.571491
KQSTASTN	-0.571491
KQTIVQRI	-0.571491
KQTSAATI	-0.571491
KQTTASMI	-0.571491
KRDSASKK	-0.571491
KRTIAEYK	-0.571491
KSPTAAKK	-0.571491
KTPSASNK	-0.571491
KVATAAKA	-0.571491
KVHPAAKT	-0.571491
KVPMASRK	-0.571491
KVSGASKQ	-0.571491
KVTCASGN	-0.571491
KVTSASDK	-0.571491
KVTTSSNK	-0.571491
LAACASEK	-0.571491
LATPASKT	-0.571491
LDPTASKI	-0.571491
LDVTRGQK	-0.571491
LEGTASKE	-0.571491
LERTASQK	-0.571491
LETAAGQK	-0.571491
LETSASEQ	-0.571491
LEVTASKR	-0.571491
LGTAASSK	-0.571491
LKSRAVEK	-0.571491
LQAPASAR	-0.571491
LRCSASDK	-0.571491
LVTSASTK	-0.571491
MDASGSKI	-0.571491
MEPSCSKM	-0.571491
METPASEK	-0.571491
MGPPASKQ	-0.571491
MQEIAAYK	-0.571491
MVSTGAMR	-0.571491
NASTASKL	-0.571491
NCAWASNR	-0.571491
NDTAASKL	-0.571491
NEAIGSRT	-0.571491
NEISASEK	-0.571491
NEPSASAK	-0.571491
NESAPSNK	-0.571491
NETAASQI	-0.571491
NETPASQN	-0.571491
NETTASNC	-0.571491
NGATASKL	-0.571491
NGSMASKK	-0.571491
NGTTGSKS	-0.571491
NLSMASES	-0.571491
NQAIASKK	-0.571491
NQTRASKK	-0.571491
NTATASRK	-0.571491
NVSRASVK	-0.571491
NWTIASKN	-0.571491
PASPASRN	-0.571491
PATVASNQ	-0.571491
PDSCASTA	-0.571491
PDTTASSN	-0.571491
PEATASNS	-0.571491
PEKWESKQ	-0.571491
PEPTAAKS	-0.571491
PESSASRN	-0.571491
PETAASNN	-0.571491
PETNCSNK	-0.571491
PETTAPRK	-0.571491
PETWASKK	-0.571491
PGPCGSNR	-0.571491
PGTPASKQ	-0.571491
PHIRAWER	-0.571491
PNAGGSKL	-0.571491
PQDTASAE	-0.571491
PQTSASYN	-0.571491
PSSTAAKK	-0.571491
PVTKASKK	-0.571491
QAATGSKE	-0.571491
QAPSGSKK	-0.571491
QATNASNK	-0.571491
QATTAVKQ	-0.571491
QDGRASEY	-0.571491
QDPTASKE	-0.571491
QDTFGPHQ	-0.571491
QDTTASDL	-0.571491
QEAAASYK	-0.571491
QEATAAIK	-0.571491
QEGAASWT	-0.571491
QEITGSTK	-0.571491
QENSASTK	-0.571491
QEPSASHK	-0.571491
QERAASKE	-0.571491
QESNASIQ	-0.571491
QESTVSKT	-0.571491
QETDGSIK	-0.571491
QETPAPKK	-0.571491
QETSASEV	-0.571491
QETTASPE	-0.571491
QEVSASTQ	-0.571491
QGISGSKK	-0.571491
QGQTASKK	-0.571491
QGTAGSIE	-0.571491
QGTTASTM	-0.571491
QKAIASKE	-0.571491
QKTTASQK	-0.571491
QNTKASKK	-0.571491
QPTTAAQK	-0.571491
QQGSAANR	-0.571491
QQSSASKT	-0.571491
QQTTARKI	-0.571491
QRPSGSIE	-0.571491
QTCSCKEK	-0.571491
QVPAASAV	-0.571491
QVTKATNQ	-0.571491
QWITPETG	-0.571491
RAMTGSKK	-0.571491
RASTASDK	-0.571491
RATSASAK	-0.571491
RAVSEAKK	-0.571491
RDITGSKK	-0.571491
RDSNASIK	-0.571491
RDTSASKE	-0.571491
REAAGSRL	-0.571491
REASGSKR	-0.571491
REGAVSNK	-0.571491
REITAAQK	-0.571491
RENSASKQ	-0.571491
REPPGSNK	-0.571491
RERSASTK	-0.571491
RESPASLK	-0.571491
RESTASNI	-0.571491
RETAATKT	-0.571491
RETIASRQ	-0.571491
RETPASQN	-0.571491
RETSASRQ	-0.571491
RETTCSKK	-0.571491
RETYASRE	-0.571491
RGATDSKK	-0.571491
RGPPASKE	-0.571491
RGTADSEK	-0.571491
RGTTAAKR	-0.571491
RHTSAAKE	-0.571491
RLSKAATM	-0.571491
RPRTGSEQ	-0.571491
RQAIASKN	-0.571491
RQPTAPGK	-0.571491
RQTNGSKK	-0.571491
RQTTVPNQ	-0.571491
RRTTASVK	-0.571491
RVAPASKE	-0.571491
RVPTASNN	-0.571491
RVTPAAKS	-0.571491
RWRLASNK	-0.571491
SDASASEM	-0.571491
SDTPASKQ	-0.571491
SEITASTK	-0.571491
SESRASKN	-0.571491
SETMASMS	-0.571491
SETTGSNV	-0.571491
SGTSAEEN	-0.571491
SKTTASPK	-0.571491
SRTTASTK	-0.571491
TAAAASKN	-0.571491
TASPASSK	-0.571491
TATSASGK	-0.571491
TDATASMK	-0.571491
TDSSASRN	-0.571491
TDTTATKL	-0.571491
TEASGATE	-0.571491
TEGTASEE	-0.571491
TEMSVWYN	-0.571491
TEPRATDI	-0.571491
TESAESKT	-0.571491
TESTGAKS	-0.571491
TETIAPKK	-0.571491
TETPVSKL	-0.571491
TETTDARK	-0.571491
TGCRASKN	-0.571491
TGTAASTE	-0.571491
TGTTASWN	-0.571491
TKGLASIK	-0.571491
TNIPASRL	-0.571491
TQAPASKI	-0.571491
TQTTACIK	-0.571491
TRTTASKQ	-0.571491
TVATASER	-0.571491
TVTAASYK	-0.571491
TYRDASEK	-0.571491
VEPIGSKG	-0.571491
VETTGSKR	-0.571491
VQTTASKR	-0.571491
WESPASKK	-0.571491
WPSTASKA	-0.571491
YDTSGEHK	-0.571491
YESRASLK	-0.571491
YETTASSN	-0.571491
YPTGAAKT	-0.571491
QESSASKS	-0.575125
KESRASKE	-0.576630
QETSASNR	-0.576630
LESEASKK	-0.580264
EDSPASKK	-0.588090
HEPTASKT	-0.588090
KDVGASKK	-0.588090
KESTASRY	-0.588090
KGTPASHK	-0.588090
KVSTASIT	-0.588090
NHSTASYK	-0.588090
QDSLASKK	-0.588090
RATTAAKL	-0.588090
RPTTASKR	-0.588090
TPRPDSNK	-0.588090
KESSASRK	-0.591353
AECTASYK	-0.601454
AETTASVR	-0.601454
AVVTASEN	-0.601454
DESTAAKQ	-0.601454
DVTSASKK	-0.601454
EATTGSKN	-0.601454
EDTTVLNQ	-0.601454
EEKTASKD	-0.601454
EESLASEQ	-0.601454
EETNASFQ	-0.601454
EETTASST	-0.601454
EGTPASEI	-0.601454
EPTRASIE	-0.601454
ESTTASEK	-0.601454
FETTASTK	-0.601454
GEATASVT	-0.601454
GETTGSKN	-0.601454
GVPTASKK	-0.601454
HDPTASNP	-0.601454
HEPTGSVK	-0.601454
HETSASDT	-0.601454
HGSTASIQ	-0.601454
HQPTAPKN	-0.601454
IAITASKK	-0.601454
IDSNASKK	-0.601454
IEITASEK	-0.601454
IESAASRE	-0.601454
IETIATKK	-0.601454
IGASASTR	-0.601454
IHITASKK	-0.601454
IQSTASPD	-0.601454
IVTPASKN	-0.601454
KAGTDSKK	-0.601454
KARAASTR	-0.601454
KATGASRR	-0.601454
KATSGSEK	-0.601454
KCSPESKK	-0.601454
KDITAPIK	-0.601454
KDRPSSNK	-0.601454
KDTAASEM	-0.601454
KDTSASEI	-0.601454
KDTTSSSG	-0.601454
KEASASKA	-0.601454
KEATVSKT	-0.601454
KEGPASEQ	-0.601454
KEITAATI	-0.601454
KENPASKH	-0.601454
KEPGASKT	-0.601454
KEPTASRY	-0.601454
KERTASHK	-0.601454
KESIASRE	-0.601454
KESTASSS	-0.601454
KETADSNN	-0.601454
KETIASNG	-0.601454
KETPASIQ	-0.601454
KETSASQD	-0.601454
KETTASSM	-0.601454
KETVASAK	-0.601454
KGAEASEN	-0.601454
KGHTASKL	-0.601454
KGPTASRQ	-0.601454
KGSSASKT	-0.601454
KGTPASMK	-0.601454
KGTTASYS	-0.601454
KHSTASKL	-0.601454
KKPIASLE	-0.601454
KKVSASKK	-0.601454
KNIAASEE	-0.601454
KPRSASKK	-0.601454
KQAPGSIE	-0.601454
KQNTASKN	-0.601454
KQSTAPKK	-0.601454
KQTRATKR	-0.601454
KQVSAARK	-0.601454
KRTTAAGI	-0.601454
KTPSASKI	-0.601454
KVDTDSKT	-0.601454
KVPPGSKK	-0.601454
KVTAASHK	-0.601454
KVTTASKC	-0.601454
LAASASNK	-0.601454
LDTGASIG	-0.601454
LENRASKS	-0.601454
LESSDARE	-0.601454
LETSASNT	-0.601454
LGRGASRT	-0.601454
LPTTGLNV	-0.601454
LVPNALEI	-0.601454
MEATAAHK	-0.601454
METTASGR	-0.601454
MQVSASNT	-0.601454
NATTASAI	-0.601454
NEAAASEK	-0.601454
NELAASKK	-0.601454
NESAASES	-0.601454
NETKASEK	-0.601454
NETTAAKT	-0.601454
NGNRAPTI	-0.601454
NHTTASKV	-0.601454
NQTDARKI	-0.601454
NVRTASNK	-0.601454
PARSAAKK	-0.601454
PDPNASNK	-0.601454
PEARASIK	-0.601454
PEPSATVK	-0.601454
PESTASKA	-0.601454
PETSASKD	-0.601454
PGNTRSRE	-0.601454
PGVIGSRE	-0.601454
PQPSASKK	-0.601454
PVAPASKL	-0.601454
QAAPVSRK	-0.601454
QATAASRK	-0.601454
QATTVSKI	-0.601454
QDPTASFI	-0.601454
QDTSASIQ	-0.601454
QEASASKH	-0.601454
QEGTKSKI	-0.601454
QENPGSKK	-0.601454
QEQSASKK	-0.601454
QESTAPHK	-0.601454
QETHGSGK	-0.601454
QETSASNS	-0.601454
QETTPSHK	-0.601454
QGIPASIK	-0.601454
QGTAASTQ	-0.601454
QGTTVKAL	-0.601454
QLTTAARK	-0.601454
QQASGSRQ	-0.601454
QQTCASKK	-0.601454
QRNPASGN	-0.601454
QVATASKE	-0.601454
QVTKATTK	-0.601454
RAATASNE	-0.601454
RATIASTT	-0.601454
RDASASKR	-0.601454
RDSGASKK	-0.601454
RDTTAAKE	-0.601454
REAIASRK	-0.601454
REGTASSK	-0.601454
RENSGAQI	-0.601454
RERAASKD	-0.601454
RESSASKE	-0.601454
RETDAAKS	-0.601454
RETPASRN	-0.601454
RETTASQG	-0.601454
REVTASSK	-0.601454
RGPSASQK	-0.601454
RGTTASEE	-0.601454
RKTAASEK	-0.601454
RPTPASTK	-0.601454
RQTAGSKL	-0.601454
RRIGASVK	-0.601454
RVGAGSLK	-0.601454
RVTPASQK	-0.601454
SATSASKR	-0.601454
SEADASKI	-0.601454
SESSASTK	-0.601454
SETTASRT	-0.601454
SGTSAEYD	-0.601454
SQSPASNK	-0.601454
SVVTASRN	-0.601454
TATNPSEK	-0.601454
TDPRASVT	-0.601454
TDTTGRKQ	-0.601454
TEGRPSSQ	-0.601454
TEPSASVE	-0.601454
TESSASIR	-0.601454
TETHASRK	-0.601454
TETSDSQQ	-0.601454
TGGSASKK	-0.601454
TGTPASSK	-0.601454
TKTTASKN	-0.601454
TPTTASRK	-0.601454
TRNIASTE	-0.601454
TVTPASCK	-0.601454
VEPTASKL	-0.601454
WAAVGSKL	-0.601454
WVTRASNT	-0.601454
YESTATKK	-0.601454
YQTAAPNK	-0.601454
RENTAAKK	-0.612449
HATTATKK	-0.614419
KDDTAASK	-0.614419
KESTGATT	-0.614419
KKTTASQR	-0.614419
MDPSASKK	-0.614419
QEPNASKQ	-0.614419
RESTASNS	-0.614419
TESAASVK	-0.614419
LETRASKK	-0.624020
LETIGSKK	-0.624935
ADTPASMR	-0.629482
AVTTASKL	-0.629482
DPAPASKG	-0.629482
EDTSASKT	-0.629482
EEPTGSIK	-0.629482
EETSASNT	-0.629482
EGTMAAVR	-0.629482
EQTTASGK	-0.629482
FETRGSKK	-0.629482
GETIASGK	-0.629482
GVTLASKK	-0.629482
HENTASME	-0.629482
HETTASNN	-0.629482
HQRAGSKQ	-0.629482
IASPASKI	-0.629482
IEDPASKK	-0.629482
IETKAPKT	-0.629482
IGTGASKK	-0.629482
IRTVASKK	-0.629482
KAGTASNK	-0.629482
KARTVSQK	-0.629482
KATPASNT	-0.629482
KDATASNL	-0.629482
KDPTASSI	-0.629482
KDTIASEK	-0.629482
KEAAASHQ	-0.629482
KEATESKI	-0.629482
KEIPATNL	-0.629482
KENTGSRK	-0.629482
KEPTASLN	-0.629482
KESLASLK	-0.629482
KESTATSK	-0.629482
KETIASDQ	-0.629482
KETRADYN	-0.629482
KETTASCE	-0.629482
KGAAASSS	-0.629482
KGPTASIP	-0.629482
KGTIASKN	-0.629482
KHATAPKK	-0.629482
KKTIAPIG	-0.629482
KNSGEAPN	-0.629482
KPTSASNK	-0.629482
KQPPASNK	-0.629482
KQTSAARQ	-0.629482
KRTIAEKK	-0.629482
KVAIASKR	-0.629482
KVSPASKE	-0.629482
KVTTASRA	-0.629482
LDTAASEK	-0.629482
LESIASLK	-0.629482
LGNSGSVV	-0.629482
LSTTASEN	-0.629482
MDAAASKK	-0.629482
MGTPASKK	-0.629482
NAPTASLK	-0.629482
NEASASEK	-0.629482
NESAASKN	-0.629482
NETRVSSE	-0.629482
NGIAASKK	-0.629482
NQAAASVK	-0.629482
NVTSASIK	-0.629482
PDSTASKQ	-0.629482
PEPAASKR	-0.629482
PETAASVK	-0.629482
PETTASDE	-0.629482
PGTSASKR	-0.629482
PQPIASKN	-0.629482
PVTRASKK	-0.629482
QASSASKI	-0.629482
QDIAASKK	-0.629482
QDTSASLK	-0.629482
QEATASNQ	-0.629482
QENSASMK	-0.629482
QESAASRI	-0.629482
QETGASYK	-0.629482
QETTATIK	-0.629482
QGSDASKK	-0.629482
QGTTRPHE	-0.629482
QPATHSKS	-0.629482
QQTFAAKT	-0.629482
QTTAASNK	-0.629482
QVTTAAKI	-0.629482
RANTASKI	-0.629482
RAYSATKK	-0.629482
RDTSASNK	-0.629482
REGTASEK	-0.629482
REPSASTQ	-0.629482
RESTASVQ	-0.629482
RETNASNT	-0.629482
RETTGAIK	-0.629482
RGSAASEK	-0.629482
RKSSASNN	-0.629482
RQHTASLK	-0.629482
RRTIAPKK	-0.629482
RVTIASLN	-0.629482
SDTPASVK	-0.629482
SETNASKN	-0.629482
SGTSAERE	-0.629482
SVSTASKK	-0.629482
TDATASAD	-0.629482
TEARAAVK	-0.629482
TEPSASSK	-0.629482
TETAASKA	-0.629482
TETTACWK	-0.629482
TGITAAIK	-0.629482
TKTTASEK	-0.629482
TQSTASKI	-0.629482
TVTAASRK	-0.629482
VPTIASRK	-0.629482
YDSAASIK	-0.629482
YEVSASKK	-0.629482
NRTTGAKR	-0.633638
FESAATKY	-0.639242
KDSFASKK	-0.639242
KETRASEN	-0.639242
KVTTGSNK	-0.639242
QATIAAKT	-0.639242
RESSASDK	-0.639242
TETRGSKQ	-0.639242
EKTTAAKK	-0.647211
QAPSASKL	-0.647211
IQSAASKT	-0.653842
AETPASNK	-0.655811
DGAPASIK	-0.655811
EENPGAIK	-0.655811
EETSASQK	-0.655811
EQPNGSRK	-0.655811
GDRIAAKL	-0.655811
GQDTASII	-0.655811
HEPTATIG	-0.655811
HGTTASEI	-0.655811
IDSRTSKK	-0.655811
IETNASIK	-0.655811
IGTTAATK	-0.655811
IWTTASKK	-0.655811
KASSASMK	-0.655811
KATTASSI	-0.655811
KDNTASTK	-0.655811
KDTPASER	-0.655811
KEAPAKKR	-0.655811
KEGPASNK	-0.655811
KELTASEK	-0.655811
KEPSDSKE	-0.655811
KESKASIK	-0.655811
KETDASMT	-0.655811
KETRALKE	-0.655811
KETTASSD	-0.655811
KGDSASKK	-0.655811
KGSTASKP	-0.655811
KGTTASRQ	-0.655811
KKTTAPKK	-0.655811
KPTPASSE	-0.655811
KQSTAAEK	-0.655811
KQWTASKD	-0.655811
KVKTESKQ	-0.655811
KVTPASKS	-0.655811
LAPTGEQR	-0.655811
LENAASKT	-0.655811
LGATASNK	-0.655811
LVSIASKK	-0.655811
MIATASKK	-0.655811
NDSTASNK	-0.655811
NEPSASKI	-0.655811
NETSASNE	-0.655811
NGTTAHKK	-0.655811
NVSNASYH	-0.655811
PDATASYK	-0.655811
PESPASKL	-0.655811
PETSGSRK	-0.655811
PGTTSSEK	-0.655811
PRPRASTR	-0.655811
QARTASTK	-0.655811
QDSSASKI	-0.655811
QEFTAAKK	-0.655811
QEPTGSIK	-0.655811
QETKASKT	-0.655811
QEVTASKQ	-0.655811
QGTTGSKI	-0.655811
QQIAASRK	-0.655811
QSTNASVK	-0.655811
RAATGSKE	-0.655811
RDATATIK	-0.655811
REARASKN	-0.655811
REPAASYK	-0.655811
RETADPVQ	-0.655811
RETTASRG	-0.655811
RGTPASKR	-0.655811
RQATASNT	-0.655811
RVSTAAKS	-0.655811
SEFTASSQ	-0.655811
SGTAASYR	-0.655811
TANTASTK	-0.655811
TDTIASNK	-0.655811
TENAASKQ	-0.655811
TETSASQP	-0.655811
TGTIAAKT	-0.655811
TPTAGSIT	-0.655811
TVRAASKK	-0.655811
VGTTASIK	-0.655811
YETIATKK	-0.655811
KESNASKH	-0.659446
HESVASKK	-0.662723
KESGVAIQ	-0.662723
KSTTASVK	-0.662723
QDPTASTK	-0.662723
SKNSGSKR	-0.662723
IGTTGSKR	-0.668401
REPSASHG	-0.668401
KETTASEL	-0.676418
AVVTAAKE	-0.680635
EDTNASKR	-0.680635
EGTAGSKA	-0.680635
GAAAASKK	-0.680635
HAITGSQT	-0.680635
HETTGSKN	-0.680635
IELTAAPK	-0.680635
ILATASTI	-0.680635
KAPAGSGQ	-0.680635
KDAAASVK	-0.680635
KDTKGSKK	-0.680635
KEATASGH	-0.680635
KENAASIK	-0.680635
KERAASEK	-0.680635
KETAASYQ	-0.680635
KETSAENK	-0.680635
KEVSASTQ	-0.680635
KGPTASEQ	-0.680635
KGTTASDT	-0.680635
KLTTASIE	-0.680635
KQPRASKK	-0.680635
KRPPASKK	-0.680635
KVRSASKK	-0.680635
LEGPSSKT	-0.680635
LETTGSNK	-0.680635
MATTASNK	-0.680635
NAPTASHT	-0.680635
NESAAAKK	-0.680635
NGTAASNK	-0.680635
NVTSGSKK	-0.680635
PEAAASVK	-0.680635
PETPASRK	-0.680635
PLTAASDK	-0.680635
QANTASTK	-0.680635
QDTSPSKS	-0.680635
QEPHASKG	-0.680635
QETNGSRK	-0.680635
QGPMASEK	-0.680635
QPTTASTE	-0.680635
QVTTAAIK	-0.680635
RDSTASQK	-0.680635
REITSSKI	-0.680635
RETAAPKK	-0.680635
RETTASMN	-0.680635
RGTTASVQ	-0.680635
RVATASYK	-0.680635
SEPTASYK	-0.680635
SRSAASYE	-0.680635
TEATASKF	-0.680635
TETFASKK	-0.680635
TGGSVATK	-0.680635
TVTAASEN	-0.680635
YDSTASKI	-0.680635
EERIASDG	-0.685000
KEATASDI	-0.685000
KQLPGSKE	-0.685000
NSTTASKK	-0.685000
RESTAVTK	-0.685000
IAASASKK	-0.688604
QETGASKI	-0.688604
KQTVASKK	-0.692534
AAAVGSKL	-0.704116
EARRASCK	-0.704116
EETTASIT	-0.704116
GEASASKK	-0.704116
HETAASKQ	-0.704116
HVTTASNK	-0.704116
IETSASVK	-0.704116
KAATATIK	-0.704116
KDKGAPSK	-0.704116
KDTTAAIE	-0.704116
KEHDASKR	-0.704116
KEPTGSNR	-0.704116
KETARSKK	-0.704116
KETTAPLK	-0.704116
KGRTASKI	-0.704116
KHTRASKK	-0.704116
KPTTVSKL	-0.704116
KRNAASKT	-0.704116
KVRSASVK	-0.704116
LDATASRK	-0.704116
LGTNASTR	-0.704116
METPASKN	-0.704116
NESTASKT	-0.704116
NNTTAEGK	-0.704116
PEAGASKK	-0.704116
PETSASRT	-0.704116
PQTTASKE	-0.704116
QDPTASRK	-0.704116
QEPTASIR	-0.704116
QETSASRR	-0.704116
QKIRGSKP	-0.704116
QVTTASIE	-0.704116
RDTSASKN	-0.704116
RESTAAEK	-0.704116
RETTASPN	-0.704116
RPSSAWYE	-0.704116
RYTSAAKQ	-0.704116
SNPCASIK	-0.704116
TEASASKN	-0.704116
TETRASRD	-0.704116
TNIPAPNN	-0.704116
VESIASKK	-0.704116
EESIASVK	-0.706189
KESSGSTK	-0.706189
MEPAASRK	-0.706189
QVTPAPKL	-0.706189
IESAAAKK	-0.707909
TETSASKL	-0.708664
AEAIASTK	-0.726392
EEHTASKK	-0.726392
EQATGSKI	-0.726392
GGTTASKQ	-0.726392
HGTRASKK	-0.726392
IETAASTK	-0.726392
IVTTASIK	-0.726392
KATTASTE	-0.726392
KDTTACYE	-0.726392
KEIAGSEK	-0.726392
KEPTASTI	-0.726392
KESTAAMK	-0.726392
KETNCSKE	-0.726392
KETTASNA	-0.726392
KGPTASEN	-0.726392
KLPTAPKQ	-0.726392
KQTSASIE	-0.726392
KVPTASKQ	-0.726392
LEPGGSVK	-0.726392
MANSASKQ	-0.726392
NDTMANQP	-0.726392
NGASASKK	-0.726392
PATAASKI	-0.726392
PETIASKS	-0.726392
PQTPASTK	-0.726392
QCSPESKL	-0.726392
QENTHSEI	-0.726392
QETSASAK	-0.726392
QGTSASKI	-0.726392
QQTTAAQK	-0.726392
RAVTASKK	-0.726392
REPNASTK	-0.726392
RETSASQN	-0.726392
RHTPASYI	-0.726392
RVTAASKT	-0.726392
SQTTASEK	-0.726392
TEPTASKA	-0.726392
TGTGASTK	-0.726392
VGTNGSNK	-0.726392
KQRAGSKK	-0.738292
EETAASVK	-0.744121
TQTSAAKK	-0.744121
KENAASNK	-0.745698
KVATASKT	-0.745698
RETRGSKN	-0.745698
AGTTRSDQ	-0.747582
EETTAPAK	-0.747582
GETTASSK	-0.747582
HVATASKK	-0.747582
IQPTASKK	-0.747582
KATSASNE	-0.747582
KDTPASEQ	-0.747582
KEKTASTK	-0.747582
KETIASMK	-0.747582
KGRGVSKR	-0.747582
KQGTASTK	-0.747582
KVRPGARR	-0.747582
LETPASKQ	-0.747582
NANTASKK	-0.747582
NKTAASKK	-0.747582
PETIASNK	-0.747582
PTSTASAT	-0.747582
QELAASKK	-0.747582
QETTASYT	-0.747582
QQTTASNN	-0.747582
REASASKS	-0.747582
RETRASMK	-0.747582
RTTTDSKN	-0.747582
SRAIASKK	-0.747582
TESTAAAK	-0.747582
TQRTAATK	-0.747582
EGSTASKK	-0.749056
EDTTASKR	-0.761155
EQTAASKK	-0.763115
KENIASKK	-0.764181
LKTTASNK	-0.764181
RQTAASTK	-0.764181
EASSASKK	-0.767785
EVPSGSID	-0.767785
HESAASKN	-0.767785
ILIGASVE	-0.767785
KDATRSKK	-0.767785
KEITVAKK	-0.767785
KETPASNN	-0.767785
KGTIASSE	-0.767785
KQNDASGI	-0.767785
KVTTASMK	-0.767785
MATIASRK	-0.767785
NGTSASKN	-0.767785
PETTGSVK	-0.767785
QDSPASRK	-0.767785
QETTAAVK	-0.767785
QVTIASSV	-0.767785
RESRASNK	-0.767785
RVPNGSNQ	-0.767785
TDRSASKK	-0.767785
TQDATSCK	-0.767785
NETAGSKK	-0.773817
TVTTASNK	-0.777545
KETSASRS	-0.781910
QLPTAPYK	-0.781910
AEARASKK	-0.787090
ERTSAPLM	-0.787090
HQNTAAKE	-0.787090
KAHTASKK	-0.787090
KEAIASYT	-0.787090
KETAASSI	-0.787090
KGTAASKE	-0.787090
KRCPASAN	-0.787090
LETTAPRN	-0.787090
NESSASHT	-0.787090
PEKWESTK	-0.787090
QDTSPSKN	-0.787090
QETSGSIK	-0.787090
QYLSAATK	-0.787090
REPRGSKK	-0.787090
RGTSASEK	-0.787090
SGTSAEYS	-0.787090
TETTASPK	-0.787090
KESTGADK	-0.788540
LSPGASKK	-0.793339
GETTATKK	-0.798943
KQATASKI	-0.798943
RETTAPGL	-0.798943
DENAASKH	-0.805574
GDTPASKK	-0.805574
IETAASKT	-0.805574
KDTAASRE	-0.805574
KETAASKD	-0.805574
KKIRGSKP	-0.805574
LATTASKQ	-0.805574
NETTASKV	-0.805574
PGAPASKK	-0.805574
QEPSASNK	-0.805574
QPTTASIK	-0.805574
REAAASLK	-0.805574
RSSHASSE	-0.805574
TEGSASKK	-0.805574
YAISASKK	-0.805574
QVTTASKL	-0.808579
KESTGARE	-0.815334
RERTASTQ	-0.815334
DGSMASKR	-0.823302
HETPASLK	-0.823302
KASSATKR	-0.823302
KEMTASTN	-0.823302
KETTAPML	-0.823302
KPTPGSNK	-0.823302
MDSTASKK	-0.823302
PDTPAAVR	-0.823302
QDNTASKK	-0.823302
QPTIGSYD	-0.823302
RERTASVK	-0.823302
RVATASTK	-0.823302
TETRASKS	-0.823302
QATTASKL	-0.827419
KEPNASTK	-0.831128
QVSAASKK	-0.831128
KETPASRI	-0.837543
EQTTASNK	-0.840336
ILTKVELK	-0.840336
KENAASEK	-0.840336
KGTPASKC	-0.840336
KVTSASEN	-0.840336
NETNASKI	-0.840336
PVTTASRK	-0.840336
QPSAASPN	-0.840336
RETTASHT	-0.840336
SGNTVSIK	-0.840336
YEATASQT	-0.840336
KDTTASTT	-0.846368
PEPIASKK	-0.846368
GESSAAEQ	-0.851331
AETTATSI	-0.856726
IDTNASKK	-0.856726
KEPAASQK	-0.856726
KPTTASYK	-0.856726
MQVSAARK	-0.856726
PETTASNR	-0.856726
QETTASSI	-0.856726
REPTASKE	-0.856726
SEDPASET	-0.856726
KETTASKM	-0.858149
QATTASQE	-0.861091
KVTTASTN	-0.864695
GETTDSKK	-0.872521
KDPLASKK	-0.872521
KETTASWK	-0.872521
KVTTASEQ	-0.872521
PEPPASKK	-0.872521
QETTRSKK	-0.872521
RETIVANK	-0.872521
TEISASKK	-0.872521
EVPTASKK	-0.875331
PGSAASKK	-0.875331
GDTLASKK	-0.879621
GEAAASNK	-0.887760
KDTAGSIG	-0.887760
KGTTASRT	-0.887760
NEAPASKK	-0.887760
QESKGPRN	-0.887760
RETSASCE	-0.887760
THAIALNK	-0.887760
KETSAAIN	-0.889120
TETNASNK	-0.889120
TPTGGVKK	-0.897631
KATTASQT	-0.902484
KETRGSLK	-0.902484
KVTPASKI	-0.902484
PEPTASKQ	-0.902484
QETTGSQK	-0.902484
RGTTASSK	-0.902484
TETAASCK	-0.902484
KESTASNT	-0.913479
KETPGSRK	-0.915449
DQYTAQKD	-0.916724
KENPGSKR	-0.916724
KVTTASDK	-0.916724
QANSAPQK	-0.916724
RETPASQK	-0.916724
TQIIAAKI	-0.916724
QESTASRK	-0.924760
KKTTASIK	-0.928038
EETSGSTK	-0.930512
KEPPASIK	-0.930512
LRTNAQTK	-0.930512
QETAASYK	-0.930512
RVPNASRR	-0.930512
KETLASKK	-0.936207
RETTASQQ	-0.940272
KETPASVR	-0.943876
NVTAASKK	-0.943876
RETVASKT	-0.943876
KESTASHK	-0.948241
RVANASNQ	-0.952172
KATTASVE	-0.956841
KQTTASGK	-0.956841
QGNTASKK	-0.956841
TESAASEK	-0.956841
EEGTASKK	-0.963753
KKTPASKK	-0.964632
KETSASEE	-0.969431
PESAASRK	-0.969431
SGAAAAKK	-0.969431
IRTTASKK	-0.975034
IATAASKK	-0.979650
KEGFSSEP	-0.981665
NETTASSK	-0.981665
RQGIASKQ	-0.981665
KEGLASTK	-0.986030
KASAASKK	-0.992660
KEYRASKS	-0.993564
QATHASKK	-0.993564
TNIPAPEK	-0.993564
KETRGSKK	-0.998465
EETTASMK	-1.005146
PETTASTN	-1.005146
TEPSASKK	-1.005146
SETTGAKI	-1.007219
IVTKATNK	-1.016427
QIATASKK	-1.016427
KGATASLK	-1.017438
KETRASTK	-1.021670
KEGAASVI	-1.027422
LATNPSKK	-1.027422
RETTASRQ	-1.027422
KGASASKQ	-1.036377
KEARASIK	-1.038146
RDTTASKS	-1.038146
REAPASKK	-1.045151
KDTTATNK	-1.048612
QGTTASKE	-1.048612
KDTAASNK	-1.053751
KEITASSK	-1.058831
VEATASKK	-1.058831
EVKLASKK	-1.068815
RDTDASSS	-1.068815
NESTASKQ	-1.074166
KQTSASQK	-1.078575
YETAASKK	-1.078575
IHPTASEH	-1.088120
TEIPASMR	-1.088120
HETLASIK	-1.094369
NQKTASKQ	-1.097460
TETTAANK	-1.099973
LGTVASTK	-1.106604
QEASRSAQ	-1.109609
RETTAVQT	-1.115559
EEPAASKK	-1.124332
QATTASQK	-1.124332
TETCASRT	-1.131511
IETTASVK	-1.133878
LENSGAKK	-1.141366
GETSASKK	-1.147398
QETTASRT	-1.149638
GPTRASSI	-1.157756
KGPTASNK	-1.162121
RETTAAQV	-1.165725
SEASASKQ	-1.173551
KRAPTSIT	-1.181237
IENAASIR	-1.188790
KATTASSK	-1.196214
EETTASQK	-1.198661
RPTTASKK	-1.203514
TGATASKK	-1.210692
TQPTATYQ	-1.219904
KETTASTQ	-1.229068
KETSASLK	-1.235698
PETTASKT	-1.243808
RETSASKQ	-1.251437
QESTGSIK	-1.259995
NETTASVT	-1.270461
KATAASKN	-1.281597
RETTASTI	-1.288685
RGSRPAKQ	-1.300424
QDTPASKK	-1.311853
PESTAAKL	-1.325860
EETSAAEK	-1.343011
QDRSASYN	-1.354781
KVTTASTK	-1.367371
RAVLASKK	-1.383608
QETNAADI	-1.396807
RESTASNK	-1.412134
REASASKK	-1.425362
DETTASKI	-1.444668
RETTASTK	-1.460476
QATSASKK	-1.480632
PVTNASRK	-1.504544
IEATASKI	-1.525733
KTPSASKK	-1.548488
NQTSAAKR	-1.574582
PQTTASKK	-1.614419
KESSASIK	-1.653535
KETTASTI	-1.690854
RETTATSI	-1.755038
LETTARNR	-1.832676
RGTSAEYK	-1.955679
RETDASKR	-2.130085
TNIPAPKK	-3.151802
