source_row	sequence	label
0	AAATAVKK	1
2	AASNSAKL	1
6	AATAASKT	1
10	AATIASKL	1
11	AATRAVKK	1
13	AATTAVKL	1
16	ADPTASNK	1
21	ADTTAAKL	1
23	AEAVASKL	1
31	AESDAVLK	1
34	AESEASNK	1
40	AESHESKR	1
41	AESIAAKA	1
46	AESIAVKL	1
60	AESRASTK	1
80	AESSGTKR	1
94	AETAATKR	1
114	AETIGSKK	1
118	AETKDAKR	1
119	AETMAAKK	1
125	AETRAAVL	1
139	AETSEAKK	1
147	AETTASDM	1
158	AETTDAKK	1
167	AGTEAVKK	1
168	AGTIGSKL	1
169	AHLPASTK	1
170	ALTTDARL	1
174	AQSKAVKI	1
176	AQSKAVKL	1
184	ARSRAAKL	1
185	ASSRAAKL	1
187	AVSTASKL	1
201	DAASASKK	1
204	DDAAASWK	1
205	DDHMGVKK	1
206	DDHMGVKL	1
208	DDSVSSKL	1
210	DEATGSKK	1
231	DESSDAKR	1
253	DETTASDL	1
261	DHTPSAEK	1
266	DSSSAAKL	1
267	DSTRAAKL	1
268	DVGTASKT	1
273	EAASAVKL	1
274	EAATAVKK	1
276	EAATESKK	1
277	EADTASKL	1
281	EASEAVKK	1
282	EASIAADL	1
289	EASIAVKK	1
290	EASKAAHQ	1
296	EASQAVKV	1
308	EASTAPTH	1
312	EASTGVKK	1
322	EATAASKQ	1
324	EATAAVKL	1
334	EATIAANK	1
347	EATKSAKQ	1
352	EATPATKL	1
364	EATVAADL	1
371	EATVAVKQ	1
374	EDASASEL	1
375	EDCVGSKC	1
376	EDHMGVKK	1
379	EDPSGPKK	1
388	EDSEASKK	1
389	EDSEGTKR	1
393	EDSGAAKI	1
397	EDSKASKK	1
426	EDSVAANI	1
427	EDSVAANK	1
428	EDSVADKI	1
432	EDSVAVKI	1
444	EDTIAADL	1
455	EDTRESKK	1
464	EDTTASDK	1
471	EDTTDSKL	1
474	EDTVAAVL	1
478	EEAAASGK	1
480	EEADASKL	1
484	EEARAVKK	1
485	EEARVPLK	1
488	EEATAVKK	1
489	EEAVASKL	1
491	EECSGAKL	1
492	EEDTASKL	1
495	EEGIGSKL	1
500	EEHEASKK	1
508	EEHTATKK	1
519	EEKTASKL	1
523	EENDAAKK	1
527	EENNAVDL	1
531	EENNAVKS	1
533	EENNSSKL	1
544	EENTATKK	1
545	EENTAVKK	1
550	EEPAASAK	1
551	EEPAASDN	1
553	EEPRASKL	1
555	EEPTASEQ	1
557	EERAVVKK	1
564	EERRASKL	1
567	EERSASKI	1
570	EERSAVKL	1
574	EERVASKK	1
586	EESAASTI	1
592	EESAATKR	1
600	EESAGAKK	1
612	EESDASIK	1
619	EESDSSKL	1
625	EESEASDL	1
633	EESEGADL	1
634	EESEGAKI	1
648	EESFATKS	1
654	EESFAVKQ	1
655	EESFAVKR	1
657	EESFAVNK	1
659	EESFAVVK	1
665	EESGASDL	1
684	EESHESKR	1
685	EESIAADA	1
693	EESIAANI	1
695	EESIAASL	1
719	EESIGAVL	1
723	EESISANL	1
724	EESIVVKK	1
732	EESKATKR	1
735	EESKFAKK	1
745	EESLATKR	1
752	EESMAAKR	1
759	EESMAVKR	1
779	EESNASKR	1
781	EESNASRE	1
787	EESNAVDM	1
810	EESNAVTI	1
816	EESNDAKK	1
819	EESNGAKI	1
855	EESRATKS	1
856	EESRATKT	1
871	EESRESIR	1
873	EESRESVK	1
880	EESRHSKI	1
882	EESRTAKR	1
887	EESSAAKA	1
892	EESSAAKP	1
894	EESSAAKR	1
897	EESSAAKV	1
903	EESSAARE	1
914	EESSALKI	1
918	EESSAPMQ	1
922	EESSASDI	1
925	EESSASDM	1
927	EESSASHG	1
944	EESSASPI	1
981	EESSAVRL	1
989	EESSDAKR	1
999	EESSGAKI	1
1001	EESSGSDL	1
1010	EESSNAKL	1
1011	EESSPSKL	1
1012	EESSSSDL	1
1015	EESSSTKK	1
1017	EESSTSKL	1
1018	EESSVSDL	1
1020	EESSVSKL	1
1034	EESTAARE	1
1044	EESTASDM	1
1045	EESTASDR	1
1087	EESTGAIK	1
1099	EESTGSDL	1
1106	EESTSSKL	1
1107	EESTTSKL	1
1109	EESTVSKL	1
1110	EESTVVKK	1
1122	EESVASKT	1
1134	EESVGSKQ	1
1175	EETAAVRL	1
1176	EETAAVRS	1
1179	EETASAKL	1
1185	EETDARKR	1
1191	EETDASKS	1
1218	EETFASSL	1
1223	EETGDAKK	1
1234	EETHEANR	1
1278	EETIAEKK	1
1279	EETIAIKR	1
1280	EETIASDI	1
1282	EETIASIA	1
1310	EETISSKK	1
1311	EETISSKL	1
1322	EETKDSKK	1
1324	EETKSSKL	1
1366	EETNDAKL	1
1371	EETNGAKM	1
1372	EETNGAKS	1
1395	EETRAARL	1
1422	EETRDAKK	1
1423	EETRDAKL	1
1444	EETSAFKK	1
1448	EETSATKK	1
1452	EETSAVDM	1
1463	EETSAVRE	1
1469	EETSDAKL	1
1476	EETSDTKK	1
1487	EETSVVKK	1
1507	EETTAATN	1
1514	EETTASGD	1
1536	EETTAVNL	1
1542	EETTDAKI	1
1543	EETTDAKK	1
1545	EETTDAKS	1
1547	EETTDSKT	1
1554	EETTGAKK	1
1556	EETTGAKQ	1
1557	EETTGAKR	1
1560	EETTGTKL	1
1561	EETTGTKR	1
1563	EETTSAKK	1
1584	EETVASLK	1
1585	EETVASNL	1
1586	EETVASTL	1
1587	EETVASVL	1
1607	EETYASTK	1
1611	EEWTASKL	1
1615	EGAAASKL	1
1616	EGGSVATK	1
1619	EGPMASKL	1
1622	EGSIAATL	1
1624	EGSIATKK	1
1625	EGSIATKL	1
1626	EGSIAVKK	1
1627	EGSIGTKK	1
1628	EGSNAVKK	1
1631	EGSSAAKK	1
1632	EGSSASKL	1
1634	EGSTAAKS	1
1649	EGTADAKL	1
1656	EGTIASDL	1
1657	EGTIGSKK	1
1658	EGTIGSKL	1
1660	EGTNASNK	1
1663	EGTRASKL	1
1666	EGTSAAKL	1
1669	EGTSDAKK	1
1676	EGTTDPKK	1
1677	EGTTDPKL	1
1680	EGTTVSKI	1
1682	EHALASKK	1
1683	EHPAASKL	1
1693	EHSRSAKL	1
1703	EKNSGSKL	1
1704	EKSNAVKK	1
1710	EKSTAVKR	1
1714	EKTPAVKK	1
1716	EKTTASKL	1
1719	EKTYAFKK	1
1720	ELGTGSKL	1
1723	ELRAAVKK	1
1724	ELRTDVKR	1
1727	ELTRESKK	1
1728	ELTSAAKK	1
1741	ENCSAAKC	1
1745	ENSRAVKK	1
1746	ENSRAVKL	1
1747	ENSRAVKM	1
1756	ENTVAVKL	1
1761	EPNSAVKR	1
1762	EPNTAAKR	1
1765	EPRWGVKK	1
1769	EPSRAVKR	1
1771	EPSSAVKR	1
1780	EPTFGVIK	1
1781	EPTGAADL	1
1784	EPTGASKL	1
1799	EPTSARKR	1
1804	EPTTAVKI	1
1812	EQANASKL	1
1814	EQGTGVKR	1
1816	EQNSAVKL	1
1830	EQSEASKK	1
1831	EQSHAAKK	1
1833	EQSIAAKI	1
1836	EQSIAAKS	1
1838	EQSISAKL	1
1845	EQSNEAKK	1
1849	EQSRAAKI	1
1854	EQSRDAVL	1
1855	EQSRSSKL	1
1868	EQSSASDL	1
1872	EQSSAVKI	1
1877	EQSTAADK	1
1888	EQSTAARL	1
1908	EQSTGVKR	1
1918	EQSWGSKL	1
1923	EQTAAVKL	1
1924	EQTAGVKR	1
1956	EQTHASKI	1
1964	EQTIATKK	1
1967	EQTKDSKL	1
1972	EQTNASKQ	1
1973	EQTNASKS	1
1975	EQTNAVKL	1
1980	EQTSAVKI	1
1983	EQTSDSKL	1
1992	EQTTAVKI	1
1999	EQTTDAKS	1
2012	EQTYAAKI	1
2016	ERSHPAKL	1
2017	ERSRAAKL	1
2020	ERTTASKL	1
2021	ESAAGVKK	1
2024	ESSGAWEH	1
2027	ESSPASKE	1
2042	ESTRAAKL	1
2043	ESTSAAKL	1
2049	ETRSATKK	1
2050	ETRTAVKR	1
2053	ETSSDAKK	1
2054	ETSSDAKL	1
2059	ETTRAAKK	1
2060	ETTRAAKL	1
2065	EVHAAPKK	1
2066	EVHAAPKL	1
2067	EVNMAVKR	1
2070	EVSIAADL	1
2074	EVSKAAKI	1
2076	EVSPASKL	1
2077	EVSPGVKK	1
2083	EVSSASKL	1
2085	EVSSDAKL	1
2089	EVTEGVKK	1
2090	EVTGASTK	1
2094	EVTQAIKK	1
2097	EVTSASKL	1
2113	GAIASSLH	1
2114	GATTASNI	1
2115	GDNTAVKK	1
2117	GDTTAAKN	1
2118	GEAPASKR	1
2121	GERIAVKL	1
2122	GERSASKL	1
2129	GESPASDL	1
2134	GESSASKT	1
2143	GETAVSKL	1
2152	GETTAVKI	1
2158	GLGIGSED	1
2162	GQATASKH	1
2163	GQSRAAKK	1
2177	HATSGSKL	1
2182	HATTESTK	1
2186	HDSVAAKK	1
2188	HDTRESKK	1
2189	HDTTAAKL	1
2193	HEAIASEQ	1
2194	HEASGSTK	1
2195	HEATASIT	1
2199	HENNAVKL	1
2202	HERNGSKL	1
2204	HERTAVKL	1
2210	HESEASKK	1
2229	HESNASNT	1
2237	HESNGTKR	1
2247	HESSAAKK	1
2277	HESWAAKI	1
2278	HESWAAKK	1
2280	HESWAAKS	1
2281	HESWASKI	1
2284	HESWASRL	1
2292	HESWGLKK	1
2294	HESWGSIK	1
2306	HESWGSQK	1
2318	HETAGSRK	1
2333	HETISSKL	1
2337	HETNATKK	1
2346	HETRASNL	1
2368	HETTGAKL	1
2374	HETVASRK	1
2377	HGRAASKL	1
2385	HPSTGVKK	1
2386	HPSTGVKL	1
2387	HPTTASIK	1
2394	HQSTASKN	1
2406	HSIREVKR	1
2408	HVIMGSEH	1
2409	HVISGQTP	1
2413	IATRASIN	1
2416	IATTAAKL	1
2417	IDPTASKV	1
2420	IDTSAAIK	1
2422	IEANGSRI	1
2423	IEATASTQ	1
2424	IEATASVR	1
2426	IELAAADL	1
2427	IELAAAKL	1
2428	IELAAVKK	1
2431	IENNAVKL	1
2482	IESTVVKK	1
2490	IESWGSKS	1
2494	IETCGSIK	1
2496	IETGASTK	1
2507	IETPASNE	1
2515	IETSDAKK	1
2523	IGATASKE	1
2524	IGGAASKK	1
2525	IGSEASKK	1
2526	IGSEASKL	1
2529	IGTGAVKK	1
2530	IGTIGSKL	1
2531	IGTTGSVM	1
2532	IGTTRSKK	1
2534	IHTTASRK	1
2535	IITTASKL	1
2536	IKATASYK	1
2541	IPTTASEE	1
2542	IQPHASIK	1
2545	IQSWASKL	1
2546	IQSWGSDL	1
2547	IQSWGSKK	1
2548	IQSWGSKL	1
2551	IRTIAAKT	1
2552	ISSRAAKL	1
2554	IVAPASKN	1
2555	IVTSASRQ	1
2556	KAAAGSNK	1
2559	KAATAADL	1
2561	KAATASEQ	1
2564	KAATGVKK	1
2566	KAATSSIN	1
2568	KAIIAAKS	1
2571	KAPAASHK	1
2572	KAPIAAKL	1
2578	KASIAAKI	1
2579	KASIAAKK	1
2581	KASIAAKM	1
2582	KASIAAKR	1
2583	KASIAPKK	1
2596	KASPPSKK	1
2597	KASPPSKL	1
2600	KASRAADL	1
2608	KASSAAKI	1
2622	KASTDVKK	1
2624	KASTTSEL	1
2628	KASVAAKK	1
2635	KASVASVK	1
2638	KASVAVKL	1
2639	KASVGAKK	1
2641	KASWAADL	1
2646	KASWGSKI	1
2649	KASWGSKR	1
2656	KATGATKL	1
2668	KATIATKR	1
2678	KATIDAKK	1
2679	KATIDAKS	1
2682	KATIGTKK	1
2683	KATITAKS	1
2684	KATKSAKK	1
2685	KATKSAKQ	1
2686	KATMAAKS	1
2688	KATNAVDL	1
2692	KATNGAKK	1
2696	KATQGVKL	1
2697	KATRAAKK	1
2719	KATTGTKR	1
2720	KATTGVKK	1
2734	KATVAVKQ	1
2735	KAVNAVKI	1
2737	KAVNAVKL	1
2741	KDAMGIKK	1
2743	KDASGVKK	1
2748	KDAVGVKK	1
2754	KDHMGVKK	1
2756	KDITVAYQ	1
2763	KDNPASQK	1
2765	KDPGASYK	1
2766	KDRGGVKK	1
2772	KDSAASDK	1
2775	KDSAASRT	1
2778	KDSADAKK	1
2782	KDSDGSKK	1
2784	KDSEGTKR	1
2787	KDSHGTKK	1
2808	KDSNPAKL	1
2813	KDSSAAKI	1
2814	KDSSASDL	1
2815	KDSSASKS	1
2843	KDSVADKI	1
2849	KDSWGSKK	1
2851	KDSWGSKR	1
2864	KDTFESKK	1
2865	KDTFESKL	1
2875	KDTIASLE	1
2883	KDTLAVKK	1
2889	KDTNAVKK	1
2900	KDTSAADL	1
2907	KDTSGVKL	1
2911	KDTTASID	1
2926	KDTTSVKK	1
2927	KDTTVAKL	1
2930	KDTVAAVL	1
2933	KDVNASQK	1
2934	KDYIASML	1
2935	KEAAAADL	1
2937	KEAAAVKK	1
2941	KEAHATKR	1
2942	KEAHDSKR	1
2944	KEAIAAKL	1
2945	KEAIASGI	1
2947	KEAIGSQI	1
2949	KEANAVKR	1
2950	KEANGTKK	1
2958	KEASGVKL	1
2963	KEATGSNN	1
2965	KEAVATKR	1
2968	KECNAVKK	1
2972	KEDAASGK	1
2973	KEDAASRK	1
2974	KEDNAVKK	1
2979	KEFTGAKL	1
2982	KEGNAVKL	1
2988	KEHDAAKK	1
2989	KEHHASKK	1
2991	KEHLAAKK	1
2994	KEHSAADL	1
2997	KEHSASGT	1
3001	KEHSAVKI	1
3008	KEHTGTKK	1
3010	KEHVGVKR	1
3011	KEIAAADL	1
3013	KEIIAAKL	1
3019	KEISAEKK	1
3022	KEITAKKK	1
3024	KEIVAAKL	1
3026	KEIVASKQ	1
3031	KEKIAAKK	1
3035	KEKNGAKL	1
3044	KEKTASRL	1
3048	KEKTDAKK	1
3051	KELAASKI	1
3053	KELAAVKK	1
3054	KELTAADL	1
3058	KENAGVKL	1
3059	KENGASKT	1
3063	KENIAAKK	1
3065	KENKAVKK	1
3066	KENNAADL	1
3074	KENNASKL	1
3076	KENNAVDI	1
3077	KENNAVDL	1
3078	KENNAVDM	1
3092	KENNAVNL	1
3095	KENNAVRL	1
3101	KENNSVKK	1
3104	KENRASKL	1
3105	KENSAADL	1
3110	KENSGADL	1
3113	KENTAADL	1
3126	KEPPASHN	1
3136	KEPTVAKK	1
3139	KERAAVDL	1
3144	KERFDATR	1
3145	KERFDSKR	1
3148	KERIAAKL	1
3149	KERIAVDL	1
3153	KERKAVKI	1
3155	KERNAVDL	1
3156	KERNAVKI	1
3158	KERNAVKL	1
3159	KERPASVK	1
3160	KERRASVK	1
3164	KERSASET	1
3194	KESAASTI	1
3197	KESAASTS	1
3207	KESAESTK	1
3213	KESAPAKI	1
3215	KESASTKK	1
3216	KESAVSTK	1
3238	KESDAVDL	1
3244	KESDGSKR	1
3254	KESEAASK	1
3272	KESESSVK	1
3289	KESFAVIK	1
3301	KESFAVRL	1
3302	KESFAVSK	1
3305	KESFDTKL	1
3323	KESGDADL	1
3327	KESGDAVK	1
3347	KESHDSKK	1
3348	KESHDSKR	1
3356	KESIAAKA	1
3357	KESIAAKE	1
3365	KESIAAKV	1
3374	KESIASIR	1
3389	KESIAVDM	1
3396	KESIDSKR	1
3399	KESIGSKI	1
3406	KESIVVKL	1
3421	KESKDSKR	1
3422	KESKESKK	1
3424	KESKFAKI	1
3451	KESMASGK	1
3465	KESNAADK	1
3468	KESNAAKA	1
3476	KESNAAKV	1
3485	KESNAGKK	1
3498	KESNASKV	1
3500	KESNASRE	1
3501	KESNASRL	1
3514	KESNAVDM	1
3546	KESNAVNV	1
3569	KESNDAKR	1
3572	KESNESKK	1
3574	KESNEVKI	1
3584	KESNGSKR	1
3586	KESNGTKR	1
3592	KESNHAKK	1
3599	KESNSTKK	1
3603	KESNTVKL	1
3606	KESNVVKL	1
3611	KESPDWKK	1
3613	KESPGSLK	1
3614	KESPGSYK	1
3626	KESRAAKE	1
3627	KESRAAKF	1
3632	KESRAAKP	1
3636	KESRAAKV	1
3681	KESRDTDL	1
3687	KESREADL	1
3692	KESRESIR	1
3708	KESRSSDL	1
3724	KESSALKI	1
3743	KESSASND	1
3751	KESSASVT	1
3765	KESSAVRR	1
3774	KESSDAVR	1
3780	KESSDSVL	1
3783	KESSDTKR	1
3794	KESSGSKT	1
3805	KESSTSKL	1
3807	KESSVSKL	1
3810	KESTAADM	1
3824	KESTAATM	1
3841	KESTATKE	1
3849	KESTAVIK	1
3883	KESTGAAL	1
3886	KESTGAKI	1
3888	KESTGASL	1
3890	KESTGAVT	1
3903	KESTGVPK	1
3906	KESTPSLK	1
3910	KESTSTKK	1
3911	KESTSVKK	1
3913	KESTTVKK	1
3932	KESVAAVT	1
3933	KESVAAVV	1
3945	KESVASVI	1
3962	KESVGSKH	1
3965	KESVGSKQ	1
4022	KESWPSKK	1
4042	KETAATSK	1
4062	KETADAKR	1
4065	KETAGIKL	1
4067	KETAGTKL	1
4069	KETAGVKL	1
4070	KETAGVKM	1
4071	KETAGVKR	1
4073	KETASSKQ	1
4119	KETEAVVK	1
4124	KETEVVKK	1
4161	KETGGVKR	1
4162	KETGRSKL	1
4165	KETHAAIK	1
4169	KETHAAKS	1
4176	KETHASVI	1
4184	KETHDVKI	1
4186	KETHEAKL	1
4187	KETHEANL	1
4188	KETHEANR	1
4194	KETHPPKL	1
4210	KETIAAKA	1
4215	KETIAAKP	1
4218	KETIAALT	1
4222	KETIAAQT	1
4224	KETIAARS	1
4226	KETIAASS	1
4235	KETIAIKI	1
4236	KETIAIKK	1
4239	KETIAPLK	1
4249	KETIATKA	1
4265	KETIAVTK	1
4269	KETIEAKL	1
4273	KETIGAKS	1
4281	KETIPADL	1
4282	KETISADL	1
4285	KETISSDL	1
4288	KETITADL	1
4289	KETIVADL	1
4291	KETIVVKK	1
4311	KETKDAKR	1
4333	KETLDSKK	1
4353	KETMDAKI	1
4361	KETNAPTK	1
4365	KETNASQD	1
4379	KETNAVNK	1
4381	KETNCAKL	1
4387	KETNEAKL	1
4388	KETNEAKR	1
4409	KETNSSDI	1
4411	KETNSSDM	1
4412	KETNSSEL	1
4413	KETNSSIL	1
4424	KETNSSQL	1
4425	KETNSSRE	1
4427	KETNSSRL	1
4429	KETNSSVT	1
4445	KETRAAIL	1
4453	KETRAAQL	1
4478	KETRAVDK	1
4480	KETRAVDM	1
4497	KETRAVLK	1
4503	KETRAVQK	1
4511	KETRAVVK	1
4521	KETREAKL	1
4522	KETRESDL	1
4570	KETSASSL	1
4571	KETSASSP	1
4577	KETSATRK	1
4579	KETSAVDI	1
4582	KETSAVDM	1
4583	KETSAVDQ	1
4588	KETSAVIL	1
4605	KETSAVNG	1
4608	KETSAVNN	1
4611	KETSAVQL	1
4628	KETSDAKR	1
4629	KETSDAVL	1
4635	KETSDTKL	1
4637	KETSDVKL	1
4638	KETSDVRK	1
4640	KETSEAKR	1
4655	KETSSVKL	1
4656	KETSTSKL	1
4658	KETSTVKL	1
4660	KETSVVKL	1
4665	KETTAAIL	1
4666	KETTAAIV	1
4683	KETTAAYL	1
4690	KETTALNK	1
4704	KETTAVDI	1
4705	KETTAVDK	1
4707	KETTAVDM	1
4709	KETTAVHK	1
4710	KETTAVIK	1
4751	KETTGAAK	1
4756	KETTGAQI	1
4761	KETTGTKI	1
4763	KETTGTKL	1
4774	KETTVVKL	1
4796	KETVASDM	1
4797	KETVASDV	1
4798	KETVASEL	1
4810	KETVASNI	1
4811	KETVASNL	1
4813	KETVASRL	1
4816	KETVASTQ	1
4822	KETVAVDM	1
4833	KETVDAKR	1
4839	KETVGSTK	1
4853	KETWGVKL	1
4867	KETYDSKK	1
4874	KEVSASSK	1
4875	KEVTGSEK	1
4885	KGFNAAKK	1
4887	KGGTASPK	1
4888	KGITAVKK	1
4889	KGLSASSK	1
4890	KGMSAENQ	1
4891	KGNNAVKK	1
4892	KGNSALVQ	1
4893	KGNSASSK	1
4894	KGNTAEKK	1
4899	KGPSASTI	1
4904	KGRTGVKR	1
4912	KGSIAAKM	1
4914	KGSIATKK	1
4915	KGSIATKL	1
4917	KGSIAVKK	1
4919	KGSIGTKK	1
4920	KGSIGTKL	1
4925	KGSPAVKK	1
4950	KGSTEVKK	1
4954	KGSTVVKK	1
4960	KGSWGSKK	1
4968	KGTCASIK	1
4973	KGTGGVKR	1
4982	KGTIGSKI	1
4985	KGTIGSKR	1
4995	KGTPASGN	1
4998	KGTQGVKK	1
5012	KGTSTSGI	1
5016	KGTTASIP	1
5017	KGTTASLG	1
5031	KGVTDSKK	1
5037	KHSIAVKK	1
5044	KHSRSAKL	1
5050	KHTDAVKK	1
5055	KHTPACKN	1
5056	KHTTASEN	1
5058	KISHAAKL	1
5059	KITTAASL	1
5061	KKATASEH	1
5062	KKDTASKV	1
5063	KKGNGTKR	1
5065	KKNSGSKL	1
5066	KKPGASNK	1
5069	KKSHAAKL	1
5071	KKSNAVDI	1
5074	KKSRAADL	1
5087	KKSTASIR	1
5090	KKSTGAKK	1
5092	KKSWGSKK	1
5103	KKTRGSKL	1
5108	KLAAAVKK	1
5110	KLASDVKK	1
5111	KLATASNV	1
5114	KLCSGAKC	1
5115	KLCSGAKL	1
5116	KLNTASRK	1
5118	KLPAASKN	1
5120	KLRSGVKK	1
5122	KLRTAVKL	1
5123	KLRTAVKQ	1
5124	KLRTDVKK	1
5125	KLRTDVKR	1
5132	KLTHHAKL	1
5134	KLTNAVKL	1
5137	KLTRESKK	1
5138	KLTSAADL	1
5141	KLTSAAKM	1
5145	KLTSGSKL	1
5146	KLTTASRE	1
5155	KLTTGVKK	1
5158	KMNIAADL	1
5160	KMNIAAKL	1
5161	KMNIAVKK	1
5163	KNCSAAKC	1
5164	KNCSAAKK	1
5165	KNCSAAKL	1
5166	KNGSAVKR	1
5171	KNSRAADL	1
5174	KNSRAVDL	1
5175	KNSRAVKI	1
5178	KNSRAVKM	1
5195	KPAHAVKK	1
5200	KPANAVKK	1
5202	KPASASKL	1
5207	KPGSGVKL	1
5208	KPHAAVKK	1
5213	KPNTAAKR	1
5219	KPRWGVKK	1
5222	KPSIGADL	1
5227	KPSIGVDL	1
5239	KPSSGVKL	1
5241	KPSTAADL	1
5253	KPTDARKL	1
5258	KPTGAADL	1
5275	KPTGGVVL	1
5285	KPTPGAKR	1
5288	KPTRQVKI	1
5310	KPTTGSIQ	1
5313	KPTTVSQK	1
5315	KQAAASNI	1
5318	KQAPDSKL	1
5319	KQASGSKQ	1
5320	KQATASSR	1
5321	KQATAVKK	1
5326	KQGTGVKR	1
5327	KQIAASKN	1
5329	KQITAPKL	1
5332	KQNIASKK	1
5334	KQNLAVKR	1
5335	KQNNAVKK	1
5337	KQPADAKK	1
5339	KQPPASKI	1
5341	KQPPASQK	1
5342	KQPPGSKL	1
5344	KQRFAADL	1
5363	KQSASAKL	1
5364	KQSAVADL	1
5365	KQSAVAKL	1
5368	KQSAVVDL	1
5393	KQSIAVNI	1
5397	KQSKAVKI	1
5407	KQSNAVKI	1
5410	KQSPGTKL	1
5422	KQSRDAKK	1
5423	KQSRDAVL	1
5424	KQSRESKK	1
5428	KQSSAAKI	1
5431	KQSSAAKP	1
5437	KQSSAVKI	1
5482	KQSWGSKR	1
5493	KQTAAVKK	1
5520	KQTDATKL	1
5522	KQTDAVDK	1
5524	KQTDAVDM	1
5527	KQTDAVIK	1
5543	KQTDAVLT	1
5547	KQTDAVQK	1
5552	KQTDAVSK	1
5556	KQTDAVVI	1
5557	KQTDAVVK	1
5559	KQTDAVVT	1
5560	KQTDAVYK	1
5562	KQTDDVKK	1
5569	KQTDPVKK	1
5583	KQTEAVKK	1
5591	KQTHAAKI	1
5594	KQTHAAVL	1
5598	KQTHAVKQ	1
5599	KQTHAVKR	1
5600	KQTHESDR	1
5602	KQTIAAKA	1
5608	KQTIASVL	1
5618	KQTKDSDL	1
5623	KQTLAVKK	1
5629	KQTMAVKK	1
5633	KQTNAVKK	1
5638	KQTPGVKK	1
5648	KQTRDVKK	1
5649	KQTRETKQ	1
5650	KQTRSTKK	1
5652	KQTSASDL	1
5657	KQTSDSKL	1
5658	KQTSGTKK	1
5662	KQTTASNA	1
5676	KQTTDTKK	1
5679	KQTTGAKI	1
5680	KQTTGEKL	1
5692	KQTVAATK	1
5699	KQTVAVKV	1
5701	KQTYAVKK	1
5703	KQYSAAKL	1
5704	KQYTAAKL	1
5707	KRTAASIQ	1
5709	KRTDAVDL	1
5710	KRTKASQK	1
5723	KSPAASYT	1
5740	KSSRGSKK	1
5763	KSTIGSKK	1
5767	KSTNAVKK	1
5770	KSTRESKK	1
5776	KSTTAALK	1
5782	KSTTGAEK	1
5789	KTRSATKL	1
5794	KTSSDAKK	1
5799	KTTGATDL	1
5800	KTTGATKL	1
5802	KTTHDVKR	1
5805	KTTRAAKI	1
5813	KTVNAVKK	1
5819	KVATDSNK	1
5820	KVDSASKL	1
5823	KVGSDAKL	1
5827	KVHAAPKL	1
5828	KVHTGAKL	1
5830	KVHTGVKL	1
5835	KVPPASQR	1
5836	KVPTASES	1
5838	KVRTASKL	1
5842	KVSDASTK	1
5844	KVSGASKL	1
5857	KVSNGSKK	1
5859	KVSPGVKK	1
5868	KVSSSTKK	1
5879	KVTEGVKL	1
5881	KVTHDAKK	1
5887	KVTNAVKL	1
5902	KVTRATKK	1
5903	KVTSASDL	1
5904	KVTTAANE	1
5907	KVTTATKN	1
5927	KYTHAAKS	1
5934	LASRAVKV	1
5943	LDSAASKL	1
5949	LEATDSNK	1
5952	LENNAVKL	1
5961	LESADVKK	1
5971	LESGASKI	1
5975	LESIAAKI	1
5982	LESIGAKL	1
5983	LESISSRL	1
5986	LESLAVKR	1
6004	LESRAANL	1
6013	LESRGSKK	1
6032	LESTASTQ	1
6038	LESTGADL	1
6039	LESTVSKK	1
6070	LETISAKL	1
6073	LETLAAKL	1
6075	LETMAVKR	1
6098	LETSDAKI	1
6099	LETSDAKK	1
6100	LETSDAKL	1
6101	LETSDAKR	1
6102	LETSDAKS	1
6105	LETSGSKT	1
6128	LETWAAKL	1
6132	LGSNASKK	1
6135	LGSTDAKK	1
6136	LGTGASKK	1
6137	LGTSASTR	1
6138	LGTTAEKK	1
6142	LHSIASKL	1
6144	LHSIAVKL	1
6146	LKSPASIS	1
6147	LKSTGVKK	1
6148	LKTAASGK	1
6149	LKTTAANK	1
6151	LLPSASNE	1
6157	LQSAVVKL	1
6162	LQSNASKL	1
6167	LQSTAVKI	1
6170	LQTAAVKK	1
6178	LQTHAAVL	1
6180	LQTLAIEQ	1
6181	LQTTAQKK	1
6182	LQTTDAKK	1
6184	LSSRAAKL	1
6187	LVASASIK	1
6190	LWTSASKR	1
6191	MANAAAKL	1
6192	MANAASKL	1
6193	MASQAVKL	1
6197	MDTEASKR	1
6198	MDTTASLK	1
6204	MESIAVKL	1
6205	MESNASKL	1
6217	MESSGSKL	1
6218	MESTATKL	1
6222	METAAAKL	1
6224	METIASVL	1
6227	METIDSKL	1
6241	MHNSASKI	1
6242	MMTTASTD	1
6248	MVVGIWKK	1
6249	NASTAVKK	1
6257	NDSMGVKK	1
6258	NDSSASIK	1
6264	NEAPASNT	1
6266	NEIMGSKK	1
6267	NELSAPVK	1
6270	NENPASNK	1
6271	NEPLASKL	1
6283	NESNAAKI	1
6289	NESNGSKK	1
6302	NESSDAKL	1
6303	NESSDTKK	1
6314	NESTAVKS	1
6325	NETAAAEK	1
6342	NETPGSKT	1
6349	NETSASAT	1
6355	NETTAAIQ	1
6362	NETTDAKK	1
6368	NGATASTQ	1
6369	NGPTGSKN	1
6370	NGSRASKT	1
6372	NGTSASKS	1
6373	NGTTASVN	1
6374	NGTTGSKR	1
6375	NGTTVQKK	1
6376	NLTTASVK	1
6380	NPSSASKL	1
6381	NPTAGSLK	1
6387	NQSSDVKK	1
6389	NQSVAAKK	1
6396	NTKTEVKK	1
6400	NVTPASKL	1
6401	PATIGSKK	1
6402	PDASASTK	1
6403	PDGNASKL	1
6404	PDITASLK	1
6405	PDPTASDK	1
6406	PDPTGSKK	1
6407	PDRRASKL	1
6408	PDSTASEN	1
6409	PDSTASYK	1
6410	PDTTASTQ	1
6411	PEAAASKA	1
6413	PECTASKE	1
6415	PEINGSKK	1
6416	PEITASKQ	1
6417	PEPPASGK	1
6418	PEPTGSKT	1
6421	PESNAAKI	1
6426	PESTGADL	1
6431	PETLASKQ	1
6437	PEYTAVKK	1
6438	PGGTASVK	1
6439	PGTTGSEE	1
6440	PGTVAAKK	1
6441	PKNSASKL	1
6443	PLTWAADL	1
6445	PPTRASKK	1
6446	PPTTDSKN	1
6447	PQATASQK	1
6448	PQATATEI	1
6449	PQATATKK	1
6450	PQFTASKR	1
6451	PQPTGSKN	1
6452	PQSTAAIK	1
6454	PQTPASGK	1
6455	PRTTASSV	1
6456	PVISAEKK	1
6457	PVPTASDL	1
6458	PVRYATKQ	1
6459	PVTTVGTS	1
6460	QANTASKI	1
6461	QAPSASDL	1
6463	QASAASIK	1
6464	QASIAADL	1
6467	QASPPSKK	1
6470	QASVAADL	1
6471	QASVAAKK	1
6475	QASVAVKK	1
6480	QATKSAKK	1
6481	QATKSAKL	1
6482	QATMALKV	1
6483	QATNAVKI	1
6487	QATTASRY	1
6491	QDANASNK	1
6492	QDATASLR	1
6493	QDLTAAKG	1
6496	QDPAGSTK	1
6497	QDPTASRT	1
6498	QDPTGSKV	1
6504	QDSNASKI	1
6505	QDSNAVKK	1
6511	QDSTGVKL	1
6517	QDSVAVKK	1
6527	QDTSASAK	1
6528	QDTTASYS	1
6532	QDTVAANL	1
6534	QDTYATKL	1
6537	QEAPASEI	1
6538	QEATGSSQ	1
6541	QECTGSLI	1
6542	QEGIASKR	1
6543	QEHSAADL	1
6545	QEHSAVKL	1
6546	QEIGAADL	1
6547	QEIRGSKK	1
6553	QENAGVKL	1
6559	QENWGVKL	1
6564	QERNASIK	1
6566	QERSATKL	1
6573	QESAPAKI	1
6579	QESEASIK	1
6590	QESFGSKK	1
6594	QESGDADL	1
6596	QESGDAKK	1
6598	QESGDAVK	1
6599	QESGDAVL	1
6602	QESHASTL	1
6603	QESIAADA	1
6613	QESIASTL	1
6615	QESIATKA	1
6618	QESIAVKL	1
6624	QESKASKR	1
6629	QESLAVKR	1
6636	QESMAVKR	1
6650	QESNAVRE	1
6653	QESNDAKK	1
6663	QESRAANL	1
6672	QESRDAKK	1
6676	QESRESKK	1
6677	QESRGSKK	1
6697	QESSGAKL	1
6700	QESSNAKL	1
6707	QESTAPQT	1
6719	QESTDAKL	1
6720	QESTDSDL	1
6733	QESVASEK	1
6736	QESVASNL	1
6737	QESVASTK	1
6738	QESVASTL	1
6740	QESVGSVL	1
6743	QESWGSIK	1
6748	QESWGSKS	1
6759	QETAGSLK	1
6771	QETEASDL	1
6796	QETIAAQL	1
6797	QETIAASL	1
6800	QETIASDL	1
6801	QETIASKA	1
6811	QETISSKL	1
6829	QETMAVKI	1
6840	QETNSSDL	1
6846	QETRAADL	1
6850	QETRASDE	1
6871	QETSDAKL	1
6872	QETSDAKR	1
6873	QETSDAVL	1
6874	QETSDTKL	1
6876	QETSGTKR	1
6880	QETTAANL	1
6891	QETTDAKK	1
6901	QETVASTL	1
6905	QETVAVKL	1
6906	QETVAVKV	1
6909	QETYAVKI	1
6911	QEVTAANQ	1
6912	QEVTASYK	1
6915	QGATGSKN	1
6916	QGITASKE	1
6917	QGPGASKK	1
6918	QGPTASIR	1
6919	QGPTASSK	1
6920	QGRTASKS	1
6922	QGSIAVKI	1
6923	QGSKAVKI	1
6937	QGTSGSKR	1
6938	QGTTDPKL	1
6943	QIASGVKK	1
6945	QKKAASKK	1
6949	QLGPASKK	1
6951	QLNTAVTK	1
6953	QLTRATKK	1
6958	QMNIAADL	1
6960	QMNIAAKS	1
6961	QMNIASKL	1
6962	QMNIAVKK	1
6963	QNSRAVKM	1
6964	QNSTAAKK	1
6975	QPNGGVKK	1
6976	QPNTAAKL	1
6980	QPSSGVKL	1
6981	QPSSGVKR	1
6982	QPSTASTE	1
6983	QPTCGVKK	1
6985	QPTGAADL	1
6988	QPTGASKL	1
7009	QQAPASQK	1
7010	QQATASRN	1
7012	QQPAASHK	1
7013	QQRAASKT	1
7015	QQSAASLK	1
7016	QQSADSKK	1
7017	QQSADSKL	1
7018	QQSAVVKL	1
7024	QQSISAKL	1
7026	QQSNAVKL	1
7027	QQSQAADL	1
7029	QQSQAVKL	1
7031	QQSRAAKI	1
7038	QQSRAVKI	1
7041	QQSTAADL	1
7045	QQSTAVKL	1
7060	QQTHESKL	1
7068	QQTPASIR	1
7069	QQTRAAKL	1
7074	QQTTASRN	1
7078	QQTTDAKK	1
7079	QQTTVSHT	1
7084	QQTVAVKK	1
7092	QSTAAAKL	1
7093	QSTIAVKR	1
7094	QTSSDADL	1
7095	QTSSDAKL	1
7100	QTTVAAKK	1
7101	QTTVAAKL	1
7104	QVSAASEK	1
7105	QVSAAVKR	1
7107	QVSIAAVE	1
7109	QVSNAAKK	1
7112	QVSPGVKK	1
7115	QVSSAVKL	1
7116	QVTNAARL	1
7121	QVVAASGL	1
7122	QYNTASKL	1
7124	RAASAVKK	1
7126	RANTASGK	1
7144	RASVGAKL	1
7146	RASWGSKL	1
7156	RATKASTK	1
7157	RATKSAKQ	1
7161	RATSASIA	1
7163	RATTCPKK	1
7164	RATTDSKL	1
7168	RAVLASKL	1
7170	RDCSGSKC	1
7173	RDIPASRK	1
7174	RDPRGSQK	1
7175	RDPTAPRV	1
7176	RDRNAVKK	1
7184	RDSFASKL	1
7185	RDSFAVKK	1
7190	RDSIASKN	1
7205	RDSVAVKK	1
7211	RDTMAVKK	1
7212	RDTMAVKL	1
7214	RDTPASNQ	1
7215	RDTRAVKK	1
7217	RDTRESKK	1
7218	RDTSASCK	1
7220	RDTTAVKI	1
7224	RDTTDSKI	1
7226	RDTTGSIK	1
7227	RDTTGVKK	1
7228	RDTTTSKK	1
7229	RDTTTSKL	1
7232	REATGSYK	1
7237	REGAGVKL	1
7245	REHSASKR	1
7247	REHSAVIK	1
7249	REHSAVQK	1
7251	REHVGVKR	1
7252	REIGAAKL	1
7253	REILAAKK	1
7281	REPNASLK	1
7285	RERSASKL	1
7286	RERSAVKK	1
7291	RESAAAKI	1
7303	RESAEAKK	1
7304	RESAEAKR	1
7306	RESAGAKL	1
7307	RESAGSKL	1
7308	RESAGSLK	1
7310	RESAPAKL	1
7321	RESEGAKL	1
7323	RESFAAKI	1
7333	RESFASRL	1
7341	RESFAVIR	1
7367	RESFGAKL	1
7375	RESGDAKK	1
7377	RESGGVKL	1
7417	RESMDVKK	1
7427	RESNASKH	1
7462	RESRAANL	1
7467	RESRASVT	1
7470	RESRAVDI	1
7478	RESRDTKL	1
7479	RESREAKK	1
7491	RESSASKS	1
7492	RESSASLT	1
7509	RESSDAKR	1
7514	RESSGAKL	1
7519	RESSNAKL	1
7557	RESTGARE	1
7558	RESTGATL	1
7565	RESTVAKL	1
7571	RESVAAKM	1
7574	RESVASNL	1
7575	RESVASVL	1
7585	RESWGSKI	1
7588	RESWGSKQ	1
7590	RESWGSKS	1
7602	RETAASLT	1
7604	RETAATDL	1
7615	RETASAKL	1
7632	RETEAVRK	1
7640	RETGDAKK	1
7659	RETIAATI	1
7662	RETIAAVT	1
7678	RETISSDL	1
7679	RETISSKI	1
7682	RETISSKR	1
7696	RETLAIKK	1
7697	RETLAIKR	1
7716	RETNDAKL	1
7719	RETNGTKK	1
7737	RETRAVDL	1
7749	RETRGAKL	1
7750	RETRGSDL	1
7753	RETRSTKK	1
7768	RETSDAKR	1
7774	RETSNADI	1
7782	RETTAAVT	1
7811	RETTAVRE	1
7824	RETTEAKL	1
7826	RETTGSTQ	1
7828	RETTGTKL	1
7829	RETTGVKL	1
7855	RGACASGD	1
7856	RGNTAVKM	1
7862	RGSIASKL	1
7864	RGSIAVKL	1
7866	RGSNDSKL	1
7876	RGTGASVK	1
7877	RGTGAVKK	1
7879	RGTIGSKL	1
7880	RGTNASQK	1
7882	RGTPGSKL	1
7883	RGTRVVKL	1
7884	RGTSASIT	1
7888	RGTSDAKK	1
7889	RGTSDAKL	1
7897	RGTVAVKK	1
7906	RINSAVKK	1
7907	RKNSGSKK	1
7922	RNSRAVKK	1
7923	RNSRAVKM	1
7929	RPNSAVKR	1
7930	RPNTAAKK	1
7938	RPSTGVKK	1
7939	RPSTGVKL	1
7941	RPTGAADL	1
7942	RPTGASKL	1
7948	RPTGGVKR	1
7949	RPTLGVKK	1
7950	RPTRASKL	1
7956	RPTVASKK	1
7958	RPTVGVKL	1
7962	RQIAAYKK	1
7965	RQNTASQI	1
7966	RQRSAVKK	1
7969	RQSAVVKL	1
7972	RQSEASKK	1
7977	RQSISAKL	1
7993	RQSSDSSK	1
7999	RQSTATDL	1
8001	RQSTATKL	1
8013	RQSWGSKK	1
8016	RQTADSKK	1
8036	RQTHAVKL	1
8037	RQTIASKR	1
8038	RQTMAAKL	1
8039	RQTNASIH	1
8041	RQTRAAKL	1
8043	RQTSASQI	1
8051	RQTTDAKK	1
8052	RQTTDAKL	1
8059	RQTVAEKL	1
8063	RSAAASIK	1
8074	RSTIAAKS	1
8077	RTSSDAKK	1
8078	RTTAAVKK	1
8080	RVGTAVKK	1
8082	RVSHAVKK	1
8092	RVTQAIKK	1
8097	RVTYAAKL	1
8101	SDSSASKL	1
8103	SDTTAAKL	1
8109	SERLAVKL	1
8142	SESYAAKL	1
8143	SETAASEE	1
8153	SETNATKK	1
8159	SETSAVDL	1
8176	SKSIARKL	1
8177	SPAQGSKQ	1
8178	SPSRAVKK	1
8179	SPSRAVKL	1
8180	SPSRAVKR	1
8181	SPTSGVKK	1
8182	SPTSGVKL	1
8183	SPTTASRI	1
8186	SQTAASSK	1
8191	SQTVAAKL	1
8192	SQTYAVKR	1
8193	SRTTASIK	1
8194	SVTRATKK	1
8197	TASEAVKL	1
8200	TASTASLK	1
8201	TATTASDL	1
8202	TATTGSTN	1
8206	TDAPGPIE	1
8207	TDNPASKL	1
8210	TEATVSSK	1
8211	TEITGSNK	1
8212	TEKTASRK	1
8215	TENSASVK	1
8217	TERTGSVK	1
8256	TESSNAKL	1
8260	TESTGADL	1
8263	TESWGSKI	1
8267	TETAAADL	1
8268	TETAAVDL	1
8271	TETCASLK	1
8272	TETDAPIK	1
8286	TETLAAKK	1
8288	TETNAKKK	1
8289	TETNATKK	1
8295	TETPAANK	1
8297	TETRAADL	1
8299	TETRASCN	1
8300	TETRAVDL	1
8307	TETSAAQK	1
8311	TETSAVRK	1
8314	TETTAAKE	1
8318	TETTAAKP	1
8319	TETTAANL	1
8320	TETTAAQL	1
8322	TETTAAVL	1
8332	TETVASDK	1
8334	TETVASVL	1
8337	TGPTASNR	1
8339	TGSIAATL	1
8340	TGSIATDL	1
8341	TGSIATKK	1
8342	TGSIATKL	1
8343	TGSIAVKK	1
8344	TGSSGSIK	1
8345	TGSTASRR	1
8346	TGSTGSIK	1
8347	TGTPVSKL	1
8348	THTSAAKK	1
8350	TLSDAVKK	1
8351	TLTSEVKK	1
8353	TPSTGVKK	1
8354	TPTAASTE	1
8357	TPTLAVKK	1
8364	TQSTASKL	1
8365	TQSTASQK	1
8367	TQSWGSKK	1
8372	TQTNAVKM	1
8376	TQTVASRV	1
8377	TRCISTKI	1
8379	TTSDASKQ	1
8381	TVDTASQT	1
8383	TVTAGSKE	1
8384	TVTTGANK	1
8385	TVYSAPRK	1
8388	VESAASTK	1
8394	VESNASKL	1
8405	VETFAAKL	1
8416	VETTASGQ	1
8417	VETTASTQ	1
8423	VGTTASRI	1
8427	VRISASKK	1
8433	WETTGSTK	1
8437	YDTSASNK	1
8438	YEASASKR	1
8439	YELTASEY	1
8458	YSTREVKR	1
8499	KQTPASQR	0
8504	KQTKDSKK	0
8562	KDPGVSKA	0
8572	KVAWGVNN	0
8573	LEPNPSHE	0
8582	STSTASAT	0
8606	RACTASTK	0
8616	KEITVAYK	0
8677	IGTTGSIK	0
8692	TQAARSDK	0
8701	ILSTASQK	0
8715	SVANASNQ	0
8736	TVARASEK	0
8750	NGPTAADK	0
8757	EQRVAPYK	0
8767	QDTMANQP	0
8775	KAAPASSK	0
8791	RGHTGSYT	0
8801	LASSASRS	0
8808	RRAPTSIT	0
8811	RQTIRSTI	0
8824	TEAGASRR	0
8827	YGAAASKV	0
8833	KDTTDSEG	0
8840	QVVAASGT	0
8844	QEPTASTR	0
8874	DDTSAVAS	0
8876	MHTTASKN	0
8890	KKTRGSKK	0
8895	LETRASKT	0
8896	QETTACWK	0
8901	KGGSGSKL	0
8906	NETTASHT	0
8912	IVTPASTV	0
8913	LQTAASWK	0
8920	QLATASTI	0
8933	SETRVSSE	0
8938	AVTTAAIK	0
8941	EGTSAAKK	0
8963	PVPTASEE	0
8974	QLSVASKQ	0
8980	NVTPGSKK	0
8982	RGAPASNQ	0
8985	HERNGSLK	0
8993	TETTGSAN	0
8996	QVNAGSKK	0
8998	RVSHASQK	0
9003	KATAASYQ	0
9006	TESPASKS	0
9016	LEPSASIT	0
9017	QETVAKQK	0
9019	EGSMASKK	0
9020	GADTASKK	0
9023	KETKGSPK	0
9027	QDTTASDT	0
9032	IESAAATK	0
9050	KEPIASQQ	0
9059	YQTTASAL	0
9070	CGNSGSVV	0
9074	PESTASRV	0
9075	QETSGVRQ	0
9076	KCSPESKL	0
9081	RAHSDSIE	0
9086	QETGASTD	0
9087	REHSAVKK	0
9090	KETAASHY	0
9102	TRITCARK	0
9109	QDTNGSYE	0
9110	REASGSST	0
9111	KPSSAWYE	0
9132	KVSPASRR	0
9136	AGITAPEI	0
9140	GEADASKI	0
9157	KDTQASDK	0
9167	TERPASEK	0
9169	KASPASSK	0
9173	PSLTASKK	0
9178	KNTTASPE	0
9189	NPTTASQV	0
9195	EEPTSEQN	0
9203	QARLASRL	0
9205	REASASYD	0
9211	QERSASVK	0
9217	KVTPGSPI	0
9223	KMSTDSRK	0
9224	KQTSAAIK	0
9230	TATTGSRN	0
9232	HHSNVSNR	0
9235	QKTTAAKK	0
9237	RVTIASSV	0
9254	IELAASKK	0
9255	KEPNPSHE	0
9261	EENAASEI	0
9267	LDTAACIK	0
9271	ALANATTR	0
9287	QGTTDPKK	0
9288	RAAIGTKK	0
9292	HERTVSTI	0
9299	RETTAPGE	0
9301	AGGLASKD	0
9303	IEATASKI	0
9317	PEITAATR	0
9321	TDPTASQT	0
9324	KAVTHAEI	0
9351	KVTSGSNN	0
9353	NQGTASKT	0
9355	PQITDSNK	0
9361	KAINASNK	0
9364	KVNPASRK	0
9366	PVTNASRK	0
9367	REICAPKK	0
9370	AETPASTI	0
9385	RQSSGSKK	0
9386	THTNTSTN	0
9394	NPANASHR	0
9398	SENMASCI	0
9407	KVCAGSKG	0
9408	NELGAPKK	0
9414	QVSIASKK	0
9417	GSNSASND	0
9420	KCTPASIK	0
9433	HRTTASYI	0
9439	KNATASHQ	0
9443	RETTVSDQ	0
9453	KVTTAEYQ	0
9460	RQTPASQR	0
9470	KVDSASRQ	0
9476	NQASASRK	0
9477	PEPAASRK	0
9483	RERADSNK	0
9486	TATTASVE	0
9497	PETKALGN	0
9500	QETTVSDQ	0
9511	KGACGSYK	0
9512	KGSEPSEK	0
9513	KGSPPSLK	0
9515	KNPTASET	0
9517	SENTPSIR	0
9524	PGPSDPKT	0
9527	RAVLASKK	0
9540	NQTIAAVK	0
9542	PKTTASRK	0
9543	PPTTATSQ	0
9546	TAGTATYK	0
9548	WETDGSLQ	0
9562	RDTNASKR	0
9573	KQASGSLK	0
9580	AETHASKI	0
9584	KAYSATKK	0
9585	KDASAAKP	0
9590	KRSAAPNK	0
9592	PENHASEE	0
9608	KGPTSSKM	0
9617	KESTGAKT	0
9622	KLKTASSK	0
9636	EEGIGSRK	0
9644	LGVVAPKR	0
9646	QDTSGSIK	0
9648	RETIAAAI	0
9652	HETTPSQT	0
9653	KANSAAIQ	0
9656	KQTTPSGN	0
9657	PLPTASYK	0
9660	QQSAASTK	0
9673	KQSTASIQ	0
9674	QATTAAKK	0
9679	TDSTALRE	0
9680	DAIIASRE	0
9684	KDTTASQN	0
9686	KGGSVATK	0
9689	KTSTASAT	0
9692	NGIVSSEK	0
9695	QQTKDSKK	0
9710	KVNTASYR	0
9711	MVTTASRM	0
9728	NASTASAT	0
9763	REAPASNN	0
9764	RGTADSIT	0
9765	SEATASEI	0
9767	TQIPDSYP	0
9770	HVSTAPMK	0
9772	KDRSASKK	0
9782	LETYASIK	0
9786	NGALASKQ	0
9799	HGTAVSYK	0
9809	LQITAAIE	0
9810	MDIPGYES	0
9820	APATHSKS	0
9832	KGFPASIQ	0
9837	NVTSGSKQ	0
9838	QEMSVWYN	0
9839	QGTVASTK	0
9842	RDTAATTK	0
9854	KPTRASKN	0
9855	KQTTASRQ	0
9860	NDASASKI	0
9870	EETAASLC	0
9872	GVTTRAEN	0
9873	KDGTASQK	0
9875	KEGHASIR	0
9880	KETTAWTK	0
9887	NGTSVPNQ	0
9914	MANAASNK	0
9920	RQTKDSKK	0
9922	SDTHASKR	0
9925	HVNSAANP	0
9926	IEPSASNK	0
9944	NVTPASIK	0
9946	PQANGSQK	0
9947	PSRPASIK	0
9952	QGDIAETM	0
9954	RDRNASIR	0
9961	CDAIATVA	0
9969	LRASASER	0
9970	NDHIASYT	0
9974	QESTGSIK	0
9980	TEITASTN	0
9992	KRTTGSRQ	0
9996	MPTTAAKE	0
10001	REFTAPTK	0
10003	TDRTVAKK	0
10008	HEATASGI	0
10010	KATIGSNK	0
10020	KQAVESAQ	0
10027	PQTSASIK	0
10032	REMTVAQN	0
10035	RGTGASKS	0
10040	TQPTATYQ	0
10042	EGPMASEK	0
10052	KETAAMKK	0
10056	KSPAASNN	0
10059	LESAASTK	0
10062	NPTIAAYS	0
10063	PENTASKN	0
10068	QQTPASQR	0
10079	IQPSASVI	0
10091	NEFRASKI	0
10106	KEIAASVQ	0
10107	KEPSASQQ	0
10118	KVANASNQ	0
10119	LETTASGQ	0
10120	NDGTGSLE	0
10122	QDTSPSKK	0
10128	DDTTSSKI	0
10129	DQTVASKK	0
10132	HEVTVTKD	0
10139	KQTLACKD	0
10141	NETTASEH	0
10143	PEAAASNQ	0
10145	PECGASVK	0
10161	TQTKDSKK	0
10170	KEAAASGQ	0
10183	KRSTASVV	0
10186	KVTSAEKH	0
10189	NERCASKQ	0
10197	QERAASYK	0
10208	TDTRGSVK	0
10213	HEVTASKP	0
10229	NPTAASYQ	0
10232	QPTTASLI	0
10254	LATNASET	0
10259	PQSTAIKK	0
10275	GKTSASGM	0
10279	HRANGATK	0
10280	KEPSATIK	0
10288	NETTASQN	0
10289	NETTASVT	0
10291	QATTASKI	0
10293	QESTATDN	0
10295	QYNTASNR	0
10299	RETSRSEI	0
10308	TQTPASQR	0
10309	TTTVGSKN	0
10320	KEITAQKK	0
10330	PERTASKK	0
10331	PETTVSDQ	0
10332	PVTTSSKK	0
10333	QDTTAEIK	0
10335	QEANASLK	0
10341	TDPTVSLK	0
10348	EPQAASKV	0
10350	HDTTASGR	0
10355	IGPTASIQ	0
10357	KDTMANQP	0
10361	KHRTASNK	0
10366	KVTAASGG	0
10381	WGGTGSKK	0
10382	HDAAATIK	0
10385	IQTNESNH	0
10407	QEGTKSKK	0
10416	TLTIAAKV	0
10418	EEGAASWT	0
10423	HGHTASKK	0
10426	IEPSGSTK	0
10427	KATAASSE	0
10430	KDTVATAE	0
10433	KERAVSRW	0
10434	KERTSSEL	0
10452	NDSSAATK	0
10468	QSTPRSLK	0
10470	RATTACTK	0
10476	RQGTASTK	0
10479	SDPAASKK	0
10481	SQSSGAKK	0
10484	THASGSKK	0
10485	EESPVSKQ	0
10488	IANTVTEI	0
10493	KEATGSVN	0
10494	KESTGAKE	0
10524	SETAASYE	0
10525	TASTAAKT	0
10527	TETPVSYK	0
10529	YDTTAARK	0
10547	KGHTGSYT	0
10548	KGPTAADK	0
10551	KQLTGAKK	0
10553	KVPSGSEK	0
10555	LESCAERK	0
10558	NEANASAN	0
10561	NETRASRL	0
10564	PDPTASQN	0
10570	QEIADAGK	0
10573	QQSTARKI	0
10587	TASTVSKK	0
10596	TGTTGSQN	0
10598	VGVTDSNK	0
10604	EGTPASKC	0
10606	EVSIRSKE	0
10610	IELAASRK	0
10612	IVTSVSTK	0
10616	KEAEASNT	0
10617	KEPSSSRK	0
10631	KLTKVELK	0
10635	LPKLASKE	0
10642	QETWATNQ	0
10657	SEPNASTK	0
10660	SETSGSDK	0
10662	TETCASRT	0
10664	TETTVSDQ	0
10670	ELAAASKK	0
10683	KATTAPTT	0
10687	KDTTAASI	0
10690	KEPPASYR	0
10705	MESTAEKR	0
10710	NPATGSKM	0
10716	PQTKDSKK	0
10725	RDTTASQN	0
10741	TLSKAATM	0
10742	YEKSGSNT	0
10745	EETTVSDQ	0
10748	IENAASIR	0
10752	IPPTASNK	0
10753	IQANASKK	0
10755	KEGTASQK	0
10761	KGLMAERK	0
10764	KQAARSDK	0
10770	PDTSGEHK	0
10773	PETSGSTT	0
10774	PGTTGSLN	0
10775	QDPGVSKA	0
10777	QEDGASEI	0
10784	REASGSQN	0
10813	KAPTNSKN	0
10815	KATTGSEK	0
10819	KESIASQN	0
10824	KHSRAPTT	0
10825	KKNIAAET	0
10826	KKTTVSGK	0
10829	KRAPTSIT	0
10831	KVVAASGT	0
10837	LNIGGSIK	0
10838	LQTPASIK	0
10839	NDKLASYK	0
10842	PENTASLQ	0
10844	QAIPASMK	0
10846	QDSAASIR	0
10859	QETSGAKT	0
10861	QGTTASKI	0
10864	QTNAAPKR	0
10866	RAICGSKQ	0
10877	TEIPATNL	0
10880	TETSNAWE	0
10883	YVLIGAKK	0
10889	HDASASKD	0
10891	HETLASIK	0
10900	KERSASNT	0
10903	KETARSDL	0
10914	KRTSASKM	0
10917	NDITGAKK	0
10926	QEATDSTK	0
10931	QRPTASYK	0
10932	QTSTASAT	0
10938	REPTASIK	0
10947	SGTSAEYN	0
10952	WVRPASTI	0
10955	EDTNAAQE	0
10963	GPTRASSI	0
10964	HEATASTM	0
10969	KDDTESMK	0
10971	KDSCASTA	0
10979	KEPAAAAE	0
10994	KKSTAAYK	0
10995	KPSAASPN	0
10996	KQINADRK	0
11003	MGTSAPTK	0
11009	NETTVSDQ	0
11010	NMITAPQK	0
11012	NVSAASVK	0
11014	PEDTASGM	0
11015	PEISATIK	0
11017	PPSQAPKK	0
11018	PPTSGHKT	0
11020	QASNACDN	0
11022	QETLASTK	0
11025	QGPSASKK	0
11041	RETTAAQV	0
11048	RKATGPKT	0
11052	RSTNASVK	0
11056	SVTTAPKK	0
11066	TKNSASKI	0
11069	YRHSASTK	0
11082	KASIAPGI	0
11090	KEITGSKK	0
11092	KENTGSMK	0
11100	KETTGPKK	0
11105	KHPPASKG	0
11106	KQAPASKK	0
11108	KQRSASRK	0
11114	LAGSASNR	0
11117	LGSSASNA	0
11137	QENSAPEK	0
11138	QESAASTK	0
11149	QVPAASVK	0
11166	AGIGGPGN	0
11172	EVAPAHRI	0
11183	KDTTASYN	0
11194	KETPASIE	0
11210	KRSPASTQ	0
11215	LGTPASRK	0
11217	MDATASTE	0
11218	MEPPGSKN	0
11253	SESSASKG	0
11255	SQSPASEK	0
11263	TRNAASKN	0
11265	VGTPVSKK	0
11267	YGSAASNT	0
11275	GETTVSKE	0
11278	HPPKASWQ	0
11281	IQTKDSKK	0
11286	KDRPGSKQ	0
11304	KGSVASNK	0
11308	KQRVAPYK	0
11317	NGRTASNS	0
11319	NSTNGSEQ	0
11320	PEATASKI	0
11321	PESPASEK	0
11324	QAAVGSKK	0
11327	QDTTASKI	0
11334	QGTPASGI	0
11337	QWTIASKN	0
11338	RDPGVSKA	0
11344	RHATASVK	0
11352	TECAGSNT	0
11355	TETTGAKI	0
11362	EHNTAAIE	0
11364	HDTPGSIQ	0
11371	KAPTASNK	0
11375	KAVTASRK	0
11385	KEPSAEKQ	0
11388	KETCESTE	0
11389	KETPAPRK	0
11393	KETTGSIE	0
11402	KQSPGSVQ	0
11406	KVRIASNK	0
11409	LEANASKQ	0
11417	NPTTPSKH	0
11420	PECAASKN	0
11422	PKTPGSIK	0
11424	PQTPASQR	0
11433	QVAWGVNN	0
11434	QVPTASIE	0
11435	RAVTDSYK	0
11439	REPNPSHE	0
11447	RHANASKN	0
11453	SKTTGSKT	0
11456	TGTVASTK	0
11457	TLPGASLQ	0
11460	TVHASAKK	0
11468	EEKIASKK	0
11471	EVGHASDQ	0
11472	EYTPDSSV	0
11475	HPTAASNK	0
11479	KAPTASNE	0
11483	KDPTASTN	0
11484	KDSAASNK	0
11491	KENSASTQ	0
11493	KEPGASKD	0
11500	KESPASQQ	0
11505	KETSASIE	0
11512	KETTCSTK	0
11514	KETVAKQK	0
11528	KQTTGSMK	0
11529	KRTTAAEQ	0
11531	KVAWGVNK	0
11534	KVTPASGT	0
11536	LENRARYQ	0
11539	LGTVASTK	0
11540	LKTEGAKV	0
11552	PVTTASKT	0
11558	QEATASRI	0
11559	QERPSSGN	0
11568	RATGASKQ	0
11584	RETVASVM	0
11590	RLAATSES	0
11591	RQPMATDK	0
11593	RRHGASTM	0
11594	RVDNAAEK	0
11607	WGTSASRQ	0
11613	DKTTASPK	0
11614	DPSTASLK	0
11624	HEATASNQ	0
11628	IQSSASII	0
11632	KATPASSN	0
11634	KDNIASEK	0
11635	KDPAGSHK	0
11638	KEASGSST	0
11640	KEDADSKK	0
11653	KETTAKTQ	0
11658	KEYTESYG	0
11660	KGTQASKI	0
11665	KPTAAPNV	0
11666	KPTTVPMR	0
11667	KQPSGSIE	0
11668	KQTIRSTI	0
11681	LQTKDSKK	0
11682	LQTLASKQ	0
11683	LQTPASQR	0
11686	NASTAIEQ	0
11690	NQTKDSKK	0
11695	PGTTATKK	0
11697	PVASATKT	0
11712	RATTASNV	0
11713	RDTGASKN	0
11720	RLTTAADK	0
11722	RTSTASAT	0
11723	RVTNAAKK	0
11724	RVTTASKL	0
11731	TETTSSKE	0
11733	TRKPAARH	0
11734	YELIAATT	0
11736	YVTKASNV	0
11738	DANSASEN	0
11740	EQTPASQR	0
11741	GATGGSKE	0
11742	GDPPASRT	0
11749	IHPTASEH	0
11753	KCSFAAKK	0
11754	KDPGVSKK	0
11759	KDTVASCK	0
11762	KENTGSKE	0
11764	KESKVSVK	0
11765	KESPASKS	0
11779	KQPFAANK	0
11782	KREAGSIQ	0
11783	KVTPASET	0
11790	MDGAVPKE	0
11793	MQVSASKK	0
11798	PETTGAKI	0
11801	QATPESSK	0
11806	QESTAPGR	0
11808	QGASASKK	0
11811	QPPSASFV	0
11813	QRTAASKQ	0
11815	RAPTGSNK	0
11820	RETPVSYK	0
11825	TDTPVSQR	0
11836	TGTIGSIQ	0
11837	TKTTAETK	0
11840	VQPTASKN	0
11842	ADTGAPRE	0
11843	CHSPVGQR	0
11847	ENTSVAIR	0
11848	EQTKDSKK	0
11853	IATKASSN	0
11854	IDTRARKK	0
11857	IETTGSTQ	0
11858	IETTVSDQ	0
11859	KAKAASNI	0
11873	KESAGSSK	0
11883	KETRVSSE	0
11889	KGSSASEK	0
11893	KLTAAATV	0
11894	KNASDSRE	0
11896	KQPAGSKT	0
11897	KQTAGSIK	0
11901	KVSKGSRG	0
11902	KVSSAPIK	0
11904	LAATPSRK	0
11911	LGRSASTE	0
11912	LKSAASKK	0
11913	LSCLSSLQ	0
11927	PAATASRK	0
11932	QEPNPSHE	0
11950	RISYAADE	0
11951	RKSPASVK	0
11953	RQTSASIK	0
11955	RYTSASSQ	0
11957	SGVTASKK	0
11958	TADTVPSN	0
11959	TALAGSIQ	0
11961	TDPGVSKA	0
11964	TESTGAKK	0
11968	WDPTASER	0
11970	WGTTASRI	0
11971	WQTSGSIK	0
11981	DVATASGS	0
11982	EDTCCAIK	0
11983	EECSAETK	0
11987	EQASASIE	0
11988	EVKLASKK	0
12000	HEVSASKK	0
12004	IDSTASKI	0
12005	IDSTESTH	0
12011	IGSSASKE	0
12012	IGTDASGQ	0
12014	IVTNASKN	0
12016	KASSASRS	0
12026	KEAGASRR	0
12033	KEPTASGK	0
12045	KETASSVT	0
12050	KETSGSIK	0
12062	KHTSVSMK	0
12064	KKWRGSSK	0
12066	KPTRLAEK	0
12067	KPTTASLK	0
12073	KQTTGEIC	0
12074	KQTTSSPK	0
12076	KSTTAPHK	0
12077	KVTGASNQ	0
12079	KVTTGAKS	0
12080	KVYSAPRR	0
12088	MESNASVQ	0
12092	NECPASST	0
12095	NETIAAKV	0
12100	PATIAAKK	0
12108	PGTDGDQT	0
12109	PGTVASTK	0
12111	PVPGASEK	0
12112	QDTGASKN	0
12113	QDTRASTQ	0
12118	QEITVAYK	0
12121	QETRASKT	0
12135	QVSAGSCN	0
12136	QYGSGSQK	0
12137	QYTMACMD	0
12139	RDTDASSS	0
12150	RGANASTI	0
12151	RGPTSSKM	0
12152	RQTTHSKK	0
12153	RVAWGVNN	0
12161	SGTSAENK	0
12162	TAASASVS	0
12167	TESAASRR	0
12173	TGPPGSTR	0
12175	TQTPASKK	0
12177	VAPSAWQV	0
12178	VDTPASRQ	0
12184	AESRGSKN	0
12197	EGTVASTK	0
12205	HEKAASKH	0
12206	HERNASVA	0
12210	HQTPASQR	0
12213	IETTGAKI	0
12227	KDTTASIE	0
12237	KEGTGSKV	0
12238	KEHRASKN	0
12239	KEITAATR	0
12243	KEPTASDK	0
12247	KERNGSLK	0
12254	KETAASTE	0
12263	KETRGSIE	0
12266	KETTACWK	0
12274	KGTPASYE	0
12280	KQTCASRK	0
12284	KVKSASKH	0
12285	KVRSGSPK	0
12288	LETEASEK	0
12291	LETTVSDQ	0
12292	LQSTASIR	0
12294	NAASASTN	0
12298	NVPNASIN	0
12304	PESTGAKK	0
12313	PSVTAAQI	0
12316	QEAPASDK	0
12332	QGPTSSKM	0
12333	QGTHAAMG	0
12335	QQTTGSVK	0
12336	QVAPATKK	0
12337	QVATSSKK	0
12350	RETAASQS	0
12358	RETTGSKN	0
12359	RLTTAQSK	0
12360	RVSSDAKK	0
12362	SDPTARMN	0
12367	SETTGAKI	0
12371	TEAADSYK	0
12372	TESLAVIE	0
12375	TETSASKL	0
12384	WDQAASLQ	0
12389	CETKASNK	0
12401	EVSSAPQI	0
12404	HERAVISK	0
12407	HETTGSRQ	0
12408	HGTNASKY	0
12410	IESSGSRK	0
12413	IGTNASIK	0
12415	IQSVAANK	0
12419	KATAASEN	0
12420	KATPGWKK	0
12425	KDTRASNK	0
12454	KGAAASKV	0
12456	KGSPASGP	0
12458	KKTAPSRK	0
12459	KPTTASEN	0
12464	KRTPDAIE	0
12474	MHSRVPKK	0
12475	MVTPASNE	0
12476	NDAGASRE	0
12477	NDGSASMQ	0
12478	NESAASFQ	0
12493	QAHMASLT	0
12499	QETCAPNH	0
12503	QGPAASYK	0
12504	QGSSRSVK	0
12514	RDTMANQP	0
12521	REPGASKD	0
12529	RLTCASEK	0
12531	RRTTASYH	0
12532	RVATAANK	0
12534	SETTAAKK	0
12536	SGAAAAKK	0
12540	SQTKDSKK	0
12542	TDITAPTK	0
12543	TDTIASRR	0
12553	TQPTGSEQ	0
12554	TVESAANK	0
12565	EHATAANK	0
12570	HDTPAFIK	0
12575	HGTTAPEI	0
12581	IQTPASQR	0
12585	KAERASVI	0
12586	KAPKASIK	0
12590	KATPASTE	0
12592	KDASASEH	0
12596	KDTAASIR	0
12604	KECPASNS	0
12605	KEGAASVI	0
12622	KETKASDN	0
12629	KETSVPKK	0
12636	KGDAASQR	0
12637	KGGAGSKE	0
12638	KGPSASCT	0
12639	KGSGASKD	0
12646	KKEPASFR	0
12647	KLISATKK	0
12650	KLTWAAQN	0
12653	KQGTASKK	0
12660	KVAICSEH	0
12664	KYIASAEK	0
12665	KYTTAAKQ	0
12669	LQTTAQDN	0
12672	NDTTAAET	0
12677	NESKASLK	0
12678	NESSGSNI	0
12681	NQYDASIK	0
12685	PEVAASST	0
12687	PITAAAHG	0
12702	QPTTGSNK	0
12703	QQTLACKD	0
12707	QVSNASHK	0
12710	REITVAYK	0
12715	RETRASNL	0
12720	REVPVAKK	0
12723	RHPTAPKT	0
12726	RQSPASKK	0
12727	RVTGASIK	0
12729	SDTTVWDN	0
12734	SGVIAAKK	0
12735	TDPPASEE	0
12737	TETPASYE	0
12741	TQSTSLTK	0
12752	EEITAPHK	0
12759	EETNGSKT	0
12763	EGSMASKL	0
12771	GDSTAWKS	0
12776	HDPAASNK	0
12782	HQTKDSKK	0
12788	IETADSQI	0
12794	IQATASYK	0
12798	KANTPSVT	0
12806	KDPEASTH	0
12807	KDRQGSKE	0
12808	KDSSAADK	0
12819	KENVASNG	0
12820	KEPTASMK	0
12825	KERRGSRG	0
12831	KESTGAKH	0
12833	KETADSNT	0
12837	KETSASMS	0
12839	KETSGVRQ	0
12843	KETVGSIK	0
12852	KGTTVSEQ	0
12854	KKTTASTK	0
12855	KLPIASQK	0
12858	KQRLASLT	0
12862	KRTADSRK	0
12863	KRTKASSI	0
12866	KVIASSEK	0
12868	KYTTASWR	0
12870	LEPTASAQ	0
12873	MATTDSRK	0
12878	NDNPAPQN	0
12889	NGTARSET	0
12894	NVRTASYR	0
12902	PETTAPKK	0
12905	PGLAAAKI	0
12910	QAHTASRK	0
12911	QASSASKV	0
12912	QATPASKQ	0
12915	QDIGASKQ	0
12916	QDPSGSKK	0
12919	QEPGASVK	0
12920	QEPNATVL	0
12921	QEPSGVTI	0
12924	QESIASVK	0
12936	QIATASKK	0
12937	QLSTASQK	0
12941	QRLTAPNI	0
12943	QRTTASYH	0
12945	QVASASKH	0
12946	QVATASYA	0
12953	RDTSVAGA	0
12956	REIGAAKK	0
12959	RESAAAKT	0
12963	RETAASIA	0
12974	RGPSASEK	0
12978	RKRTASPT	0
12979	RPTAATNI	0
12983	RVRIVATN	0
12988	SGTSAEIK	0
12989	SGTSAEYT	0
12991	TACTASTK	0
12995	TDSTASYE	0
13004	TERIASLK	0
13006	TESSASKN	0
13016	TLTTAAKD	0
13019	TRTAASKQ	0
13028	YETTASEL	0
13030	AAPTAANI	0
13042	EVAWGVNN	0
13043	FDSIAAYE	0
13048	HERTASTV	0
13052	IDPSGPKK	0
13053	IDSSASVK	0
13062	IGTVASTK	0
13067	KASSASKR	0
13078	KDTTASRE	0
13080	KEAAASNQ	0
13084	KEIVASSK	0
13088	KESPASSI	0
13102	KGGTASDQ	0
13110	KLQTPSIK	0
13114	KQTPVAIK	0
13117	KRKIASIK	0
13131	LQSSALEK	0
13134	NAITASME	0
13136	NEASCSDK	0
13140	NETKGSEK	0
13141	NETTGAKI	0
13144	NQTPASQR	0
13147	PAFVAALQ	0
13151	PDTTASIK	0
13158	PVYPGSVQ	0
13159	QAASASKK	0
13164	QDPAASKK	0
13167	QEASASNT	0
13169	QEPGGSVK	0
13181	QGTAASEE	0
13186	RATTTSHK	0
13192	RDVAAAKK	0
13194	REGTASNT	0
13195	RENKASEL	0
13218	TEPTGTAS	0
13227	TGRTASWA	0
13230	TQSAATKK	0
13234	YEQTASQK	0
13239	AATRSSMK	0
13241	CQTTASVK	0
13243	EATRASQV	0
13244	EDVRATKK	0
13245	EEAIASKK	0
13246	EEAIGPYK	0
13247	EEFTAAKK	0
13252	EETSPSYT	0
13255	EVATARNG	0
13262	HDTPASKK	0
13269	IETSAENK	0
13275	IQISATNK	0
13277	IRATASRK	0
13281	KANIAAKL	0
13283	KASKAAHQ	0
13285	KATIAAIE	0
13292	KCANAANN	0
13294	KDPSGSKK	0
13298	KDTSAVAS	0
13304	KEGFSSEP	0
13305	KEITAANK	0
13306	KEKIASHS	0
13309	KEPCASNS	0
13313	KEQTASYR	0
13323	KETPASNT	0
13328	KGGPAPEK	0
13329	KGHSASTE	0
13330	KGSSASVK	0
13337	KGTTTSKN	0
13339	KKTAALGT	0
13342	KPTAGSIT	0
13343	KPTTAAYD	0
13345	KQASGSTK	0
13346	KQIAASND	0
13350	KSTPASKI	0
13351	KSVLAANK	0
13353	KVAIGSKR	0
13363	KYPSAPKH	0
13365	LATPVANK	0
13372	LETLAMGK	0
13376	LGTPGSNT	0
13382	MQASASQI	0
13383	NDTPGSQR	0
13385	NEPTASIK	0
13398	NSTTSSKQ	0
13399	PANTASKN	0
13417	QACTASTK	0
13420	QDITASKK	0
13421	QDPAASKI	0
13422	QDTTASKS	0
13424	QEGTAVKN	0
13432	QESTASTR	0
13434	QETPASKT	0
13438	QGTPASYK	0
13441	QQTTAAGK	0
13443	QQTTGSRH	0
13444	QRNPASAK	0
13450	RATTASKL	0
13451	RDDTASPV	0
13454	RERTASKI	0
13459	RETSASNT	0
13463	RGSTASQC	0
13464	RPTMAAKK	0
13469	RVANASNQ	0
13471	RVSTDSKK	0
13472	RVTTASKN	0
13474	SESNASKK	0
13476	SETRVSIE	0
13479	SGTSAETK	0
13482	TDSSASKN	0
13486	TEDNASLQ	0
13497	TGIMSERD	0
13498	TGTIAAKK	0
13499	TGTIAANK	0
13506	VEGIASAH	0
13511	YVTAASVC	0
13519	EASTASSE	0
13527	EGDTASKK	0
13529	EPPAASIK	0
13532	EQSTAPES	0
13543	IELAASIK	0
13548	IVIKASYK	0
13550	KAANASYI	0
13555	KATSASSI	0
13559	KEARVPLK	0
13565	KENTASKN	0
13569	KESAGSAK	0
13577	KETAATSN	0
13579	KETGASTD	0
13584	KETNGSKT	0
13595	KETTAPNK	0
13601	KGASAPRR	0
13602	KGASGSKK	0
13603	KGAYGSNN	0
13604	KGISASEK	0
13605	KGPAASVQ	0
13609	KGPTASRI	0
13619	KGVYGAIT	0
13622	KLIGASVE	0
13623	KLSVASKQ	0
13626	KPTSVPRK	0
13631	KQTTDSKH	0
13634	KVLPASNK	0
13642	LDNTASKE	0
13646	LETFASAI	0
13653	LRTSATKK	0
13654	LVTNDAQQ	0
13660	MQITGSLK	0
13667	NLKSGRLI	0
13668	NQASASYT	0
13669	NQSTGSTT	0
13671	PEATAAVK	0
13672	PEGTASKK	0
13673	PESAASRK	0
13674	PESSASIK	0
13678	PETTASTT	0
13682	QAMSAPKQ	0
13684	QATNASNN	0
13685	QDHTASKK	0
13692	QETAASTT	0
13693	QETRASRR	0
13698	QGPSAVKK	0
13699	QGSRPAKK	0
13702	QGTTASKS	0
13704	QKAFASKL	0
13721	RETAASNT	0
13722	RETCGSGK	0
13728	RETTAARK	0
13730	RETTGSLH	0
13731	RGTSAAKK	0
13735	RHNTAPKT	0
13736	RPPRVEIR	0
13737	RPTRASNK	0
13738	RPTTGSNK	0
13741	SAAPDSKL	0
13742	SATIAAKK	0
13753	TEITVSTQ	0
13754	TEKGDSKK	0
13770	TETTPSGI	0
13772	TGTTAAVE	0
13779	YATAASIQ	0
13780	YENVASTK	0
13783	AELTASKS	0
13785	AHTIAPQK	0
13788	EANTASKK	0
13789	EATNASNI	0
13797	EEPNPSHE	0
13806	EGSMASKN	0
13809	EVTTESIN	0
13810	GDPSASKH	0
13814	GGIPASNI	0
13816	HAADASKK	0
13819	HEMTASEK	0
13821	HESTAAAI	0
13824	HETAASVK	0
13827	HETTASYE	0
13829	HETTVSDQ	0
13831	IDGTSSKR	0
13841	IETTAWKK	0
13843	IGTTASST	0
13852	KATTASRI	0
13854	KATTASSP	0
13868	KDTNGSYE	0
13873	KEANASLK	0
13880	KEATDSKK	0
13881	KECAASID	0
13884	KENTAETT	0
13892	KERGASAK	0
13893	KERPASEK	0
13896	KERTASQK	0
13898	KESDASKT	0
13908	KESTGAIE	0
13909	KESTGAKD	0
13915	KETDASTV	0
13938	KETTATNK	0
13942	KGAPASNQ	0
13946	KGNSGSVV	0
13951	KGSTAKIK	0
13956	KGTTAPST	0
13959	KHATASTN	0
13961	KHSTAAVR	0
13962	KHTTDSYK	0
13963	KLTSASKG	0
13968	KQFIASGE	0
13969	KQITASKK	0
13970	KQPPATYK	0
13973	KQTSAATK	0
13976	KQVIGPKK	0
13977	KRHTAVIH	0
13978	KRITASKG	0
13979	KRTIASDN	0
13985	KVINPPSQ	0
13986	KVPHATET	0
13987	KVRTASYT	0
13988	KVSNAKLK	0
13994	LDPGVSKA	0
14000	LHSAASTM	0
14002	LVSPASNK	0
14005	MDTTAPRL	0
14007	MEATASSM	0
14014	MVSTASNK	0
14015	NAHNASNS	0
14016	NARAASTI	0
14017	NATAASTK	0
14018	NDPGVSKA	0
14020	NDTPASKK	0
14021	NDTTASIK	0
14023	NEFVASKD	0
14028	NETHASSK	0
14029	NETNASEQ	0
14036	NGTYGSKE	0
14037	NIPTDSKI	0
14045	PDGTGSVN	0
14046	PDITAANK	0
14048	PEAIASKQ	0
14049	PEATASKE	0
14050	PEPTGSDT	0
14051	PESRDSVV	0
14053	PETMSTGT	0
14060	PETTASLE	0
14066	PVAWGVNN	0
14067	QAATASIE	0
14068	QAPIGSKI	0
14070	QATSASNI	0
14074	QDTPASNK	0
14076	QDTPASTK	0
14085	QEMTAAKN	0
14087	QESPASER	0
14088	QETAVSTV	0
14102	QGLRASTA	0
14110	QLILAAKR	0
14116	QSPTASVI	0
14117	QSSSGQIG	0
14118	QVGEASKR	0
14119	QVTPGSKK	0
14120	RAANASYE	0
14123	RDLTASQT	0
14126	RDTLASTK	0
14128	REIAAPNK	0
14130	RENSGAKL	0
14135	REPVASNG	0
14136	RERTASRV	0
14144	RETIGSNN	0
14153	RGQTPSIQ	0
14154	RGSTAPKP	0
14164	RQISASDR	0
14171	RVTTASKI	0
14177	SETNGSTK	0
14179	SETTVSDQ	0
14182	SKINAAIE	0
14187	TAASASIN	0
14188	TASAASRT	0
14189	TASTASKE	0
14191	TATNASIE	0
14192	TATTASKL	0
14194	TDRTTSYE	0
14199	TEDIASHD	0
14203	TESLAART	0
14206	TESTSARL	0
14220	TGVTASYT	0
14221	TQSTGSDE	0
14224	TTSTASAT	0
14225	TVTTGSDK	0
14226	VDVTASRQ	0
14229	WDTSGSRY	0
14230	WDTTGSEN	0
14237	YVTTASKT	0
14241	AHYNASTN	0
14247	EECTASLE	0
14262	EKTAASAK	0
14263	ELTTPSES	0
14272	HEGPASNV	0
14276	HGSNASKK	0
14277	HGTSGSRK	0
14278	HHPTAAVR	0
14284	IEATDSKR	0
14285	IEIAASKK	0
14292	IRASASYK	0
14294	KANTGPEK	0
14296	KASNAAVK	0
14303	KDGNASED	0
14318	KEAAASDT	0
14325	KEATASNQ	0
14331	KELGAPKK	0
14333	KENTASQQ	0
14341	KESSASSR	0
14345	KESTGAKV	0
14360	KETTATET	0
14362	KEVTAEKT	0
14365	KGITAPEI	0
14366	KGPCGSNR	0
14369	KGSAASNK	0
14371	KGSTASEH	0
14378	KPTNACVR	0
14386	KQTIATQT	0
14387	KQTPASKE	0
14388	KQTSAAYK	0
14391	KRPTVSKI	0
14397	KTSTASKS	0
14401	KVSAGSNN	0
14405	KVTPASTV	0
14412	LDPRASTK	0
14419	LETNASKI	0
14420	LETTSSGT	0
14422	LGTSASDN	0
14424	LPPRASIE	0
14429	MGATASIR	0
14432	NATRASEK	0
14434	NDPKASLK	0
14437	NEARASTK	0
14446	NGANASQK	0
14450	NQRTASVL	0
14451	NVHNAERR	0
14458	PEGTASVK	0
14463	PEVTASWA	0
14464	PGATASGI	0
14465	PGLTAPKK	0
14466	PGTMASMK	0
14469	PHGPGSKN	0
14471	QATTASTQ	0
14472	QDTSGSKK	0
14475	QENIGAEL	0
14484	QETRASLR	0
14489	QGTNVEKK	0
14492	QGTTASSR	0
14494	QPTGGVKN	0
14507	RATTASYE	0
14509	RDPDASKI	0
14517	REGIASNT	0
14526	RETNAADK	0
14529	RETTASVR	0
14533	RGPTAADK	0
14534	RGPTAASV	0
14536	RGTSGSYI	0
14542	RHTTASKN	0
14543	RLRAAPNK	0
14546	RQSTASIE	0
14555	RVPIASIK	0
14559	SDSTPSNK	0
14563	SESTATKL	0
14570	TEPGGSVK	0
14573	TESIATIR	0
14574	TESTATNR	0
14575	TETAGSNK	0
14576	TETIASQN	0
14584	TTTTACVK	0
14586	TYGTASKK	0
14588	VESTDAKN	0
14594	AEPIASDR	0
14597	AGSSAAET	0
14599	CDSTDSQK	0
14603	DDSTRATV	0
14610	DRPTASER	0
14612	EAPTASEK	0
14613	EAPTASNN	0
14617	EDPGVSKA	0
14618	EDTTASQT	0
14626	EGTSGSKK	0
14629	EQTSPAKN	0
14633	FRPTGSQK	0
14634	FYTGDGNT	0
14635	GESSAAEQ	0
14637	GETTAAKK	0
14638	GETTGSAN	0
14643	HEAWASKI	0
14644	HEPTASVK	0
14649	HLTTAPEI	0
14650	HPCTAPEK	0
14656	IELAASKR	0
14665	IETSDAHI	0
14668	IGATASTT	0
14672	IQTTVPHH	0
14677	KARTASNK	0
14685	KATTASEG	0
14688	KDGYGSLK	0
14689	KDIAASKK	0
14690	KDPAGSTW	0
14696	KDTPASRK	0
14699	KDTYAPRK	0
14703	KEAIGSNK	0
14705	KEAPASNN	0
14707	KEASASDT	0
14709	KEATASAI	0
14711	KEDPGSQR	0
14715	KEIPASYK	0
14716	KEISASNK	0
14717	KENPGSKR	0
14720	KEPKASMR	0
14725	KEPSVSVE	0
14732	KERTVSTI	0
14747	KETNARIR	0
14752	KETSAAIN	0
14755	KETTAPTQ	0
14764	KETTPSQT	0
14766	KEVRASNN	0
14772	KGSTASIQ	0
14776	KGTLASYK	0
14777	KGTPASNN	0
14783	KKVDASQH	0
14787	KPATAAER	0
14789	KPSAASHK	0
14790	KPTTASHK	0
14791	KQAPASEK	0
14796	KQLTASKK	0
14797	KQRTASKK	0
14809	KVPTASEE	0
14811	KVTIASSV	0
14820	LENAASSN	0
14821	LETTDAEK	0
14822	LETTGAKI	0
14825	LQTTASIQ	0
14826	MEGSASLK	0
14828	MERSASQK	0
14834	NATTGSSM	0
14835	NDAAASKK	0
14839	NEPAASKS	0
14844	NETAASVQ	0
14846	NETNAAHK	0
14848	NETPASKT	0
14854	NETTDSRK	0
14858	NHTRASKK	0
14862	NQTDASVR	0
14867	PATTASHE	0
14877	PETTASLV	0
14879	PGPTSSKM	0
14880	PGSAASKK	0
14881	PGSSASKK	0
14885	PRTTAPNK	0
14887	PTATVEKK	0
14888	PVPTAAES	0
14889	QAMTGCQE	0
14890	QANSAPQK	0
14891	QASSASRS	0
14897	QATSGSII	0
14899	QDRFASQP	0
14900	QDTRGSER	0
14909	QESPASEK	0
14911	QESTASYG	0
14928	QGPTAADK	0
14929	QGQTASRK	0
14930	QGSTASKL	0
14932	QGTKASQN	0
14934	QKRSASRK	0
14936	QKTAASLK	0
14938	QPTSAWNK	0
14939	QQAARSDK	0
14940	QQHAAYMS	0
14942	QQTAASVD	0
14943	QQTSVPTT	0
14945	QRASAPKK	0
14946	QVANASNQ	0
14947	QVPTASKG	0
14951	QYTAASYG	0
14952	RAGSGSTK	0
14954	RASSRSKV	0
14961	RDTTAART	0
14963	RDVNASLK	0
14964	REAAASTI	0
14969	REISGSKK	0
14972	REPTASTR	0
14997	RLGRASSM	0
15001	RQCRASKK	0
15003	RQMGASKQ	0
15005	RVITALKI	0
15006	RVKTGSYI	0
15015	SGTVASTK	0
15016	SNTKASKK	0
15020	TEATAAEE	0
15021	TEKTASKD	0
15024	TETNASNK	0
15026	TETSASNT	0
15029	TETTVSKD	0
15032	TGTIASKK	0
15033	TGTPASTN	0
15038	TQIIAAKI	0
15039	TQMISPCK	0
15046	TRATSSIK	0
15047	TSAIASQR	0
15050	TVPTASNT	0
15051	TVTKASIK	0
15052	VEPTGSKI	0
15053	VKSTAPNR	0
15054	VQAIAGLQ	0
15059	WQPPASLK	0
15063	YLPAARSG	0
15064	YVTNASEI	0
15069	DATRASKK	0
15070	DEPSASAI	0
15076	EDTSASFR	0
15079	EEPPASKQ	0
15084	EETIASSK	0
15098	EVPRASNR	0
15100	GDSTAWKK	0
15107	HDPSASEN	0
15112	HRPTASMG	0
15117	IELAASKL	0
15119	IGTTAAKQ	0
15120	IITAASRI	0
15124	KAAIGTKK	0
15137	KDPAASKI	0
15138	KDPNASTK	0
15140	KDSSASTG	0
15142	KDTAACIK	0
15145	KDTTASKV	0
15146	KDTTASRN	0
15147	KDTTGAIK	0
15148	KDTTGSNK	0
15151	KEANASKQ	0
15158	KEATSSYR	0
15159	KEATVSKK	0
15166	KEMAASAK	0
15170	KEPTSEQN	0
15171	KERIAVTK	0
15173	KESAASRR	0
15174	KESSASHI	0
15184	KETAAAMN	0
15187	KETASSIK	0
15190	KETIAAKT	0
15191	KETIAPKK	0
15196	KETNASNN	0
15207	KETTAPGE	0
15212	KGPIASNH	0
15213	KGPSASET	0
15220	KGTSDSQK	0
15225	KLGSASDK	0
15226	KNTTASAR	0
15227	KPKSASNN	0
15229	KPRASSNK	0
15230	KPTGAKAT	0
15231	KQANASKK	0
15232	KQITAAKK	0
15237	KQTTASIT	0
15239	KRKTASSR	0
15240	KRTTPSKS	0
15243	KVAWGVKK	0
15244	KVTAGSAS	0
15258	LESIASRK	0
15261	LETFAEVT	0
15262	LETSASYV	0
15265	MASSVTKI	0
15270	NDTGASKN	0
15279	NETTASRN	0
15280	NGTNGSIK	0
15284	NQTSASLK	0
15285	NTSTASAT	0
15288	PATSASKQ	0
15307	PGTPASYK	0
15315	PVATASDK	0
15317	QAGCAEDK	0
15320	QATTASKC	0
15321	QATTASQE	0
15322	QDATASTK	0
15323	QDNAASYP	0
15331	QESAASTT	0
15340	QETAAPQK	0
15353	QETTGAKK	0
15357	QGANASIK	0
15362	QHSPRSES	0
15363	QMNIAAKL	0
15364	QNASASKL	0
15366	QQETAVKL	0
15369	QVTPASPK	0
15373	RASSASRS	0
15375	RATTATNK	0
15384	RESTASTR	0
15389	RETNASKT	0
15391	RETPASTT	0
15396	RETTAPIK	0
15405	RGTSGSEN	0
15410	RLTWAAQN	0
15414	RQTAASAK	0
15415	RQTCASRK	0
15416	RQTSASTK	0
15418	RQVTASNI	0
15420	RVRIGSKK	0
15422	RWPTAEKD	0
15424	SDTPACKK	0
15431	SETSGSIK	0
15434	SGTSAEYR	0
15435	SRPPGSQT	0
15436	TAAGASES	0
15438	TATIAETW	0
15439	TATSASQA	0
15446	TEMAASSK	0
15464	TQTLACKD	0
15466	TQTYASKK	0
15468	TRTTASKL	0
15469	TSAAAAYT	0
15472	TVTRASKI	0
15476	TVTTSSKK	0
15479	WEMPGSRI	0
15480	YEATSSGS	0
15482	YQCTRSLK	0
15486	AYTIAANK	0
15488	CQTTASEK	0
15489	CVCTAAKT	0
15490	DDTTAAKR	0
15493	DGIAASKE	0
15495	DRPVASKN	0
15500	EDTPGSHN	0
15503	EEPMACRI	0
15514	EGIVAAYK	0
15515	EGPTSSKM	0
15517	EGTTASEI	0
15523	EHTTASTV	0
15524	ELTKAYLK	0
15525	EPAITAET	0
15526	EPPAASKK	0
15527	EPSNARQR	0
15528	EQQTDSRK	0
15529	EQTPASQQ	0
15530	ERTAASKQ	0
15532	ETAPASIK	0
15534	EVSGASTK	0
15539	GEAAASIK	0
15547	GGTSATKK	0
15549	GPTNADKI	0
15550	HAPPASNK	0
15556	HEPSCSKM	0
15557	HESSASIK	0
15564	HLPAASKT	0
15565	HPSTGSHT	0
15566	HVMTASNK	0
15573	IDPAASTR	0
15574	IDTTDSKT	0
15575	IEATASTN	0
15577	IEPSASNR	0
15578	IESSDANN	0
15591	IGTIASNK	0
15593	IKRTASKT	0
15595	IPMAAAIK	0
15596	IPTTASKN	0
15597	IVNTAPIK	0
15598	IVSAATNK	0
15605	KADTASKP	0
15606	KAHSDSIE	0
15607	KAIAASQV	0
15610	KAPSASNK	0
15612	KAPTASKN	0
15613	KARDGSNK	0
15614	KARFGSKT	0
15615	KARLASRL	0
15619	KASTPSKI	0
15623	KATGGSKI	0
15636	KATTLADK	0
15638	KDALAEKK	0
15639	KDAPASNK	0
15640	KDAPGSEP	0
15642	KDITASGK	0
15645	KDPTASER	0
15646	KDPTASKQ	0
15647	KDPTASQT	0
15650	KDSAASIK	0
15652	KDSPASTK	0
15653	KDSTASHS	0
15655	KDSTGSKQ	0
15657	KDTAGSIG	0
15662	KDTTAPYT	0
15665	KDTTATNR	0
15667	KDTTGSIK	0
15668	KDTTGSKN	0
15669	KDTTRSKK	0
15671	KEAAASYK	0
15673	KEAMRSQE	0
15676	KEASASYD	0
15678	KEASNSDI	0
15683	KECAASII	0
15684	KEDSASLL	0
15686	KEGFAEKK	0
15688	KEGTGSKQ	0
15689	KEIAASKE	0
15696	KENHASEE	0
15697	KENMASCI	0
15700	KENTASKI	0
15701	KENTASLQ	0
15703	KENTASTE	0
15704	KENTASTG	0
15713	KEPTGSRE	0
15716	KERTATKQ	0
15721	KESNASKT	0
15724	KESSAALK	0
15726	KESTASQT	0
15730	KESTGANN	0
15731	KETAASHT	0
15737	KETAGSRK	0
15747	KETNGSIK	0
15755	KETSASSI	0
15760	KETSGSEK	0
15772	KEVTASKN	0
15775	KEYTAATK	0
15776	KGAAAPYT	0
15781	KGATDSKK	0
15783	KGGLASKD	0
15784	KGIAASQQ	0
15786	KGPTAPEK	0
15788	KGSAASTK	0
15803	KHTNASKQ	0
15804	KHTPGSRI	0
15809	KLATASTI	0
15814	KPANASHR	0
15815	KPPTASLK	0
15817	KPSTASLH	0
15818	KPTTASMK	0
15822	KQDRASRK	0
15823	KQGAASIR	0
15824	KQGTASKT	0
15825	KQGTVTQL	0
15826	KQIAQSVN	0
15828	KQIRVQVT	0
15832	KQPTASRK	0
15837	KQTSAAQK	0
15839	KQTSGSIK	0
15841	KQTTAFKH	0
15844	KQTTVSKT	0
15845	KRTDAVKK	0
15846	KRTPSAKN	0
15847	KRTTAAKY	0
15860	KVNDCASP	0
15861	KVNSASEK	0
15864	KVPTASNK	0
15868	KVSTASTI	0
15882	LESSASIK	0
15886	LESTGSKK	0
15892	LGPTGSKT	0
15894	LLAGATQK	0
15895	LPRTASQK	0
15896	LQTAASPL	0
15898	LRTTASYH	0
15900	MANAASMK	0
15903	MESAASKQ	0
15911	NAASASKE	0
15913	NATKASRT	0
15920	NDATASKT	0
15921	NDTLAAKK	0
15923	NEAAASKT	0
15926	NEATASMI	0
15928	NEGPCSKQ	0
15930	NESNCSIK	0
15931	NESRASGI	0
15938	NETIGAYE	0
15947	NETTASLE	0
15951	NGPTSSKM	0
15952	NGRIASYT	0
15953	NGRRNSRQ	0
15958	NKGVSSHT	0
15959	NPRAASEK	0
15964	NQPTASKE	0
15969	NRTTASYH	0
15970	NSPTAGIK	0
15972	NVPTAGNK	0
15980	PEASASDD	0
15985	PEPNPSHE	0
15987	PEPTASMK	0
15988	PEPTASRK	0
15993	PETRFAMV	0
16000	PGAPASSK	0
16002	PGPRASTK	0
16004	PGTNASAM	0
16006	PGTSESKK	0
16013	PPATASKK	0
16014	PPATASKN	0
16023	QATAASYQ	0
16025	QATTASRN	0
16030	QDLTGSKK	0
16031	QDPTASGQ	0
16032	QDSPVSEV	0
16033	QDSTASIK	0
16034	QDTSPSKL	0
16037	QEASASLK	0
16040	QEHFASIV	0
16041	QEIAAPHT	0
16045	QENTASIE	0
16046	QEPAASRK	0
16047	QEQSASKT	0
16048	QERTASTK	0
16051	QESIASQN	0
16052	QESKGPRN	0
16055	QESTAAIK	0
16063	QETNASKN	0
16064	QETPAAIP	0
16066	QETPASKE	0
16082	QETTDSTK	0
16085	QGATASYD	0
16086	QGDTASKT	0
16091	QGTSGSKK	0
16096	QITAAPRT	0
16098	QKTSARTK	0
16100	QLTKVELK	0
16101	QPRCASKE	0
16102	QPTNASKI	0
16103	QPTSVPRK	0
16105	QQGTGSNK	0
16110	QQYSAANN	0
16112	QSTSASKK	0
16114	QVPTVSNE	0
16117	QVTPASSK	0
16118	QVTSASNQ	0
16123	RAHRGSEP	0
16125	RAKNDSNK	0
16127	RAPTASIK	0
16128	RASGASEE	0
16133	RATTGSRN	0
16136	RDSTASYK	0
16139	RDTTASDT	0
16149	RECSASYI	0
16154	REHTESDE	0
16155	REKTASKD	0
16157	RENDAESI	0
16159	RENSGAKR	0
16162	REPGGSVK	0
16163	REPNASVK	0
16165	RESAAATK	0
16169	RESIASQN	0
16173	RETAASCM	0
16176	RETFRAKK	0
16179	RETNASMV	0
16181	RETPCSKK	0
16184	RETSASCE	0
16189	RETSGSTK	0
16190	RETSGVRQ	0
16191	RETSSSDE	0
16197	REVGASIT	0
16198	REWTAANT	0
16199	REYPGSYK	0
16200	RGALVSKK	0
16201	RGNPTSRI	0
16215	RHANAATK	0
16216	RLTKVELK	0
16218	RPATAAPK	0
16219	RQLPGSKK	0
16220	RQRVAPYK	0
16221	RQTTASHQ	0
16222	RQTTTSTK	0
16223	RRSPASVN	0
16229	RVTPASTV	0
16230	RVTPGSKK	0
16231	RVTTAAIK	0
16234	SAGSGSIK	0
16238	SDMTGSRK	0
16239	SDSRGSKR	0
16241	SEHPGSAY	0
16246	SETSASVQ	0
16252	SNTSAKGK	0
16253	SQTPASQR	0
16255	TASAASKI	0
16256	TATNPSKQ	0
16258	TATTASKI	0
16260	TDLTASEI	0
16261	TDTGASKN	0
16271	TEITVAYK	0
16276	TEPVASKR	0
16278	TESAASIK	0
16293	TGARASKI	0
16295	TGLVASYK	0
16301	THAIALNK	0
16305	TPNTAAKK	0
16306	TPTTGSNK	0
16311	TQRVAPYK	0
16313	TQTAAAKK	0
16318	TRTTASYH	0
16319	TVASGSHT	0
16320	TVAWGVNN	0
16322	TVTSAAEA	0
16323	TVTSASGK	0
16324	TVTSATIK	0
16332	VETTGSEK	0
16333	VPQPASKK	0
16335	VRSSAAQQ	0
16339	WQTTASEK	0
16347	YGTVASTK	0
16356	CSRSASKK	0
16357	DESVASHK	0
16359	DGATASEE	0
16362	EDATASEN	0
16363	EDPTAANK	0
16371	EETKVAKH	0
16375	EGSMASKT	0
16382	EVSSASLE	0
16383	GANVASEK	0
16388	GETNPSKK	0
16392	GGTTGSKI	0
16394	HDSAGSQD	0
16397	HEAIASKL	0
16399	HEKNASSK	0
16400	HEPTASKA	0
16407	HETTPSYK	0
16408	HGATASKR	0
16414	IDPGVSKA	0
16417	IEATTAQK	0
16419	IENRASDI	0
16429	IETTASAR	0
16432	IGTLASSK	0
16455	KDAAASNE	0
16456	KDASASVK	0
16459	KDDSGSTE	0
16473	KEATASEQ	0
16476	KEATASQI	0
16479	KEATPARI	0
16481	KECSASND	0
16482	KEGSPSRK	0
16490	KEPIASNK	0
16491	KEPNASTK	0
16495	KEPTASTQ	0
16511	KETAGSNK	0
16515	KETGGSQN	0
16518	KETIGSIK	0
16520	KETLAAMT	0
16540	KETTGAKR	0
16541	KETTGSCI	0
16546	KGALASKK	0
16561	KGVTASRS	0
16563	KKIADPKK	0
16570	KNIPAPKI	0
16571	KNIPAPKT	0
16572	KNIPASKK	0
16573	KPCIAPGK	0
16574	KPSPDPKK	0
16576	KPTSASER	0
16581	KPTTDSRV	0
16584	KQCPAPNI	0
16585	KQPTASNK	0
16586	KQRTASIK	0
16592	KQTANAKK	0
16599	KRSTGSKI	0
16601	KRTNASQK	0
16603	KRTTASYI	0
16606	KVGAASYD	0
16616	KYDTAATS	0
16621	LEASCAGN	0
16623	LEISASIS	0
16625	LERTASEL	0
16632	LETTCAQN	0
16634	LGASASNK	0
16635	LGPTVSKH	0
16638	LGVAASQI	0
16641	LSPGASKK	0
16646	MLSPAAKK	0
16651	MRTPDSKW	0
16652	MSCTASKK	0
16653	NATIAAKK	0
16656	NDITGSKK	0
16657	NDRCAPKK	0
16658	NDTTASKR	0
16663	NERTASNK	0
16664	NESAAPKV	0
16679	NPTIALSK	0
16681	NRTAASKQ	0
16683	NVAPASNN	0
16685	NVSPASKV	0
16691	PDTTASQE	0
16694	PEATVSPK	0
16695	PEPTASIK	0
16701	PETTASET	0
16707	PGPTDSEP	0
16714	PQSTVPNK	0
16715	PQTTASIK	0
16717	PRSPASKK	0
16718	PTTSASNK	0
16720	PVATASSK	0
16728	QASRDSFQ	0
16732	QATPASIK	0
16734	QATSAAEK	0
16738	QDATASGK	0
16744	QDTTDSEG	0
16745	QDWPGSLK	0
16749	QEMIASNK	0
16754	QERTASKT	0
16760	QETDASKN	0
16762	QETNASKT	0
16775	QGAPASNQ	0
16776	QGCSGSKS	0
16777	QGGTASDK	0
16778	QGNAGSKG	0
16779	QGPIASQQ	0
16781	QGRFAPIR	0
16787	QKASASRN	0
16788	QLATASKK	0
16789	QLTWAAQN	0
16790	QPPAASKQ	0
16793	QQAPASKK	0
16794	QQTIGKKE	0
16796	QQTTATYK	0
16798	QSNPAALQ	0
16799	QSTTAPKQ	0
16801	QVDTDSKT	0
16811	RASTASTN	0
16814	RDSRASQK	0
16821	RENSGANK	0
16840	RETNGSIK	0
16848	RETTASQS	0
16856	REVRGKSQ	0
16859	RGKTASHE	0
16860	RGPCGSNR	0
16865	RHPPASIK	0
16866	RPPRESEK	0
16867	RPTSASKR	0
16868	RQAAASVK	0
16870	RQPSGSNV	0
16873	RQTIAAIK	0
16874	RQTIASKK	0
16875	RQTPASIT	0
16876	RQTTAKDK	0
16877	RQTTASQD	0
16878	RRRTASKD	0
16880	RSSTASTK	0
16883	RVSNAAYK	0
16884	RVSRASQK	0
16885	RVSTAAVK	0
16886	RVTNAARL	0
16888	SATTGSLE	0
16892	SEDPASET	0
16894	SETKASQQ	0
16899	SKKVASNQ	0
16905	TATSASNK	0
16909	TEAPVSNK	0
16911	TEGSASRK	0
16912	TEMTASNR	0
16913	TEPAGSKQ	0
16914	TEPNPSHE	0
16916	TEPTGSSE	0
16917	TESPESIK	0
