source_row	sequence	label	outer_fold
0	AAATAVKK	1	7
2	AASNSAKL	1	2
6	AATAASKT	1	5
10	AATIASKL	1	9
11	AATRAVKK	1	5
13	AATTAVKL	1	3
16	ADPTASNK	1	2
21	ADTTAAKL	1	7
23	AEAVASKL	1	1
31	AESDAVLK	1	5
34	AESEASNK	1	2
40	AESHESKR	1	7
41	AESIAAKA	1	1
46	AESIAVKL	1	5
60	AESRASTK	1	4
80	AESSGTKR	1	7
94	AETAATKR	1	1
114	AETIGSKK	1	6
118	AETKDAKR	1	10
119	AETMAAKK	1	2
125	AETRAAVL	1	10
139	AETSEAKK	1	1
147	AETTASDM	1	9
158	AETTDAKK	1	10
167	AGTEAVKK	1	6
168	AGTIGSKL	1	6
169	AHLPASTK	1	4
170	ALTTDARL	1	3
174	AQSKAVKI	1	1
176	AQSKAVKL	1	10
184	ARSRAAKL	1	2
185	ASSRAAKL	1	6
187	AVSTASKL	1	4
201	DAASASKK	1	8
204	DDAAASWK	1	1
205	DDHMGVKK	1	1
206	DDHMGVKL	1	4
208	DDSVSSKL	1	6
210	DEATGSKK	1	2
231	DESSDAKR	1	5
253	DETTASDL	1	2
261	DHTPSAEK	1	5
266	DSSSAAKL	1	3
267	DSTRAAKL	1	5
268	DVGTASKT	1	4
273	EAASAVKL	1	7
274	EAATAVKK	1	9
276	EAATESKK	1	8
277	EADTASKL	1	8
281	EASEAVKK	1	1
282	EASIAADL	1	7
289	EASIAVKK	1	2
290	EASKAAHQ	1	8
296	EASQAVKV	1	10
308	EASTAPTH	1	1
312	EASTGVKK	1	5
322	EATAASKQ	1	7
324	EATAAVKL	1	8
334	EATIAANK	1	3
347	EATKSAKQ	1	5
352	EATPATKL	1	10
364	EATVAADL	1	7
371	EATVAVKQ	1	3
374	EDASASEL	1	10
375	EDCVGSKC	1	10
376	EDHMGVKK	1	5
379	EDPSGPKK	1	4
388	EDSEASKK	1	4
389	EDSEGTKR	1	7
393	EDSGAAKI	1	9
397	EDSKASKK	1	2
426	EDSVAANI	1	9
427	EDSVAANK	1	5
428	EDSVADKI	1	5
432	EDSVAVKI	1	7
444	EDTIAADL	1	2
455	EDTRESKK	1	7
464	EDTTASDK	1	9
471	EDTTDSKL	1	1
474	EDTVAAVL	1	9
478	EEAAASGK	1	6
480	EEADASKL	1	8
484	EEARAVKK	1	2
485	EEARVPLK	1	8
488	EEATAVKK	1	5
489	EEAVASKL	1	7
491	EECSGAKL	1	4
492	EEDTASKL	1	4
495	EEGIGSKL	1	3
500	EEHEASKK	1	3
508	EEHTATKK	1	7
519	EEKTASKL	1	10
523	EENDAAKK	1	7
527	EENNAVDL	1	9
531	EENNAVKS	1	9
533	EENNSSKL	1	9
544	EENTATKK	1	10
545	EENTAVKK	1	1
550	EEPAASAK	1	10
551	EEPAASDN	1	1
553	EEPRASKL	1	3
555	EEPTASEQ	1	6
557	EERAVVKK	1	1
564	EERRASKL	1	1
567	EERSASKI	1	5
570	EERSAVKL	1	4
574	EERVASKK	1	5
586	EESAASTI	1	8
592	EESAATKR	1	3
600	EESAGAKK	1	2
612	EESDASIK	1	5
619	EESDSSKL	1	10
625	EESEASDL	1	10
633	EESEGADL	1	7
634	EESEGAKI	1	2
648	EESFATKS	1	8
654	EESFAVKQ	1	3
655	EESFAVKR	1	5
657	EESFAVNK	1	10
659	EESFAVVK	1	1
665	EESGASDL	1	5
684	EESHESKR	1	9
685	EESIAADA	1	9
693	EESIAANI	1	9
695	EESIAASL	1	6
719	EESIGAVL	1	1
723	EESISANL	1	10
724	EESIVVKK	1	7
732	EESKATKR	1	3
735	EESKFAKK	1	4
745	EESLATKR	1	5
752	EESMAAKR	1	5
759	EESMAVKR	1	4
779	EESNASKR	1	10
781	EESNASRE	1	6
787	EESNAVDM	1	8
810	EESNAVTI	1	3
816	EESNDAKK	1	3
819	EESNGAKI	1	6
855	EESRATKS	1	3
856	EESRATKT	1	1
871	EESRESIR	1	1
873	EESRESVK	1	5
880	EESRHSKI	1	4
882	EESRTAKR	1	2
887	EESSAAKA	1	4
892	EESSAAKP	1	8
894	EESSAAKR	1	4
897	EESSAAKV	1	4
903	EESSAARE	1	8
914	EESSALKI	1	6
918	EESSAPMQ	1	10
922	EESSASDI	1	7
925	EESSASDM	1	10
927	EESSASHG	1	3
944	EESSASPI	1	1
981	EESSAVRL	1	7
989	EESSDAKR	1	8
999	EESSGAKI	1	1
1001	EESSGSDL	1	5
1010	EESSNAKL	1	10
1011	EESSPSKL	1	10
1012	EESSSSDL	1	9
1015	EESSSTKK	1	8
1017	EESSTSKL	1	9
1018	EESSVSDL	1	1
1020	EESSVSKL	1	6
1034	EESTAARE	1	2
1044	EESTASDM	1	8
1045	EESTASDR	1	7
1087	EESTGAIK	1	10
1099	EESTGSDL	1	3
1106	EESTSSKL	1	1
1107	EESTTSKL	1	4
1109	EESTVSKL	1	9
1110	EESTVVKK	1	10
1122	EESVASKT	1	10
1134	EESVGSKQ	1	4
1175	EETAAVRL	1	6
1176	EETAAVRS	1	5
1179	EETASAKL	1	8
1185	EETDARKR	1	9
1191	EETDASKS	1	6
1218	EETFASSL	1	2
1223	EETGDAKK	1	8
1234	EETHEANR	1	1
1278	EETIAEKK	1	4
1279	EETIAIKR	1	6
1280	EETIASDI	1	8
1282	EETIASIA	1	7
1310	EETISSKK	1	3
1311	EETISSKL	1	10
1322	EETKDSKK	1	4
1324	EETKSSKL	1	5
1366	EETNDAKL	1	4
1371	EETNGAKM	1	9
1372	EETNGAKS	1	7
1395	EETRAARL	1	4
1422	EETRDAKK	1	2
1423	EETRDAKL	1	2
1444	EETSAFKK	1	6
1448	EETSATKK	1	5
1452	EETSAVDM	1	5
1463	EETSAVRE	1	5
1469	EETSDAKL	1	8
1476	EETSDTKK	1	6
1487	EETSVVKK	1	9
1507	EETTAATN	1	2
1514	EETTASGD	1	10
1536	EETTAVNL	1	7
1542	EETTDAKI	1	7
1543	EETTDAKK	1	1
1545	EETTDAKS	1	1
1547	EETTDSKT	1	6
1554	EETTGAKK	1	6
1556	EETTGAKQ	1	4
1557	EETTGAKR	1	6
1560	EETTGTKL	1	6
1561	EETTGTKR	1	1
1563	EETTSAKK	1	2
1584	EETVASLK	1	6
1585	EETVASNL	1	6
1586	EETVASTL	1	9
1587	EETVASVL	1	8
1607	EETYASTK	1	6
1611	EEWTASKL	1	2
1615	EGAAASKL	1	4
1616	EGGSVATK	1	8
1619	EGPMASKL	1	9
1622	EGSIAATL	1	10
1624	EGSIATKK	1	5
1625	EGSIATKL	1	7
1626	EGSIAVKK	1	8
1627	EGSIGTKK	1	2
1628	EGSNAVKK	1	8
1631	EGSSAAKK	1	2
1632	EGSSASKL	1	3
1634	EGSTAAKS	1	2
1649	EGTADAKL	1	4
1656	EGTIASDL	1	9
1657	EGTIGSKK	1	4
1658	EGTIGSKL	1	7
1660	EGTNASNK	1	1
1663	EGTRASKL	1	4
1666	EGTSAAKL	1	7
1669	EGTSDAKK	1	6
1676	EGTTDPKK	1	8
1677	EGTTDPKL	1	9
1680	EGTTVSKI	1	4
1682	EHALASKK	1	1
1683	EHPAASKL	1	4
1693	EHSRSAKL	1	1
1703	EKNSGSKL	1	4
1704	EKSNAVKK	1	4
1710	EKSTAVKR	1	8
1714	EKTPAVKK	1	6
1716	EKTTASKL	1	4
1719	EKTYAFKK	1	5
1720	ELGTGSKL	1	3
1723	ELRAAVKK	1	9
1724	ELRTDVKR	1	1
1727	ELTRESKK	1	7
1728	ELTSAAKK	1	9
1741	ENCSAAKC	1	10
1745	ENSRAVKK	1	1
1746	ENSRAVKL	1	6
1747	ENSRAVKM	1	3
1756	ENTVAVKL	1	7
1761	EPNSAVKR	1	3
1762	EPNTAAKR	1	3
1765	EPRWGVKK	1	1
1769	EPSRAVKR	1	10
1771	EPSSAVKR	1	7
1780	EPTFGVIK	1	7
1781	EPTGAADL	1	8
1784	EPTGASKL	1	4
1799	EPTSARKR	1	10
1804	EPTTAVKI	1	9
1812	EQANASKL	1	9
1814	EQGTGVKR	1	1
1816	EQNSAVKL	1	8
1830	EQSEASKK	1	6
1831	EQSHAAKK	1	10
1833	EQSIAAKI	1	5
1836	EQSIAAKS	1	9
1838	EQSISAKL	1	8
1845	EQSNEAKK	1	4
1849	EQSRAAKI	1	8
1854	EQSRDAVL	1	3
1855	EQSRSSKL	1	3
1868	EQSSASDL	1	5
1872	EQSSAVKI	1	4
1877	EQSTAADK	1	3
1888	EQSTAARL	1	6
1908	EQSTGVKR	1	3
1918	EQSWGSKL	1	3
1923	EQTAAVKL	1	6
1924	EQTAGVKR	1	7
1956	EQTHASKI	1	4
1964	EQTIATKK	1	6
1967	EQTKDSKL	1	10
1972	EQTNASKQ	1	6
1973	EQTNASKS	1	5
1975	EQTNAVKL	1	3
1980	EQTSAVKI	1	9
1983	EQTSDSKL	1	3
1992	EQTTAVKI	1	7
1999	EQTTDAKS	1	6
2012	EQTYAAKI	1	3
2016	ERSHPAKL	1	8
2017	ERSRAAKL	1	5
2020	ERTTASKL	1	1
2021	ESAAGVKK	1	7
2024	ESSGAWEH	1	1
2027	ESSPASKE	1	6
2042	ESTRAAKL	1	4
2043	ESTSAAKL	1	5
2049	ETRSATKK	1	6
2050	ETRTAVKR	1	4
2053	ETSSDAKK	1	8
2054	ETSSDAKL	1	9
2059	ETTRAAKK	1	9
2060	ETTRAAKL	1	3
2065	EVHAAPKK	1	8
2066	EVHAAPKL	1	9
2067	EVNMAVKR	1	8
2070	EVSIAADL	1	8
2074	EVSKAAKI	1	2
2076	EVSPASKL	1	4
2077	EVSPGVKK	1	1
2083	EVSSASKL	1	2
2085	EVSSDAKL	1	8
2089	EVTEGVKK	1	2
2090	EVTGASTK	1	1
2094	EVTQAIKK	1	9
2097	EVTSASKL	1	9
2113	GAIASSLH	1	6
2114	GATTASNI	1	7
2115	GDNTAVKK	1	10
2117	GDTTAAKN	1	2
2118	GEAPASKR	1	7
2121	GERIAVKL	1	2
2122	GERSASKL	1	2
2129	GESPASDL	1	3
2134	GESSASKT	1	8
2143	GETAVSKL	1	5
2152	GETTAVKI	1	10
2158	GLGIGSED	1	3
2162	GQATASKH	1	2
2163	GQSRAAKK	1	7
2177	HATSGSKL	1	7
2182	HATTESTK	1	9
2186	HDSVAAKK	1	9
2188	HDTRESKK	1	3
2189	HDTTAAKL	1	3
2193	HEAIASEQ	1	5
2194	HEASGSTK	1	5
2195	HEATASIT	1	9
2199	HENNAVKL	1	2
2202	HERNGSKL	1	4
2204	HERTAVKL	1	9
2210	HESEASKK	1	4
2229	HESNASNT	1	4
2237	HESNGTKR	1	4
2247	HESSAAKK	1	6
2277	HESWAAKI	1	5
2278	HESWAAKK	1	1
2280	HESWAAKS	1	6
2281	HESWASKI	1	9
2284	HESWASRL	1	3
2292	HESWGLKK	1	6
2294	HESWGSIK	1	3
2306	HESWGSQK	1	6
2318	HETAGSRK	1	8
2333	HETISSKL	1	3
2337	HETNATKK	1	6
2346	HETRASNL	1	5
2368	HETTGAKL	1	9
2374	HETVASRK	1	9
2377	HGRAASKL	1	2
2385	HPSTGVKK	1	10
2386	HPSTGVKL	1	10
2387	HPTTASIK	1	9
2394	HQSTASKN	1	3
2406	HSIREVKR	1	7
2408	HVIMGSEH	1	10
2409	HVISGQTP	1	7
2413	IATRASIN	1	7
2416	IATTAAKL	1	8
2417	IDPTASKV	1	5
2420	IDTSAAIK	1	7
2422	IEANGSRI	1	6
2423	IEATASTQ	1	10
2424	IEATASVR	1	9
2426	IELAAADL	1	10
2427	IELAAAKL	1	8
2428	IELAAVKK	1	4
2431	IENNAVKL	1	8
2482	IESTVVKK	1	1
2490	IESWGSKS	1	5
2494	IETCGSIK	1	4
2496	IETGASTK	1	7
2507	IETPASNE	1	10
2515	IETSDAKK	1	6
2523	IGATASKE	1	7
2524	IGGAASKK	1	10
2525	IGSEASKK	1	10
2526	IGSEASKL	1	1
2529	IGTGAVKK	1	4
2530	IGTIGSKL	1	1
2531	IGTTGSVM	1	8
2532	IGTTRSKK	1	3
2534	IHTTASRK	1	1
2535	IITTASKL	1	2
2536	IKATASYK	1	2
2541	IPTTASEE	1	8
2542	IQPHASIK	1	5
2545	IQSWASKL	1	9
2546	IQSWGSDL	1	10
2547	IQSWGSKK	1	1
2548	IQSWGSKL	1	1
2551	IRTIAAKT	1	5
2552	ISSRAAKL	1	4
2554	IVAPASKN	1	8
2555	IVTSASRQ	1	2
2556	KAAAGSNK	1	6
2559	KAATAADL	1	5
2561	KAATASEQ	1	6
2564	KAATGVKK	1	5
2566	KAATSSIN	1	6
2568	KAIIAAKS	1	6
2571	KAPAASHK	1	3
2572	KAPIAAKL	1	8
2578	KASIAAKI	1	9
2579	KASIAAKK	1	5
2581	KASIAAKM	1	8
2582	KASIAAKR	1	7
2583	KASIAPKK	1	8
2596	KASPPSKK	1	6
2597	KASPPSKL	1	2
2600	KASRAADL	1	7
2608	KASSAAKI	1	10
2622	KASTDVKK	1	10
2624	KASTTSEL	1	9
2628	KASVAAKK	1	7
2635	KASVASVK	1	3
2638	KASVAVKL	1	4
2639	KASVGAKK	1	8
2641	KASWAADL	1	5
2646	KASWGSKI	1	5
2649	KASWGSKR	1	4
2656	KATGATKL	1	3
2668	KATIATKR	1	2
2678	KATIDAKK	1	8
2679	KATIDAKS	1	6
2682	KATIGTKK	1	7
2683	KATITAKS	1	6
2684	KATKSAKK	1	1
2685	KATKSAKQ	1	9
2686	KATMAAKS	1	6
2688	KATNAVDL	1	7
2692	KATNGAKK	1	10
2696	KATQGVKL	1	2
2697	KATRAAKK	1	3
2719	KATTGTKR	1	5
2720	KATTGVKK	1	4
2734	KATVAVKQ	1	4
2735	KAVNAVKI	1	4
2737	KAVNAVKL	1	2
2741	KDAMGIKK	1	9
2743	KDASGVKK	1	6
2748	KDAVGVKK	1	8
2754	KDHMGVKK	1	1
2756	KDITVAYQ	1	2
2763	KDNPASQK	1	8
2765	KDPGASYK	1	7
2766	KDRGGVKK	1	5
2772	KDSAASDK	1	10
2775	KDSAASRT	1	2
2778	KDSADAKK	1	4
2782	KDSDGSKK	1	3
2784	KDSEGTKR	1	1
2787	KDSHGTKK	1	9
2808	KDSNPAKL	1	5
2813	KDSSAAKI	1	8
2814	KDSSASDL	1	2
2815	KDSSASKS	1	8
2843	KDSVADKI	1	10
2849	KDSWGSKK	1	2
2851	KDSWGSKR	1	1
2864	KDTFESKK	1	10
2865	KDTFESKL	1	8
2875	KDTIASLE	1	10
2883	KDTLAVKK	1	7
2889	KDTNAVKK	1	4
2900	KDTSAADL	1	3
2907	KDTSGVKL	1	8
2911	KDTTASID	1	10
2926	KDTTSVKK	1	8
2927	KDTTVAKL	1	7
2930	KDTVAAVL	1	4
2933	KDVNASQK	1	7
2934	KDYIASML	1	5
2935	KEAAAADL	1	3
2937	KEAAAVKK	1	3
2941	KEAHATKR	1	2
2942	KEAHDSKR	1	10
2944	KEAIAAKL	1	6
2945	KEAIASGI	1	6
2947	KEAIGSQI	1	8
2949	KEANAVKR	1	4
2950	KEANGTKK	1	4
2958	KEASGVKL	1	3
2963	KEATGSNN	1	7
2965	KEAVATKR	1	7
2968	KECNAVKK	1	7
2972	KEDAASGK	1	1
2973	KEDAASRK	1	2
2974	KEDNAVKK	1	5
2979	KEFTGAKL	1	3
2982	KEGNAVKL	1	4
2988	KEHDAAKK	1	3
2989	KEHHASKK	1	6
2991	KEHLAAKK	1	8
2994	KEHSAADL	1	2
2997	KEHSASGT	1	8
3001	KEHSAVKI	1	3
3008	KEHTGTKK	1	2
3010	KEHVGVKR	1	8
3011	KEIAAADL	1	1
3013	KEIIAAKL	1	10
3019	KEISAEKK	1	8
3022	KEITAKKK	1	5
3024	KEIVAAKL	1	3
3026	KEIVASKQ	1	7
3031	KEKIAAKK	1	2
3035	KEKNGAKL	1	4
3044	KEKTASRL	1	9
3048	KEKTDAKK	1	4
3051	KELAASKI	1	9
3053	KELAAVKK	1	6
3054	KELTAADL	1	2
3058	KENAGVKL	1	9
3059	KENGASKT	1	1
3063	KENIAAKK	1	7
3065	KENKAVKK	1	1
3066	KENNAADL	1	5
3074	KENNASKL	1	2
3076	KENNAVDI	1	7
3077	KENNAVDL	1	3
3078	KENNAVDM	1	1
3092	KENNAVNL	1	10
3095	KENNAVRL	1	10
3101	KENNSVKK	1	3
3104	KENRASKL	1	3
3105	KENSAADL	1	9
3110	KENSGADL	1	9
3113	KENTAADL	1	10
3126	KEPPASHN	1	4
3136	KEPTVAKK	1	4
3139	KERAAVDL	1	1
3144	KERFDATR	1	3
3145	KERFDSKR	1	4
3148	KERIAAKL	1	1
3149	KERIAVDL	1	1
3153	KERKAVKI	1	10
3155	KERNAVDL	1	1
3156	KERNAVKI	1	1
3158	KERNAVKL	1	4
3159	KERPASVK	1	4
3160	KERRASVK	1	9
3164	KERSASET	1	1
3194	KESAASTI	1	6
3197	KESAASTS	1	5
3207	KESAESTK	1	4
3213	KESAPAKI	1	10
3215	KESASTKK	1	3
3216	KESAVSTK	1	2
3238	KESDAVDL	1	5
3244	KESDGSKR	1	6
3254	KESEAASK	1	6
3272	KESESSVK	1	6
3289	KESFAVIK	1	10
3301	KESFAVRL	1	2
3302	KESFAVSK	1	7
3305	KESFDTKL	1	6
3323	KESGDADL	1	4
3327	KESGDAVK	1	9
3347	KESHDSKK	1	8
3348	KESHDSKR	1	6
3356	KESIAAKA	1	5
3357	KESIAAKE	1	7
3365	KESIAAKV	1	4
3374	KESIASIR	1	1
3389	KESIAVDM	1	5
3396	KESIDSKR	1	1
3399	KESIGSKI	1	2
3406	KESIVVKL	1	3
3421	KESKDSKR	1	5
3422	KESKESKK	1	6
3424	KESKFAKI	1	7
3451	KESMASGK	1	1
3465	KESNAADK	1	3
3468	KESNAAKA	1	8
3476	KESNAAKV	1	10
3485	KESNAGKK	1	2
3498	KESNASKV	1	1
3500	KESNASRE	1	7
3501	KESNASRL	1	1
3514	KESNAVDM	1	6
3546	KESNAVNV	1	3
3569	KESNDAKR	1	6
3572	KESNESKK	1	3
3574	KESNEVKI	1	7
3584	KESNGSKR	1	1
3586	KESNGTKR	1	1
3592	KESNHAKK	1	2
3599	KESNSTKK	1	8
3603	KESNTVKL	1	7
3606	KESNVVKL	1	2
3611	KESPDWKK	1	1
3613	KESPGSLK	1	6
3614	KESPGSYK	1	6
3626	KESRAAKE	1	8
3627	KESRAAKF	1	2
3632	KESRAAKP	1	6
3636	KESRAAKV	1	7
3681	KESRDTDL	1	1
3687	KESREADL	1	8
3692	KESRESIR	1	10
3708	KESRSSDL	1	2
3724	KESSALKI	1	3
3743	KESSASND	1	10
3751	KESSASVT	1	1
3765	KESSAVRR	1	10
3774	KESSDAVR	1	4
3780	KESSDSVL	1	9
3783	KESSDTKR	1	9
3794	KESSGSKT	1	8
3805	KESSTSKL	1	8
3807	KESSVSKL	1	5
3810	KESTAADM	1	6
3824	KESTAATM	1	6
3841	KESTATKE	1	4
3849	KESTAVIK	1	4
3883	KESTGAAL	1	1
3886	KESTGAKI	1	7
3888	KESTGASL	1	7
3890	KESTGAVT	1	9
3903	KESTGVPK	1	7
3906	KESTPSLK	1	2
3910	KESTSTKK	1	6
3911	KESTSVKK	1	4
3913	KESTTVKK	1	4
3932	KESVAAVT	1	7
3933	KESVAAVV	1	4
3945	KESVASVI	1	1
3962	KESVGSKH	1	7
3965	KESVGSKQ	1	3
4022	KESWPSKK	1	2
4042	KETAATSK	1	10
4062	KETADAKR	1	9
4065	KETAGIKL	1	8
4067	KETAGTKL	1	6
4069	KETAGVKL	1	10
4070	KETAGVKM	1	1
4071	KETAGVKR	1	9
4073	KETASSKQ	1	6
4119	KETEAVVK	1	2
4124	KETEVVKK	1	3
4161	KETGGVKR	1	8
4162	KETGRSKL	1	7
4165	KETHAAIK	1	2
4169	KETHAAKS	1	2
4176	KETHASVI	1	1
4184	KETHDVKI	1	10
4186	KETHEAKL	1	9
4187	KETHEANL	1	8
4188	KETHEANR	1	10
4194	KETHPPKL	1	9
4210	KETIAAKA	1	6
4215	KETIAAKP	1	10
4218	KETIAALT	1	10
4222	KETIAAQT	1	4
4224	KETIAARS	1	5
4226	KETIAASS	1	2
4235	KETIAIKI	1	3
4236	KETIAIKK	1	9
4239	KETIAPLK	1	9
4249	KETIATKA	1	10
4265	KETIAVTK	1	5
4269	KETIEAKL	1	10
4273	KETIGAKS	1	7
4281	KETIPADL	1	6
4282	KETISADL	1	2
4285	KETISSDL	1	6
4288	KETITADL	1	7
4289	KETIVADL	1	10
4291	KETIVVKK	1	9
4311	KETKDAKR	1	1
4333	KETLDSKK	1	4
4353	KETMDAKI	1	7
4361	KETNAPTK	1	9
4365	KETNASQD	1	8
4379	KETNAVNK	1	10
4381	KETNCAKL	1	8
4387	KETNEAKL	1	3
4388	KETNEAKR	1	2
4409	KETNSSDI	1	1
4411	KETNSSDM	1	9
4412	KETNSSEL	1	5
4413	KETNSSIL	1	4
4424	KETNSSQL	1	4
4425	KETNSSRE	1	7
4427	KETNSSRL	1	3
4429	KETNSSVT	1	3
4445	KETRAAIL	1	3
4453	KETRAAQL	1	5
4478	KETRAVDK	1	8
4480	KETRAVDM	1	1
4497	KETRAVLK	1	7
4503	KETRAVQK	1	8
4511	KETRAVVK	1	8
4521	KETREAKL	1	1
4522	KETRESDL	1	4
4570	KETSASSL	1	5
4571	KETSASSP	1	3
4577	KETSATRK	1	7
4579	KETSAVDI	1	6
4582	KETSAVDM	1	9
4583	KETSAVDQ	1	3
4588	KETSAVIL	1	4
4605	KETSAVNG	1	10
4608	KETSAVNN	1	10
4611	KETSAVQL	1	1
4628	KETSDAKR	1	9
4629	KETSDAVL	1	8
4635	KETSDTKL	1	5
4637	KETSDVKL	1	3
4638	KETSDVRK	1	1
4640	KETSEAKR	1	8
4655	KETSSVKL	1	4
4656	KETSTSKL	1	9
4658	KETSTVKL	1	6
4660	KETSVVKL	1	9
4665	KETTAAIL	1	9
4666	KETTAAIV	1	9
4683	KETTAAYL	1	3
4690	KETTALNK	1	3
4704	KETTAVDI	1	8
4705	KETTAVDK	1	2
4707	KETTAVDM	1	10
4709	KETTAVHK	1	7
4710	KETTAVIK	1	1
4751	KETTGAAK	1	2
4756	KETTGAQI	1	5
4761	KETTGTKI	1	4
4763	KETTGTKL	1	10
4774	KETTVVKL	1	9
4796	KETVASDM	1	1
4797	KETVASDV	1	2
4798	KETVASEL	1	10
4810	KETVASNI	1	10
4811	KETVASNL	1	1
4813	KETVASRL	1	6
4816	KETVASTQ	1	6
4822	KETVAVDM	1	2
4833	KETVDAKR	1	2
4839	KETVGSTK	1	3
4853	KETWGVKL	1	2
4867	KETYDSKK	1	1
4874	KEVSASSK	1	9
4875	KEVTGSEK	1	8
4885	KGFNAAKK	1	8
4887	KGGTASPK	1	4
4888	KGITAVKK	1	7
4889	KGLSASSK	1	5
4890	KGMSAENQ	1	2
4891	KGNNAVKK	1	1
4892	KGNSALVQ	1	8
4893	KGNSASSK	1	2
4894	KGNTAEKK	1	8
4899	KGPSASTI	1	6
4904	KGRTGVKR	1	5
4912	KGSIAAKM	1	8
4914	KGSIATKK	1	2
4915	KGSIATKL	1	3
4917	KGSIAVKK	1	4
4919	KGSIGTKK	1	6
4920	KGSIGTKL	1	1
4925	KGSPAVKK	1	2
4950	KGSTEVKK	1	7
4954	KGSTVVKK	1	6
4960	KGSWGSKK	1	10
4968	KGTCASIK	1	5
4973	KGTGGVKR	1	1
4982	KGTIGSKI	1	4
4985	KGTIGSKR	1	4
4995	KGTPASGN	1	6
4998	KGTQGVKK	1	2
5012	KGTSTSGI	1	6
5016	KGTTASIP	1	6
5017	KGTTASLG	1	9
5031	KGVTDSKK	1	2
5037	KHSIAVKK	1	1
5044	KHSRSAKL	1	4
5050	KHTDAVKK	1	10
5055	KHTPACKN	1	8
5056	KHTTASEN	1	9
5058	KISHAAKL	1	4
5059	KITTAASL	1	5
5061	KKATASEH	1	7
5062	KKDTASKV	1	1
5063	KKGNGTKR	1	3
5065	KKNSGSKL	1	4
5066	KKPGASNK	1	7
5069	KKSHAAKL	1	8
5071	KKSNAVDI	1	10
5074	KKSRAADL	1	5
5087	KKSTASIR	1	2
5090	KKSTGAKK	1	4
5092	KKSWGSKK	1	6
5103	KKTRGSKL	1	10
5108	KLAAAVKK	1	4
5110	KLASDVKK	1	10
5111	KLATASNV	1	3
5114	KLCSGAKC	1	1
5115	KLCSGAKL	1	10
5116	KLNTASRK	1	9
5118	KLPAASKN	1	8
5120	KLRSGVKK	1	9
5122	KLRTAVKL	1	7
5123	KLRTAVKQ	1	7
5124	KLRTDVKK	1	2
5125	KLRTDVKR	1	5
5132	KLTHHAKL	1	1
5134	KLTNAVKL	1	6
5137	KLTRESKK	1	3
5138	KLTSAADL	1	2
5141	KLTSAAKM	1	1
5145	KLTSGSKL	1	4
5146	KLTTASRE	1	9
5155	KLTTGVKK	1	7
5158	KMNIAADL	1	8
5160	KMNIAAKL	1	5
5161	KMNIAVKK	1	2
5163	KNCSAAKC	1	9
5164	KNCSAAKK	1	4
5165	KNCSAAKL	1	3
5166	KNGSAVKR	1	10
5171	KNSRAADL	1	7
5174	KNSRAVDL	1	1
5175	KNSRAVKI	1	2
5178	KNSRAVKM	1	8
5195	KPAHAVKK	1	5
5200	KPANAVKK	1	7
5202	KPASASKL	1	6
5207	KPGSGVKL	1	6
5208	KPHAAVKK	1	9
5213	KPNTAAKR	1	9
5219	KPRWGVKK	1	2
5222	KPSIGADL	1	10
5227	KPSIGVDL	1	7
5239	KPSSGVKL	1	6
5241	KPSTAADL	1	10
5253	KPTDARKL	1	1
5258	KPTGAADL	1	7
5275	KPTGGVVL	1	7
5285	KPTPGAKR	1	2
5288	KPTRQVKI	1	9
5310	KPTTGSIQ	1	3
5313	KPTTVSQK	1	4
5315	KQAAASNI	1	8
5318	KQAPDSKL	1	7
5319	KQASGSKQ	1	6
5320	KQATASSR	1	10
5321	KQATAVKK	1	2
5326	KQGTGVKR	1	1
5327	KQIAASKN	1	2
5329	KQITAPKL	1	8
5332	KQNIASKK	1	5
5334	KQNLAVKR	1	4
5335	KQNNAVKK	1	9
5337	KQPADAKK	1	2
5339	KQPPASKI	1	10
5341	KQPPASQK	1	6
5342	KQPPGSKL	1	2
5344	KQRFAADL	1	3
5363	KQSASAKL	1	9
5364	KQSAVADL	1	9
5365	KQSAVAKL	1	10
5368	KQSAVVDL	1	8
5393	KQSIAVNI	1	2
5397	KQSKAVKI	1	10
5407	KQSNAVKI	1	5
5410	KQSPGTKL	1	7
5422	KQSRDAKK	1	4
5423	KQSRDAVL	1	10
5424	KQSRESKK	1	5
5428	KQSSAAKI	1	9
5431	KQSSAAKP	1	9
5437	KQSSAVKI	1	3
5482	KQSWGSKR	1	4
5493	KQTAAVKK	1	4
5520	KQTDATKL	1	10
5522	KQTDAVDK	1	1
5524	KQTDAVDM	1	9
5527	KQTDAVIK	1	3
5543	KQTDAVLT	1	6
5547	KQTDAVQK	1	9
5552	KQTDAVSK	1	2
5556	KQTDAVVI	1	1
5557	KQTDAVVK	1	6
5559	KQTDAVVT	1	3
5560	KQTDAVYK	1	8
5562	KQTDDVKK	1	5
5569	KQTDPVKK	1	10
5583	KQTEAVKK	1	9
5591	KQTHAAKI	1	9
5594	KQTHAAVL	1	9
5598	KQTHAVKQ	1	8
5599	KQTHAVKR	1	5
5600	KQTHESDR	1	8
5602	KQTIAAKA	1	3
5608	KQTIASVL	1	9
5618	KQTKDSDL	1	7
5623	KQTLAVKK	1	8
5629	KQTMAVKK	1	1
5633	KQTNAVKK	1	2
5638	KQTPGVKK	1	3
5648	KQTRDVKK	1	6
5649	KQTRETKQ	1	2
5650	KQTRSTKK	1	4
5652	KQTSASDL	1	3
5657	KQTSDSKL	1	9
5658	KQTSGTKK	1	4
5662	KQTTASNA	1	3
5676	KQTTDTKK	1	5
5679	KQTTGAKI	1	2
5680	KQTTGEKL	1	1
5692	KQTVAATK	1	8
5699	KQTVAVKV	1	9
5701	KQTYAVKK	1	8
5703	KQYSAAKL	1	7
5704	KQYTAAKL	1	8
5707	KRTAASIQ	1	10
5709	KRTDAVDL	1	6
5710	KRTKASQK	1	1
5723	KSPAASYT	1	4
5740	KSSRGSKK	1	1
5763	KSTIGSKK	1	8
5767	KSTNAVKK	1	8
5770	KSTRESKK	1	4
5776	KSTTAALK	1	5
5782	KSTTGAEK	1	1
5789	KTRSATKL	1	6
5794	KTSSDAKK	1	6
5799	KTTGATDL	1	10
5800	KTTGATKL	1	7
5802	KTTHDVKR	1	8
5805	KTTRAAKI	1	6
5813	KTVNAVKK	1	5
5819	KVATDSNK	1	7
5820	KVDSASKL	1	1
5823	KVGSDAKL	1	3
5827	KVHAAPKL	1	6
5828	KVHTGAKL	1	5
5830	KVHTGVKL	1	3
5835	KVPPASQR	1	3
5836	KVPTASES	1	9
5838	KVRTASKL	1	5
5842	KVSDASTK	1	5
5844	KVSGASKL	1	10
5857	KVSNGSKK	1	2
5859	KVSPGVKK	1	9
5868	KVSSSTKK	1	10
5879	KVTEGVKL	1	8
5881	KVTHDAKK	1	3
5887	KVTNAVKL	1	7
5902	KVTRATKK	1	9
5903	KVTSASDL	1	9
5904	KVTTAANE	1	2
5907	KVTTATKN	1	7
5927	KYTHAAKS	1	2
5934	LASRAVKV	1	3
5943	LDSAASKL	1	2
5949	LEATDSNK	1	6
5952	LENNAVKL	1	3
5961	LESADVKK	1	2
5971	LESGASKI	1	5
5975	LESIAAKI	1	1
5982	LESIGAKL	1	3
5983	LESISSRL	1	7
5986	LESLAVKR	1	9
6004	LESRAANL	1	5
6013	LESRGSKK	1	6
6032	LESTASTQ	1	7
6038	LESTGADL	1	10
6039	LESTVSKK	1	1
6070	LETISAKL	1	7
6073	LETLAAKL	1	2
6075	LETMAVKR	1	4
6098	LETSDAKI	1	8
6099	LETSDAKK	1	2
6100	LETSDAKL	1	9
6101	LETSDAKR	1	7
6102	LETSDAKS	1	10
6105	LETSGSKT	1	8
6128	LETWAAKL	1	10
6132	LGSNASKK	1	10
6135	LGSTDAKK	1	1
6136	LGTGASKK	1	10
6137	LGTSASTR	1	4
6138	LGTTAEKK	1	2
6142	LHSIASKL	1	3
6144	LHSIAVKL	1	1
6146	LKSPASIS	1	4
6147	LKSTGVKK	1	5
6148	LKTAASGK	1	9
6149	LKTTAANK	1	9
6151	LLPSASNE	1	7
6157	LQSAVVKL	1	6
6162	LQSNASKL	1	3
6167	LQSTAVKI	1	9
6170	LQTAAVKK	1	8
6178	LQTHAAVL	1	10
6180	LQTLAIEQ	1	9
6181	LQTTAQKK	1	10
6182	LQTTDAKK	1	5
6184	LSSRAAKL	1	5
6187	LVASASIK	1	8
6190	LWTSASKR	1	7
6191	MANAAAKL	1	7
6192	MANAASKL	1	3
6193	MASQAVKL	1	10
6197	MDTEASKR	1	8
6198	MDTTASLK	1	2
6204	MESIAVKL	1	5
6205	MESNASKL	1	10
6217	MESSGSKL	1	1
6218	MESTATKL	1	3
6222	METAAAKL	1	6
6224	METIASVL	1	2
6227	METIDSKL	1	7
6241	MHNSASKI	1	5
6242	MMTTASTD	1	1
6248	MVVGIWKK	1	5
6249	NASTAVKK	1	7
6257	NDSMGVKK	1	2
6258	NDSSASIK	1	7
6264	NEAPASNT	1	6
6266	NEIMGSKK	1	1
6267	NELSAPVK	1	3
6270	NENPASNK	1	3
6271	NEPLASKL	1	2
6283	NESNAAKI	1	3
6289	NESNGSKK	1	6
6302	NESSDAKL	1	6
6303	NESSDTKK	1	2
6314	NESTAVKS	1	10
6325	NETAAAEK	1	4
6342	NETPGSKT	1	8
6349	NETSASAT	1	3
6355	NETTAAIQ	1	5
6362	NETTDAKK	1	8
6368	NGATASTQ	1	7
6369	NGPTGSKN	1	1
6370	NGSRASKT	1	1
6372	NGTSASKS	1	8
6373	NGTTASVN	1	7
6374	NGTTGSKR	1	7
6375	NGTTVQKK	1	6
6376	NLTTASVK	1	1
6380	NPSSASKL	1	10
6381	NPTAGSLK	1	8
6387	NQSSDVKK	1	7
6389	NQSVAAKK	1	6
6396	NTKTEVKK	1	5
6400	NVTPASKL	1	7
6401	PATIGSKK	1	9
6402	PDASASTK	1	1
6403	PDGNASKL	1	1
6404	PDITASLK	1	10
6405	PDPTASDK	1	3
6406	PDPTGSKK	1	5
6407	PDRRASKL	1	2
6408	PDSTASEN	1	7
6409	PDSTASYK	1	1
6410	PDTTASTQ	1	9
6411	PEAAASKA	1	1
6413	PECTASKE	1	7
6415	PEINGSKK	1	5
6416	PEITASKQ	1	10
6417	PEPPASGK	1	7
6418	PEPTGSKT	1	9
6421	PESNAAKI	1	4
6426	PESTGADL	1	6
6431	PETLASKQ	1	9
6437	PEYTAVKK	1	5
6438	PGGTASVK	1	3
6439	PGTTGSEE	1	8
6440	PGTVAAKK	1	5
6441	PKNSASKL	1	1
6443	PLTWAADL	1	1
6445	PPTRASKK	1	3
6446	PPTTDSKN	1	5
6447	PQATASQK	1	8
6448	PQATATEI	1	5
6449	PQATATKK	1	7
6450	PQFTASKR	1	8
6451	PQPTGSKN	1	10
6452	PQSTAAIK	1	2
6454	PQTPASGK	1	1
6455	PRTTASSV	1	10
6456	PVISAEKK	1	3
6457	PVPTASDL	1	10
6458	PVRYATKQ	1	3
6459	PVTTVGTS	1	6
6460	QANTASKI	1	4
6461	QAPSASDL	1	2
6463	QASAASIK	1	3
6464	QASIAADL	1	9
6467	QASPPSKK	1	3
6470	QASVAADL	1	1
6471	QASVAAKK	1	8
6475	QASVAVKK	1	2
6480	QATKSAKK	1	3
6481	QATKSAKL	1	4
6482	QATMALKV	1	4
6483	QATNAVKI	1	5
6487	QATTASRY	1	8
6491	QDANASNK	1	9
6492	QDATASLR	1	6
6493	QDLTAAKG	1	5
6496	QDPAGSTK	1	6
6497	QDPTASRT	1	7
6498	QDPTGSKV	1	1
6504	QDSNASKI	1	7
6505	QDSNAVKK	1	2
6511	QDSTGVKL	1	8
6517	QDSVAVKK	1	3
6527	QDTSASAK	1	9
6528	QDTTASYS	1	8
6532	QDTVAANL	1	5
6534	QDTYATKL	1	4
6537	QEAPASEI	1	10
6538	QEATGSSQ	1	6
6541	QECTGSLI	1	2
6542	QEGIASKR	1	5
6543	QEHSAADL	1	9
6545	QEHSAVKL	1	9
6546	QEIGAADL	1	5
6547	QEIRGSKK	1	8
6553	QENAGVKL	1	7
6559	QENWGVKL	1	4
6564	QERNASIK	1	3
6566	QERSATKL	1	1
6573	QESAPAKI	1	1
6579	QESEASIK	1	8
6590	QESFGSKK	1	6
6594	QESGDADL	1	5
6596	QESGDAKK	1	4
6598	QESGDAVK	1	9
6599	QESGDAVL	1	9
6602	QESHASTL	1	10
6603	QESIAADA	1	10
6613	QESIASTL	1	5
6615	QESIATKA	1	2
6618	QESIAVKL	1	6
6624	QESKASKR	1	5
6629	QESLAVKR	1	8
6636	QESMAVKR	1	10
6650	QESNAVRE	1	1
6653	QESNDAKK	1	10
6663	QESRAANL	1	3
6672	QESRDAKK	1	10
6676	QESRESKK	1	9
6677	QESRGSKK	1	10
6697	QESSGAKL	1	3
6700	QESSNAKL	1	2
6707	QESTAPQT	1	2
6719	QESTDAKL	1	4
6720	QESTDSDL	1	3
6733	QESVASEK	1	7
6736	QESVASNL	1	1
6737	QESVASTK	1	1
6738	QESVASTL	1	7
6740	QESVGSVL	1	4
6743	QESWGSIK	1	8
6748	QESWGSKS	1	5
6759	QETAGSLK	1	10
6771	QETEASDL	1	3
6796	QETIAAQL	1	7
6797	QETIAASL	1	6
6800	QETIASDL	1	4
6801	QETIASKA	1	5
6811	QETISSKL	1	4
6829	QETMAVKI	1	6
6840	QETNSSDL	1	5
6846	QETRAADL	1	3
6850	QETRASDE	1	2
6871	QETSDAKL	1	2
6872	QETSDAKR	1	1
6873	QETSDAVL	1	3
6874	QETSDTKL	1	5
6876	QETSGTKR	1	5
6880	QETTAANL	1	6
6891	QETTDAKK	1	7
6901	QETVASTL	1	1
6905	QETVAVKL	1	6
6906	QETVAVKV	1	5
6909	QETYAVKI	1	6
6911	QEVTAANQ	1	9
6912	QEVTASYK	1	10
6915	QGATGSKN	1	5
6916	QGITASKE	1	2
6917	QGPGASKK	1	8
6918	QGPTASIR	1	8
6919	QGPTASSK	1	10
6920	QGRTASKS	1	4
6922	QGSIAVKI	1	6
6923	QGSKAVKI	1	10
6937	QGTSGSKR	1	3
6938	QGTTDPKL	1	3
6943	QIASGVKK	1	6
6945	QKKAASKK	1	2
6949	QLGPASKK	1	1
6951	QLNTAVTK	1	6
6953	QLTRATKK	1	2
6958	QMNIAADL	1	8
6960	QMNIAAKS	1	10
6961	QMNIASKL	1	5
6962	QMNIAVKK	1	10
6963	QNSRAVKM	1	1
6964	QNSTAAKK	1	9
6975	QPNGGVKK	1	6
6976	QPNTAAKL	1	10
6980	QPSSGVKL	1	10
6981	QPSSGVKR	1	2
6982	QPSTASTE	1	8
6983	QPTCGVKK	1	9
6985	QPTGAADL	1	5
6988	QPTGASKL	1	10
7009	QQAPASQK	1	4
7010	QQATASRN	1	1
7012	QQPAASHK	1	9
7013	QQRAASKT	1	6
7015	QQSAASLK	1	9
7016	QQSADSKK	1	4
7017	QQSADSKL	1	9
7018	QQSAVVKL	1	5
7024	QQSISAKL	1	5
7026	QQSNAVKL	1	10
7027	QQSQAADL	1	4
7029	QQSQAVKL	1	5
7031	QQSRAAKI	1	6
7038	QQSRAVKI	1	3
7041	QQSTAADL	1	2
7045	QQSTAVKL	1	8
7060	QQTHESKL	1	8
7068	QQTPASIR	1	3
7069	QQTRAAKL	1	4
7074	QQTTASRN	1	2
7078	QQTTDAKK	1	9
7079	QQTTVSHT	1	4
7084	QQTVAVKK	1	4
7092	QSTAAAKL	1	7
7093	QSTIAVKR	1	3
7094	QTSSDADL	1	1
7095	QTSSDAKL	1	5
7100	QTTVAAKK	1	7
7101	QTTVAAKL	1	2
7104	QVSAASEK	1	6
7105	QVSAAVKR	1	6
7107	QVSIAAVE	1	4
7109	QVSNAAKK	1	7
7112	QVSPGVKK	1	6
7115	QVSSAVKL	1	6
7116	QVTNAARL	1	9
7121	QVVAASGL	1	1
7122	QYNTASKL	1	5
7124	RAASAVKK	1	4
7126	RANTASGK	1	4
7144	RASVGAKL	1	4
7146	RASWGSKL	1	4
7156	RATKASTK	1	10
7157	RATKSAKQ	1	5
7161	RATSASIA	1	7
7163	RATTCPKK	1	6
7164	RATTDSKL	1	2
7168	RAVLASKL	1	5
7170	RDCSGSKC	1	1
7173	RDIPASRK	1	1
7174	RDPRGSQK	1	7
7175	RDPTAPRV	1	7
7176	RDRNAVKK	1	9
7184	RDSFASKL	1	4
7185	RDSFAVKK	1	6
7190	RDSIASKN	1	6
7205	RDSVAVKK	1	3
7211	RDTMAVKK	1	4
7212	RDTMAVKL	1	6
7214	RDTPASNQ	1	3
7215	RDTRAVKK	1	7
7217	RDTRESKK	1	8
7218	RDTSASCK	1	4
7220	RDTTAVKI	1	8
7224	RDTTDSKI	1	7
7226	RDTTGSIK	1	10
7227	RDTTGVKK	1	3
7228	RDTTTSKK	1	1
7229	RDTTTSKL	1	6
7232	REATGSYK	1	10
7237	REGAGVKL	1	8
7245	REHSASKR	1	5
7247	REHSAVIK	1	6
7249	REHSAVQK	1	6
7251	REHVGVKR	1	7
7252	REIGAAKL	1	8
7253	REILAAKK	1	10
7281	REPNASLK	1	8
7285	RERSASKL	1	7
7286	RERSAVKK	1	10
7291	RESAAAKI	1	9
7303	RESAEAKK	1	2
7304	RESAEAKR	1	6
7306	RESAGAKL	1	10
7307	RESAGSKL	1	10
7308	RESAGSLK	1	8
7310	RESAPAKL	1	7
7321	RESEGAKL	1	3
7323	RESFAAKI	1	10
7333	RESFASRL	1	4
7341	RESFAVIR	1	9
7367	RESFGAKL	1	10
7375	RESGDAKK	1	8
7377	RESGGVKL	1	10
7417	RESMDVKK	1	8
7427	RESNASKH	1	8
7462	RESRAANL	1	3
7467	RESRASVT	1	9
7470	RESRAVDI	1	6
7478	RESRDTKL	1	9
7479	RESREAKK	1	4
7491	RESSASKS	1	6
7492	RESSASLT	1	3
7509	RESSDAKR	1	5
7514	RESSGAKL	1	10
7519	RESSNAKL	1	8
7557	RESTGARE	1	2
7558	RESTGATL	1	2
7565	RESTVAKL	1	5
7571	RESVAAKM	1	5
7574	RESVASNL	1	5
7575	RESVASVL	1	3
7585	RESWGSKI	1	4
7588	RESWGSKQ	1	2
7590	RESWGSKS	1	5
7602	RETAASLT	1	3
7604	RETAATDL	1	6
7615	RETASAKL	1	4
7632	RETEAVRK	1	1
7640	RETGDAKK	1	3
7659	RETIAATI	1	8
7662	RETIAAVT	1	4
7678	RETISSDL	1	8
7679	RETISSKI	1	2
7682	RETISSKR	1	7
7696	RETLAIKK	1	5
7697	RETLAIKR	1	10
7716	RETNDAKL	1	1
7719	RETNGTKK	1	2
7737	RETRAVDL	1	5
7749	RETRGAKL	1	10
7750	RETRGSDL	1	9
7753	RETRSTKK	1	9
7768	RETSDAKR	1	4
7774	RETSNADI	1	2
7782	RETTAAVT	1	5
7811	RETTAVRE	1	2
7824	RETTEAKL	1	9
7826	RETTGSTQ	1	6
7828	RETTGTKL	1	6
7829	RETTGVKL	1	8
7855	RGACASGD	1	5
7856	RGNTAVKM	1	1
7862	RGSIASKL	1	7
7864	RGSIAVKL	1	1
7866	RGSNDSKL	1	4
7876	RGTGASVK	1	9
7877	RGTGAVKK	1	2
7879	RGTIGSKL	1	9
7880	RGTNASQK	1	1
7882	RGTPGSKL	1	5
7883	RGTRVVKL	1	2
7884	RGTSASIT	1	6
7888	RGTSDAKK	1	3
7889	RGTSDAKL	1	3
7897	RGTVAVKK	1	4
7906	RINSAVKK	1	5
7907	RKNSGSKK	1	5
7922	RNSRAVKK	1	7
7923	RNSRAVKM	1	5
7929	RPNSAVKR	1	3
7930	RPNTAAKK	1	2
7938	RPSTGVKK	1	5
7939	RPSTGVKL	1	1
7941	RPTGAADL	1	3
7942	RPTGASKL	1	1
7948	RPTGGVKR	1	3
7949	RPTLGVKK	1	3
7950	RPTRASKL	1	1
7956	RPTVASKK	1	4
7958	RPTVGVKL	1	2
7962	RQIAAYKK	1	9
7965	RQNTASQI	1	4
7966	RQRSAVKK	1	8
7969	RQSAVVKL	1	1
7972	RQSEASKK	1	8
7977	RQSISAKL	1	2
7993	RQSSDSSK	1	9
7999	RQSTATDL	1	5
8001	RQSTATKL	1	7
8013	RQSWGSKK	1	2
8016	RQTADSKK	1	5
8036	RQTHAVKL	1	8
8037	RQTIASKR	1	4
8038	RQTMAAKL	1	1
8039	RQTNASIH	1	7
8041	RQTRAAKL	1	8
8043	RQTSASQI	1	10
8051	RQTTDAKK	1	3
8052	RQTTDAKL	1	4
8059	RQTVAEKL	1	9
8063	RSAAASIK	1	9
8074	RSTIAAKS	1	3
8077	RTSSDAKK	1	1
8078	RTTAAVKK	1	3
8080	RVGTAVKK	1	9
8082	RVSHAVKK	1	3
8092	RVTQAIKK	1	3
8097	RVTYAAKL	1	5
8101	SDSSASKL	1	7
8103	SDTTAAKL	1	2
8109	SERLAVKL	1	7
8142	SESYAAKL	1	6
8143	SETAASEE	1	5
8153	SETNATKK	1	9
8159	SETSAVDL	1	2
8176	SKSIARKL	1	3
8177	SPAQGSKQ	1	10
8178	SPSRAVKK	1	2
8179	SPSRAVKL	1	3
8180	SPSRAVKR	1	8
8181	SPTSGVKK	1	4
8182	SPTSGVKL	1	7
8183	SPTTASRI	1	4
8186	SQTAASSK	1	4
8191	SQTVAAKL	1	2
8192	SQTYAVKR	1	8
8193	SRTTASIK	1	9
8194	SVTRATKK	1	4
8197	TASEAVKL	1	2
8200	TASTASLK	1	3
8201	TATTASDL	1	10
8202	TATTGSTN	1	7
8206	TDAPGPIE	1	6
8207	TDNPASKL	1	6
8210	TEATVSSK	1	1
8211	TEITGSNK	1	8
8212	TEKTASRK	1	5
8215	TENSASVK	1	2
8217	TERTGSVK	1	10
8256	TESSNAKL	1	5
8260	TESTGADL	1	1
8263	TESWGSKI	1	1
8267	TETAAADL	1	8
8268	TETAAVDL	1	7
8271	TETCASLK	1	4
8272	TETDAPIK	1	8
8286	TETLAAKK	1	4
8288	TETNAKKK	1	3
8289	TETNATKK	1	9
8295	TETPAANK	1	10
8297	TETRAADL	1	1
8299	TETRASCN	1	2
8300	TETRAVDL	1	9
8307	TETSAAQK	1	9
8311	TETSAVRK	1	2
8314	TETTAAKE	1	2
8318	TETTAAKP	1	7
8319	TETTAANL	1	8
8320	TETTAAQL	1	4
8322	TETTAAVL	1	2
8332	TETVASDK	1	7
8334	TETVASVL	1	9
8337	TGPTASNR	1	2
8339	TGSIAATL	1	9
8340	TGSIATDL	1	9
8341	TGSIATKK	1	3
8342	TGSIATKL	1	5
8343	TGSIAVKK	1	10
8344	TGSSGSIK	1	4
8345	TGSTASRR	1	7
8346	TGSTGSIK	1	8
8347	TGTPVSKL	1	2
8348	THTSAAKK	1	1
8350	TLSDAVKK	1	7
8351	TLTSEVKK	1	9
8353	TPSTGVKK	1	7
8354	TPTAASTE	1	9
8357	TPTLAVKK	1	6
8364	TQSTASKL	1	3
8365	TQSTASQK	1	6
8367	TQSWGSKK	1	5
8372	TQTNAVKM	1	8
8376	TQTVASRV	1	4
8377	TRCISTKI	1	6
8379	TTSDASKQ	1	5
8381	TVDTASQT	1	4
8383	TVTAGSKE	1	7
8384	TVTTGANK	1	5
8385	TVYSAPRK	1	3
8388	VESAASTK	1	5
8394	VESNASKL	1	1
8405	VETFAAKL	1	7
8416	VETTASGQ	1	10
8417	VETTASTQ	1	10
8423	VGTTASRI	1	5
8427	VRISASKK	1	3
8433	WETTGSTK	1	1
8437	YDTSASNK	1	7
8438	YEASASKR	1	6
8439	YELTASEY	1	10
8458	YSTREVKR	1	2
8499	KQTPASQR	0	1
8504	KQTKDSKK	0	2
8562	KDPGVSKA	0	10
8572	KVAWGVNN	0	6
8573	LEPNPSHE	0	7
8582	STSTASAT	0	8
8606	RACTASTK	0	7
8616	KEITVAYK	0	1
8677	IGTTGSIK	0	2
8692	TQAARSDK	0	6
8701	ILSTASQK	0	10
8715	SVANASNQ	0	5
8736	TVARASEK	0	6
8750	NGPTAADK	0	5
8757	EQRVAPYK	0	1
8767	QDTMANQP	0	10
8775	KAAPASSK	0	1
8791	RGHTGSYT	0	5
8801	LASSASRS	0	7
8808	RRAPTSIT	0	8
8811	RQTIRSTI	0	2
8824	TEAGASRR	0	4
8827	YGAAASKV	0	9
8833	KDTTDSEG	0	1
8840	QVVAASGT	0	9
8844	QEPTASTR	0	2
8874	DDTSAVAS	0	9
8876	MHTTASKN	0	2
8890	KKTRGSKK	0	8
8895	LETRASKT	0	1
8896	QETTACWK	0	10
8901	KGGSGSKL	0	5
8906	NETTASHT	0	5
8912	IVTPASTV	0	5
8913	LQTAASWK	0	6
8920	QLATASTI	0	6
8933	SETRVSSE	0	1
8938	AVTTAAIK	0	3
8941	EGTSAAKK	0	2
8963	PVPTASEE	0	7
8974	QLSVASKQ	0	5
8980	NVTPGSKK	0	8
8982	RGAPASNQ	0	9
8985	HERNGSLK	0	2
8993	TETTGSAN	0	6
8996	QVNAGSKK	0	7
8998	RVSHASQK	0	8
9003	KATAASYQ	0	8
9006	TESPASKS	0	6
9016	LEPSASIT	0	7
9017	QETVAKQK	0	10
9019	EGSMASKK	0	6
9020	GADTASKK	0	3
9023	KETKGSPK	0	9
9027	QDTTASDT	0	8
9032	IESAAATK	0	3
9050	KEPIASQQ	0	8
9059	YQTTASAL	0	3
9070	CGNSGSVV	0	7
9074	PESTASRV	0	2
9075	QETSGVRQ	0	1
9076	KCSPESKL	0	2
9081	RAHSDSIE	0	2
9086	QETGASTD	0	1
9087	REHSAVKK	0	4
9090	KETAASHY	0	8
9102	TRITCARK	0	2
9109	QDTNGSYE	0	2
9110	REASGSST	0	5
9111	KPSSAWYE	0	5
9132	KVSPASRR	0	8
9136	AGITAPEI	0	4
9140	GEADASKI	0	9
9157	KDTQASDK	0	6
9167	TERPASEK	0	1
9169	KASPASSK	0	9
9173	PSLTASKK	0	2
9178	KNTTASPE	0	2
9189	NPTTASQV	0	2
9195	EEPTSEQN	0	2
9203	QARLASRL	0	3
9205	REASASYD	0	10
9211	QERSASVK	0	10
9217	KVTPGSPI	0	4
9223	KMSTDSRK	0	10
9224	KQTSAAIK	0	10
9230	TATTGSRN	0	4
9232	HHSNVSNR	0	8
9235	QKTTAAKK	0	10
9237	RVTIASSV	0	6
9254	IELAASKK	0	9
9255	KEPNPSHE	0	2
9261	EENAASEI	0	3
9267	LDTAACIK	0	1
9271	ALANATTR	0	8
9287	QGTTDPKK	0	5
9288	RAAIGTKK	0	5
9292	HERTVSTI	0	4
9299	RETTAPGE	0	6
9301	AGGLASKD	0	9
9303	IEATASKI	0	9
9317	PEITAATR	0	7
9321	TDPTASQT	0	6
9324	KAVTHAEI	0	6
9351	KVTSGSNN	0	10
9353	NQGTASKT	0	2
9355	PQITDSNK	0	5
9361	KAINASNK	0	4
9364	KVNPASRK	0	5
9366	PVTNASRK	0	3
9367	REICAPKK	0	5
9370	AETPASTI	0	3
9385	RQSSGSKK	0	4
9386	THTNTSTN	0	1
9394	NPANASHR	0	8
9398	SENMASCI	0	10
9407	KVCAGSKG	0	4
9408	NELGAPKK	0	8
9414	QVSIASKK	0	9
9417	GSNSASND	0	7
9420	KCTPASIK	0	8
9433	HRTTASYI	0	3
9439	KNATASHQ	0	4
9443	RETTVSDQ	0	7
9453	KVTTAEYQ	0	4
9460	RQTPASQR	0	3
9470	KVDSASRQ	0	6
9476	NQASASRK	0	8
9477	PEPAASRK	0	6
9483	RERADSNK	0	7
9486	TATTASVE	0	10
9497	PETKALGN	0	4
9500	QETTVSDQ	0	6
9511	KGACGSYK	0	8
9512	KGSEPSEK	0	3
9513	KGSPPSLK	0	6
9515	KNPTASET	0	7
9517	SENTPSIR	0	7
9524	PGPSDPKT	0	3
9527	RAVLASKK	0	2
9540	NQTIAAVK	0	10
9542	PKTTASRK	0	7
9543	PPTTATSQ	0	3
9546	TAGTATYK	0	6
9548	WETDGSLQ	0	4
9562	RDTNASKR	0	6
9573	KQASGSLK	0	8
9580	AETHASKI	0	3
9584	KAYSATKK	0	8
9585	KDASAAKP	0	9
9590	KRSAAPNK	0	2
9592	PENHASEE	0	1
9608	KGPTSSKM	0	1
9617	KESTGAKT	0	6
9622	KLKTASSK	0	5
9636	EEGIGSRK	0	8
9644	LGVVAPKR	0	2
9646	QDTSGSIK	0	9
9648	RETIAAAI	0	10
9652	HETTPSQT	0	9
9653	KANSAAIQ	0	10
9656	KQTTPSGN	0	10
9657	PLPTASYK	0	4
9660	QQSAASTK	0	5
9673	KQSTASIQ	0	1
9674	QATTAAKK	0	4
9679	TDSTALRE	0	7
9680	DAIIASRE	0	2
9684	KDTTASQN	0	4
9686	KGGSVATK	0	10
9689	KTSTASAT	0	5
9692	NGIVSSEK	0	7
9695	QQTKDSKK	0	5
9710	KVNTASYR	0	4
9711	MVTTASRM	0	3
9728	NASTASAT	0	6
9763	REAPASNN	0	8
9764	RGTADSIT	0	1
9765	SEATASEI	0	2
9767	TQIPDSYP	0	3
9770	HVSTAPMK	0	8
9772	KDRSASKK	0	7
9782	LETYASIK	0	2
9786	NGALASKQ	0	3
9799	HGTAVSYK	0	1
9809	LQITAAIE	0	4
9810	MDIPGYES	0	2
9820	APATHSKS	0	4
9832	KGFPASIQ	0	2
9837	NVTSGSKQ	0	6
9838	QEMSVWYN	0	1
9839	QGTVASTK	0	3
9842	RDTAATTK	0	8
9854	KPTRASKN	0	10
9855	KQTTASRQ	0	8
9860	NDASASKI	0	9
9870	EETAASLC	0	6
9872	GVTTRAEN	0	4
9873	KDGTASQK	0	8
9875	KEGHASIR	0	8
9880	KETTAWTK	0	8
9887	NGTSVPNQ	0	8
9914	MANAASNK	0	6
9920	RQTKDSKK	0	8
9922	SDTHASKR	0	7
9925	HVNSAANP	0	8
9926	IEPSASNK	0	6
9944	NVTPASIK	0	9
9946	PQANGSQK	0	10
9947	PSRPASIK	0	5
9952	QGDIAETM	0	9
9954	RDRNASIR	0	2
9961	CDAIATVA	0	8
9969	LRASASER	0	9
9970	NDHIASYT	0	3
9974	QESTGSIK	0	3
9980	TEITASTN	0	10
9992	KRTTGSRQ	0	9
9996	MPTTAAKE	0	4
10001	REFTAPTK	0	3
10003	TDRTVAKK	0	8
10008	HEATASGI	0	5
10010	KATIGSNK	0	8
10020	KQAVESAQ	0	3
10027	PQTSASIK	0	6
10032	REMTVAQN	0	10
10035	RGTGASKS	0	7
10040	TQPTATYQ	0	2
10042	EGPMASEK	0	3
10052	KETAAMKK	0	4
10056	KSPAASNN	0	7
10059	LESAASTK	0	6
10062	NPTIAAYS	0	7
10063	PENTASKN	0	4
10068	QQTPASQR	0	10
10079	IQPSASVI	0	8
10091	NEFRASKI	0	6
10106	KEIAASVQ	0	2
10107	KEPSASQQ	0	3
10118	KVANASNQ	0	2
10119	LETTASGQ	0	6
10120	NDGTGSLE	0	5
10122	QDTSPSKK	0	6
10128	DDTTSSKI	0	2
10129	DQTVASKK	0	8
10132	HEVTVTKD	0	4
10139	KQTLACKD	0	4
10141	NETTASEH	0	10
10143	PEAAASNQ	0	7
10145	PECGASVK	0	10
10161	TQTKDSKK	0	2
10170	KEAAASGQ	0	7
10183	KRSTASVV	0	4
10186	KVTSAEKH	0	6
10189	NERCASKQ	0	5
10197	QERAASYK	0	3
10208	TDTRGSVK	0	8
10213	HEVTASKP	0	5
10229	NPTAASYQ	0	7
10232	QPTTASLI	0	7
10254	LATNASET	0	10
10259	PQSTAIKK	0	9
10275	GKTSASGM	0	8
10279	HRANGATK	0	8
10280	KEPSATIK	0	9
10288	NETTASQN	0	10
10289	NETTASVT	0	4
10291	QATTASKI	0	6
10293	QESTATDN	0	6
10295	QYNTASNR	0	2
10299	RETSRSEI	0	5
10308	TQTPASQR	0	6
10309	TTTVGSKN	0	7
10320	KEITAQKK	0	1
10330	PERTASKK	0	7
10331	PETTVSDQ	0	7
10332	PVTTSSKK	0	3
10333	QDTTAEIK	0	6
10335	QEANASLK	0	5
10341	TDPTVSLK	0	5
10348	EPQAASKV	0	9
10350	HDTTASGR	0	7
10355	IGPTASIQ	0	8
10357	KDTMANQP	0	4
10361	KHRTASNK	0	1
10366	KVTAASGG	0	4
10381	WGGTGSKK	0	7
10382	HDAAATIK	0	2
10385	IQTNESNH	0	2
10407	QEGTKSKK	0	3
10416	TLTIAAKV	0	9
10418	EEGAASWT	0	2
10423	HGHTASKK	0	10
10426	IEPSGSTK	0	10
10427	KATAASSE	0	4
10430	KDTVATAE	0	7
10433	KERAVSRW	0	9
10434	KERTSSEL	0	3
10452	NDSSAATK	0	9
10468	QSTPRSLK	0	4
10470	RATTACTK	0	9
10476	RQGTASTK	0	1
10479	SDPAASKK	0	10
10481	SQSSGAKK	0	2
10484	THASGSKK	0	3
10485	EESPVSKQ	0	7
10488	IANTVTEI	0	10
10493	KEATGSVN	0	10
10494	KESTGAKE	0	3
10524	SETAASYE	0	4
10525	TASTAAKT	0	2
10527	TETPVSYK	0	7
10529	YDTTAARK	0	10
10547	KGHTGSYT	0	6
10548	KGPTAADK	0	1
10551	KQLTGAKK	0	10
10553	KVPSGSEK	0	8
10555	LESCAERK	0	6
10558	NEANASAN	0	1
10561	NETRASRL	0	8
10564	PDPTASQN	0	8
10570	QEIADAGK	0	3
10573	QQSTARKI	0	9
10587	TASTVSKK	0	2
10596	TGTTGSQN	0	1
10598	VGVTDSNK	0	8
10604	EGTPASKC	0	2
10606	EVSIRSKE	0	5
10610	IELAASRK	0	7
10612	IVTSVSTK	0	10
10616	KEAEASNT	0	3
10617	KEPSSSRK	0	2
10631	KLTKVELK	0	7
10635	LPKLASKE	0	8
10642	QETWATNQ	0	5
10657	SEPNASTK	0	3
10660	SETSGSDK	0	4
10662	TETCASRT	0	8
10664	TETTVSDQ	0	10
10670	ELAAASKK	0	5
10683	KATTAPTT	0	6
10687	KDTTAASI	0	5
10690	KEPPASYR	0	6
10705	MESTAEKR	0	9
10710	NPATGSKM	0	8
10716	PQTKDSKK	0	3
10725	RDTTASQN	0	7
10741	TLSKAATM	0	10
10742	YEKSGSNT	0	5
10745	EETTVSDQ	0	9
10748	IENAASIR	0	5
10752	IPPTASNK	0	4
10753	IQANASKK	0	1
10755	KEGTASQK	0	10
10761	KGLMAERK	0	1
10764	KQAARSDK	0	4
10770	PDTSGEHK	0	1
10773	PETSGSTT	0	4
10774	PGTTGSLN	0	5
10775	QDPGVSKA	0	2
10777	QEDGASEI	0	8
10784	REASGSQN	0	8
10813	KAPTNSKN	0	8
10815	KATTGSEK	0	3
10819	KESIASQN	0	2
10824	KHSRAPTT	0	3
10825	KKNIAAET	0	6
10826	KKTTVSGK	0	2
10829	KRAPTSIT	0	2
10831	KVVAASGT	0	9
10837	LNIGGSIK	0	6
10838	LQTPASIK	0	2
10839	NDKLASYK	0	10
10842	PENTASLQ	0	5
10844	QAIPASMK	0	6
10846	QDSAASIR	0	1
10859	QETSGAKT	0	7
10861	QGTTASKI	0	10
10864	QTNAAPKR	0	4
10866	RAICGSKQ	0	1
10877	TEIPATNL	0	6
10880	TETSNAWE	0	10
10883	YVLIGAKK	0	3
10889	HDASASKD	0	1
10891	HETLASIK	0	4
10900	KERSASNT	0	4
10903	KETARSDL	0	7
10914	KRTSASKM	0	8
10917	NDITGAKK	0	5
10926	QEATDSTK	0	5
10931	QRPTASYK	0	5
10932	QTSTASAT	0	9
10938	REPTASIK	0	3
10947	SGTSAEYN	0	6
10952	WVRPASTI	0	8
10955	EDTNAAQE	0	9
10963	GPTRASSI	0	7
10964	HEATASTM	0	1
10969	KDDTESMK	0	3
10971	KDSCASTA	0	5
10979	KEPAAAAE	0	3
10994	KKSTAAYK	0	7
10995	KPSAASPN	0	7
10996	KQINADRK	0	6
11003	MGTSAPTK	0	3
11009	NETTVSDQ	0	7
11010	NMITAPQK	0	9
11012	NVSAASVK	0	10
11014	PEDTASGM	0	4
11015	PEISATIK	0	4
11017	PPSQAPKK	0	4
11018	PPTSGHKT	0	9
11020	QASNACDN	0	9
11022	QETLASTK	0	9
11025	QGPSASKK	0	5
11041	RETTAAQV	0	6
11048	RKATGPKT	0	8
11052	RSTNASVK	0	3
11056	SVTTAPKK	0	10
11066	TKNSASKI	0	4
11069	YRHSASTK	0	8
11082	KASIAPGI	0	5
11090	KEITGSKK	0	2
11092	KENTGSMK	0	8
11100	KETTGPKK	0	1
11105	KHPPASKG	0	6
11106	KQAPASKK	0	7
11108	KQRSASRK	0	9
11114	LAGSASNR	0	10
11117	LGSSASNA	0	4
11137	QENSAPEK	0	5
11138	QESAASTK	0	8
11149	QVPAASVK	0	2
11166	AGIGGPGN	0	2
11172	EVAPAHRI	0	9
11183	KDTTASYN	0	1
11194	KETPASIE	0	10
11210	KRSPASTQ	0	9
11215	LGTPASRK	0	10
11217	MDATASTE	0	3
11218	MEPPGSKN	0	3
11253	SESSASKG	0	2
11255	SQSPASEK	0	3
11263	TRNAASKN	0	4
11265	VGTPVSKK	0	1
11267	YGSAASNT	0	6
11275	GETTVSKE	0	7
11278	HPPKASWQ	0	6
11281	IQTKDSKK	0	5
11286	KDRPGSKQ	0	7
11304	KGSVASNK	0	3
11308	KQRVAPYK	0	9
11317	NGRTASNS	0	8
11319	NSTNGSEQ	0	2
11320	PEATASKI	0	10
11321	PESPASEK	0	9
11324	QAAVGSKK	0	6
11327	QDTTASKI	0	1
11334	QGTPASGI	0	1
11337	QWTIASKN	0	1
11338	RDPGVSKA	0	4
11344	RHATASVK	0	8
11352	TECAGSNT	0	5
11355	TETTGAKI	0	4
11362	EHNTAAIE	0	2
11364	HDTPGSIQ	0	10
11371	KAPTASNK	0	6
11375	KAVTASRK	0	4
11385	KEPSAEKQ	0	8
11388	KETCESTE	0	9
11389	KETPAPRK	0	9
11393	KETTGSIE	0	10
11402	KQSPGSVQ	0	10
11406	KVRIASNK	0	10
11409	LEANASKQ	0	7
11417	NPTTPSKH	0	2
11420	PECAASKN	0	10
11422	PKTPGSIK	0	5
11424	PQTPASQR	0	8
11433	QVAWGVNN	0	5
11434	QVPTASIE	0	1
11435	RAVTDSYK	0	2
11439	REPNPSHE	0	8
11447	RHANASKN	0	2
11453	SKTTGSKT	0	7
11456	TGTVASTK	0	1
11457	TLPGASLQ	0	9
11460	TVHASAKK	0	9
11468	EEKIASKK	0	4
11471	EVGHASDQ	0	8
11472	EYTPDSSV	0	3
11475	HPTAASNK	0	9
11479	KAPTASNE	0	6
11483	KDPTASTN	0	5
11484	KDSAASNK	0	6
11491	KENSASTQ	0	9
11493	KEPGASKD	0	7
11500	KESPASQQ	0	9
11505	KETSASIE	0	7
11512	KETTCSTK	0	10
11514	KETVAKQK	0	4
11528	KQTTGSMK	0	10
11529	KRTTAAEQ	0	7
11531	KVAWGVNK	0	3
11534	KVTPASGT	0	3
11536	LENRARYQ	0	1
11539	LGTVASTK	0	1
11540	LKTEGAKV	0	4
11552	PVTTASKT	0	10
11558	QEATASRI	0	7
11559	QERPSSGN	0	7
11568	RATGASKQ	0	2
11584	RETVASVM	0	4
11590	RLAATSES	0	10
11591	RQPMATDK	0	4
11593	RRHGASTM	0	8
11594	RVDNAAEK	0	8
11607	WGTSASRQ	0	2
11613	DKTTASPK	0	7
11614	DPSTASLK	0	7
11624	HEATASNQ	0	1
11628	IQSSASII	0	5
11632	KATPASSN	0	9
11634	KDNIASEK	0	10
11635	KDPAGSHK	0	6
11638	KEASGSST	0	9
11640	KEDADSKK	0	3
11653	KETTAKTQ	0	3
11658	KEYTESYG	0	3
11660	KGTQASKI	0	4
11665	KPTAAPNV	0	2
11666	KPTTVPMR	0	9
11667	KQPSGSIE	0	6
11668	KQTIRSTI	0	10
11681	LQTKDSKK	0	5
11682	LQTLASKQ	0	4
11683	LQTPASQR	0	9
11686	NASTAIEQ	0	6
11690	NQTKDSKK	0	5
11695	PGTTATKK	0	7
11697	PVASATKT	0	2
11712	RATTASNV	0	6
11713	RDTGASKN	0	4
11720	RLTTAADK	0	1
11722	RTSTASAT	0	9
11723	RVTNAAKK	0	4
11724	RVTTASKL	0	2
11731	TETTSSKE	0	9
11733	TRKPAARH	0	9
11734	YELIAATT	0	5
11736	YVTKASNV	0	9
11738	DANSASEN	0	4
11740	EQTPASQR	0	7
11741	GATGGSKE	0	6
11742	GDPPASRT	0	7
11749	IHPTASEH	0	8
11753	KCSFAAKK	0	10
11754	KDPGVSKK	0	7
11759	KDTVASCK	0	7
11762	KENTGSKE	0	4
11764	KESKVSVK	0	4
11765	KESPASKS	0	6
11779	KQPFAANK	0	10
11782	KREAGSIQ	0	10
11783	KVTPASET	0	4
11790	MDGAVPKE	0	4
11793	MQVSASKK	0	3
11798	PETTGAKI	0	4
11801	QATPESSK	0	8
11806	QESTAPGR	0	6
11808	QGASASKK	0	6
11811	QPPSASFV	0	6
11813	QRTAASKQ	0	7
11815	RAPTGSNK	0	4
11820	RETPVSYK	0	7
11825	TDTPVSQR	0	4
11836	TGTIGSIQ	0	3
11837	TKTTAETK	0	3
11840	VQPTASKN	0	1
11842	ADTGAPRE	0	9
11843	CHSPVGQR	0	2
11847	ENTSVAIR	0	4
11848	EQTKDSKK	0	9
11853	IATKASSN	0	2
11854	IDTRARKK	0	10
11857	IETTGSTQ	0	2
11858	IETTVSDQ	0	8
11859	KAKAASNI	0	6
11873	KESAGSSK	0	2
11883	KETRVSSE	0	1
11889	KGSSASEK	0	8
11893	KLTAAATV	0	9
11894	KNASDSRE	0	9
11896	KQPAGSKT	0	5
11897	KQTAGSIK	0	2
11901	KVSKGSRG	0	7
11902	KVSSAPIK	0	1
11904	LAATPSRK	0	3
11911	LGRSASTE	0	10
11912	LKSAASKK	0	5
11913	LSCLSSLQ	0	5
11927	PAATASRK	0	9
11932	QEPNPSHE	0	8
11950	RISYAADE	0	2
11951	RKSPASVK	0	1
11953	RQTSASIK	0	6
11955	RYTSASSQ	0	6
11957	SGVTASKK	0	5
11958	TADTVPSN	0	7
11959	TALAGSIQ	0	10
11961	TDPGVSKA	0	10
11964	TESTGAKK	0	5
11968	WDPTASER	0	7
11970	WGTTASRI	0	7
11971	WQTSGSIK	0	7
11981	DVATASGS	0	1
11982	EDTCCAIK	0	3
11983	EECSAETK	0	10
11987	EQASASIE	0	4
11988	EVKLASKK	0	5
12000	HEVSASKK	0	5
12004	IDSTASKI	0	5
12005	IDSTESTH	0	9
12011	IGSSASKE	0	1
12012	IGTDASGQ	0	9
12014	IVTNASKN	0	6
12016	KASSASRS	0	10
12026	KEAGASRR	0	2
12033	KEPTASGK	0	2
12045	KETASSVT	0	7
12050	KETSGSIK	0	9
12062	KHTSVSMK	0	3
12064	KKWRGSSK	0	10
12066	KPTRLAEK	0	3
12067	KPTTASLK	0	6
12073	KQTTGEIC	0	10
12074	KQTTSSPK	0	4
12076	KSTTAPHK	0	5
12077	KVTGASNQ	0	7
12079	KVTTGAKS	0	5
12080	KVYSAPRR	0	5
12088	MESNASVQ	0	4
12092	NECPASST	0	2
12095	NETIAAKV	0	1
12100	PATIAAKK	0	10
12108	PGTDGDQT	0	4
12109	PGTVASTK	0	5
12111	PVPGASEK	0	2
12112	QDTGASKN	0	10
12113	QDTRASTQ	0	9
12118	QEITVAYK	0	5
12121	QETRASKT	0	10
12135	QVSAGSCN	0	6
12136	QYGSGSQK	0	7
12137	QYTMACMD	0	5
12139	RDTDASSS	0	8
12150	RGANASTI	0	7
12151	RGPTSSKM	0	4
12152	RQTTHSKK	0	1
12153	RVAWGVNN	0	4
12161	SGTSAENK	0	5
12162	TAASASVS	0	2
12167	TESAASRR	0	7
12173	TGPPGSTR	0	8
12175	TQTPASKK	0	1
12177	VAPSAWQV	0	9
12178	VDTPASRQ	0	10
12184	AESRGSKN	0	8
12197	EGTVASTK	0	9
12205	HEKAASKH	0	10
12206	HERNASVA	0	2
12210	HQTPASQR	0	9
12213	IETTGAKI	0	5
12227	KDTTASIE	0	5
12237	KEGTGSKV	0	9
12238	KEHRASKN	0	7
12239	KEITAATR	0	4
12243	KEPTASDK	0	7
12247	KERNGSLK	0	2
12254	KETAASTE	0	7
12263	KETRGSIE	0	1
12266	KETTACWK	0	5
12274	KGTPASYE	0	5
12280	KQTCASRK	0	3
12284	KVKSASKH	0	8
12285	KVRSGSPK	0	1
12288	LETEASEK	0	10
12291	LETTVSDQ	0	8
12292	LQSTASIR	0	10
12294	NAASASTN	0	6
12298	NVPNASIN	0	4
12304	PESTGAKK	0	6
12313	PSVTAAQI	0	6
12316	QEAPASDK	0	10
12332	QGPTSSKM	0	2
12333	QGTHAAMG	0	9
12335	QQTTGSVK	0	9
12336	QVAPATKK	0	3
12337	QVATSSKK	0	9
12350	RETAASQS	0	10
12358	RETTGSKN	0	7
12359	RLTTAQSK	0	10
12360	RVSSDAKK	0	1
12362	SDPTARMN	0	5
12367	SETTGAKI	0	3
12371	TEAADSYK	0	10
12372	TESLAVIE	0	7
12375	TETSASKL	0	2
12384	WDQAASLQ	0	1
12389	CETKASNK	0	4
12401	EVSSAPQI	0	7
12404	HERAVISK	0	10
12407	HETTGSRQ	0	2
12408	HGTNASKY	0	3
12410	IESSGSRK	0	1
12413	IGTNASIK	0	10
12415	IQSVAANK	0	5
12419	KATAASEN	0	8
12420	KATPGWKK	0	4
12425	KDTRASNK	0	7
12454	KGAAASKV	0	8
12456	KGSPASGP	0	6
12458	KKTAPSRK	0	3
12459	KPTTASEN	0	10
12464	KRTPDAIE	0	1
12474	MHSRVPKK	0	4
12475	MVTPASNE	0	8
12476	NDAGASRE	0	3
12477	NDGSASMQ	0	5
12478	NESAASFQ	0	9
12493	QAHMASLT	0	1
12499	QETCAPNH	0	3
12503	QGPAASYK	0	6
12504	QGSSRSVK	0	9
12514	RDTMANQP	0	3
12521	REPGASKD	0	7
12529	RLTCASEK	0	6
12531	RRTTASYH	0	3
12532	RVATAANK	0	10
12534	SETTAAKK	0	1
12536	SGAAAAKK	0	8
12540	SQTKDSKK	0	10
12542	TDITAPTK	0	6
12543	TDTIASRR	0	2
12553	TQPTGSEQ	0	6
12554	TVESAANK	0	7
12565	EHATAANK	0	9
12570	HDTPAFIK	0	7
12575	HGTTAPEI	0	8
12581	IQTPASQR	0	6
12585	KAERASVI	0	6
12586	KAPKASIK	0	3
12590	KATPASTE	0	1
12592	KDASASEH	0	4
12596	KDTAASIR	0	10
12604	KECPASNS	0	4
12605	KEGAASVI	0	6
12622	KETKASDN	0	4
12629	KETSVPKK	0	1
12636	KGDAASQR	0	8
12637	KGGAGSKE	0	1
12638	KGPSASCT	0	7
12639	KGSGASKD	0	4
12646	KKEPASFR	0	5
12647	KLISATKK	0	5
12650	KLTWAAQN	0	2
12653	KQGTASKK	0	4
12660	KVAICSEH	0	2
12664	KYIASAEK	0	9
12665	KYTTAAKQ	0	6
12669	LQTTAQDN	0	7
12672	NDTTAAET	0	3
12677	NESKASLK	0	8
12678	NESSGSNI	0	7
12681	NQYDASIK	0	5
12685	PEVAASST	0	1
12687	PITAAAHG	0	6
12702	QPTTGSNK	0	5
12703	QQTLACKD	0	9
12707	QVSNASHK	0	7
12710	REITVAYK	0	6
12715	RETRASNL	0	4
12720	REVPVAKK	0	1
12723	RHPTAPKT	0	8
12726	RQSPASKK	0	10
12727	RVTGASIK	0	7
12729	SDTTVWDN	0	2
12734	SGVIAAKK	0	4
12735	TDPPASEE	0	4
12737	TETPASYE	0	9
12741	TQSTSLTK	0	5
12752	EEITAPHK	0	6
12759	EETNGSKT	0	10
12763	EGSMASKL	0	5
12771	GDSTAWKS	0	2
12776	HDPAASNK	0	4
12782	HQTKDSKK	0	9
12788	IETADSQI	0	4
12794	IQATASYK	0	4
12798	KANTPSVT	0	9
12806	KDPEASTH	0	7
12807	KDRQGSKE	0	3
12808	KDSSAADK	0	2
12819	KENVASNG	0	3
12820	KEPTASMK	0	1
12825	KERRGSRG	0	1
12831	KESTGAKH	0	8
12833	KETADSNT	0	1
12837	KETSASMS	0	5
12839	KETSGVRQ	0	5
12843	KETVGSIK	0	9
12852	KGTTVSEQ	0	4
12854	KKTTASTK	0	7
12855	KLPIASQK	0	9
12858	KQRLASLT	0	5
12862	KRTADSRK	0	4
12863	KRTKASSI	0	6
12866	KVIASSEK	0	8
12868	KYTTASWR	0	10
12870	LEPTASAQ	0	4
12873	MATTDSRK	0	2
12878	NDNPAPQN	0	5
12889	NGTARSET	0	6
12894	NVRTASYR	0	4
12902	PETTAPKK	0	5
12905	PGLAAAKI	0	2
12910	QAHTASRK	0	10
12911	QASSASKV	0	1
12912	QATPASKQ	0	8
12915	QDIGASKQ	0	7
12916	QDPSGSKK	0	5
12919	QEPGASVK	0	5
12920	QEPNATVL	0	1
12921	QEPSGVTI	0	9
12924	QESIASVK	0	5
12936	QIATASKK	0	7
12937	QLSTASQK	0	6
12941	QRLTAPNI	0	6
12943	QRTTASYH	0	10
12945	QVASASKH	0	9
12946	QVATASYA	0	2
12953	RDTSVAGA	0	6
12956	REIGAAKK	0	4
12959	RESAAAKT	0	2
12963	RETAASIA	0	9
12974	RGPSASEK	0	2
12978	RKRTASPT	0	4
12979	RPTAATNI	0	10
12983	RVRIVATN	0	5
12988	SGTSAEIK	0	1
12989	SGTSAEYT	0	2
12991	TACTASTK	0	8
12995	TDSTASYE	0	3
13004	TERIASLK	0	10
13006	TESSASKN	0	6
13016	TLTTAAKD	0	6
13019	TRTAASKQ	0	3
13028	YETTASEL	0	7
13030	AAPTAANI	0	9
13042	EVAWGVNN	0	6
13043	FDSIAAYE	0	8
13048	HERTASTV	0	6
13052	IDPSGPKK	0	4
13053	IDSSASVK	0	10
13062	IGTVASTK	0	1
13067	KASSASKR	0	6
13078	KDTTASRE	0	1
13080	KEAAASNQ	0	8
13084	KEIVASSK	0	2
13088	KESPASSI	0	4
13102	KGGTASDQ	0	5
13110	KLQTPSIK	0	1
13114	KQTPVAIK	0	2
13117	KRKIASIK	0	8
13131	LQSSALEK	0	4
13134	NAITASME	0	7
13136	NEASCSDK	0	2
13140	NETKGSEK	0	3
13141	NETTGAKI	0	3
13144	NQTPASQR	0	10
13147	PAFVAALQ	0	6
13151	PDTTASIK	0	4
13158	PVYPGSVQ	0	10
13159	QAASASKK	0	4
13164	QDPAASKK	0	4
13167	QEASASNT	0	7
13169	QEPGGSVK	0	4
13181	QGTAASEE	0	9
13186	RATTTSHK	0	6
13192	RDVAAAKK	0	8
13194	REGTASNT	0	4
13195	RENKASEL	0	7
13218	TEPTGTAS	0	5
13227	TGRTASWA	0	7
13230	TQSAATKK	0	4
13234	YEQTASQK	0	2
13239	AATRSSMK	0	9
13241	CQTTASVK	0	9
13243	EATRASQV	0	4
13244	EDVRATKK	0	6
13245	EEAIASKK	0	3
13246	EEAIGPYK	0	2
13247	EEFTAAKK	0	1
13252	EETSPSYT	0	7
13255	EVATARNG	0	8
13262	HDTPASKK	0	7
13269	IETSAENK	0	9
13275	IQISATNK	0	3
13277	IRATASRK	0	7
13281	KANIAAKL	0	3
13283	KASKAAHQ	0	5
13285	KATIAAIE	0	7
13292	KCANAANN	0	5
13294	KDPSGSKK	0	6
13298	KDTSAVAS	0	5
13304	KEGFSSEP	0	3
13305	KEITAANK	0	5
13306	KEKIASHS	0	1
13309	KEPCASNS	0	10
13313	KEQTASYR	0	3
13323	KETPASNT	0	8
13328	KGGPAPEK	0	8
13329	KGHSASTE	0	8
13330	KGSSASVK	0	10
13337	KGTTTSKN	0	4
13339	KKTAALGT	0	4
13342	KPTAGSIT	0	2
13343	KPTTAAYD	0	9
13345	KQASGSTK	0	8
13346	KQIAASND	0	4
13350	KSTPASKI	0	4
13351	KSVLAANK	0	7
13353	KVAIGSKR	0	7
13363	KYPSAPKH	0	3
13365	LATPVANK	0	1
13372	LETLAMGK	0	8
13376	LGTPGSNT	0	7
13382	MQASASQI	0	9
13383	NDTPGSQR	0	4
13385	NEPTASIK	0	3
13398	NSTTSSKQ	0	6
13399	PANTASKN	0	8
13417	QACTASTK	0	1
13420	QDITASKK	0	7
13421	QDPAASKI	0	9
13422	QDTTASKS	0	8
13424	QEGTAVKN	0	2
13432	QESTASTR	0	8
13434	QETPASKT	0	9
13438	QGTPASYK	0	1
13441	QQTTAAGK	0	5
13443	QQTTGSRH	0	8
13444	QRNPASAK	0	8
13450	RATTASKL	0	3
13451	RDDTASPV	0	7
13454	RERTASKI	0	6
13459	RETSASNT	0	6
13463	RGSTASQC	0	3
13464	RPTMAAKK	0	1
13469	RVANASNQ	0	9
13471	RVSTDSKK	0	2
13472	RVTTASKN	0	4
13474	SESNASKK	0	3
13476	SETRVSIE	0	4
13479	SGTSAETK	0	3
13482	TDSSASKN	0	3
13486	TEDNASLQ	0	3
13497	TGIMSERD	0	5
13498	TGTIAAKK	0	6
13499	TGTIAANK	0	6
13506	VEGIASAH	0	3
13511	YVTAASVC	0	10
13519	EASTASSE	0	7
13527	EGDTASKK	0	8
13529	EPPAASIK	0	8
13532	EQSTAPES	0	9
13543	IELAASIK	0	1
13548	IVIKASYK	0	8
13550	KAANASYI	0	9
13555	KATSASSI	0	10
13559	KEARVPLK	0	4
13565	KENTASKN	0	1
13569	KESAGSAK	0	5
13577	KETAATSN	0	3
13579	KETGASTD	0	10
13584	KETNGSKT	0	1
13595	KETTAPNK	0	4
13601	KGASAPRR	0	5
13602	KGASGSKK	0	9
13603	KGAYGSNN	0	9
13604	KGISASEK	0	9
13605	KGPAASVQ	0	7
13609	KGPTASRI	0	9
13619	KGVYGAIT	0	8
13622	KLIGASVE	0	4
13623	KLSVASKQ	0	4
13626	KPTSVPRK	0	6
13631	KQTTDSKH	0	10
13634	KVLPASNK	0	6
13642	LDNTASKE	0	2
13646	LETFASAI	0	1
13653	LRTSATKK	0	3
13654	LVTNDAQQ	0	8
13660	MQITGSLK	0	9
13667	NLKSGRLI	0	3
13668	NQASASYT	0	10
13669	NQSTGSTT	0	3
13671	PEATAAVK	0	10
13672	PEGTASKK	0	2
13673	PESAASRK	0	4
13674	PESSASIK	0	6
13678	PETTASTT	0	7
13682	QAMSAPKQ	0	2
13684	QATNASNN	0	5
13685	QDHTASKK	0	5
13692	QETAASTT	0	5
13693	QETRASRR	0	2
13698	QGPSAVKK	0	2
13699	QGSRPAKK	0	6
13702	QGTTASKS	0	8
13704	QKAFASKL	0	10
13721	RETAASNT	0	8
13722	RETCGSGK	0	10
13728	RETTAARK	0	3
13730	RETTGSLH	0	6
13731	RGTSAAKK	0	9
13735	RHNTAPKT	0	6
13736	RPPRVEIR	0	3
13737	RPTRASNK	0	2
13738	RPTTGSNK	0	5
13741	SAAPDSKL	0	3
13742	SATIAAKK	0	5
13753	TEITVSTQ	0	6
13754	TEKGDSKK	0	3
13770	TETTPSGI	0	5
13772	TGTTAAVE	0	8
13779	YATAASIQ	0	8
13780	YENVASTK	0	2
13783	AELTASKS	0	3
13785	AHTIAPQK	0	4
13788	EANTASKK	0	2
13789	EATNASNI	0	10
13797	EEPNPSHE	0	9
13806	EGSMASKN	0	3
13809	EVTTESIN	0	6
13810	GDPSASKH	0	3
13814	GGIPASNI	0	4
13816	HAADASKK	0	2
13819	HEMTASEK	0	4
13821	HESTAAAI	0	9
13824	HETAASVK	0	1
13827	HETTASYE	0	4
13829	HETTVSDQ	0	4
13831	IDGTSSKR	0	1
13841	IETTAWKK	0	7
13843	IGTTASST	0	7
13852	KATTASRI	0	10
13854	KATTASSP	0	2
13868	KDTNGSYE	0	5
13873	KEANASLK	0	1
13880	KEATDSKK	0	8
13881	KECAASID	0	2
13884	KENTAETT	0	9
13892	KERGASAK	0	6
13893	KERPASEK	0	6
13896	KERTASQK	0	7
13898	KESDASKT	0	4
13908	KESTGAIE	0	8
13909	KESTGAKD	0	7
13915	KETDASTV	0	6
13938	KETTATNK	0	8
13942	KGAPASNQ	0	4
13946	KGNSGSVV	0	7
13951	KGSTAKIK	0	2
13956	KGTTAPST	0	2
13959	KHATASTN	0	5
13961	KHSTAAVR	0	4
13962	KHTTDSYK	0	7
13963	KLTSASKG	0	10
13968	KQFIASGE	0	6
13969	KQITASKK	0	1
13970	KQPPATYK	0	6
13973	KQTSAATK	0	6
13976	KQVIGPKK	0	6
13977	KRHTAVIH	0	3
13978	KRITASKG	0	5
13979	KRTIASDN	0	4
13985	KVINPPSQ	0	10
13986	KVPHATET	0	9
13987	KVRTASYT	0	3
13988	KVSNAKLK	0	8
13994	LDPGVSKA	0	6
14000	LHSAASTM	0	8
14002	LVSPASNK	0	4
14005	MDTTAPRL	0	2
14007	MEATASSM	0	7
14014	MVSTASNK	0	9
14015	NAHNASNS	0	2
14016	NARAASTI	0	2
14017	NATAASTK	0	6
14018	NDPGVSKA	0	5
14020	NDTPASKK	0	3
14021	NDTTASIK	0	3
14023	NEFVASKD	0	5
14028	NETHASSK	0	5
14029	NETNASEQ	0	8
14036	NGTYGSKE	0	7
14037	NIPTDSKI	0	2
14045	PDGTGSVN	0	2
14046	PDITAANK	0	10
14048	PEAIASKQ	0	4
14049	PEATASKE	0	3
14050	PEPTGSDT	0	6
14051	PESRDSVV	0	7
14053	PETMSTGT	0	1
14060	PETTASLE	0	1
14066	PVAWGVNN	0	6
14067	QAATASIE	0	6
14068	QAPIGSKI	0	6
14070	QATSASNI	0	10
14074	QDTPASNK	0	1
14076	QDTPASTK	0	2
14085	QEMTAAKN	0	1
14087	QESPASER	0	4
14088	QETAVSTV	0	4
14102	QGLRASTA	0	5
14110	QLILAAKR	0	8
14116	QSPTASVI	0	2
14117	QSSSGQIG	0	5
14118	QVGEASKR	0	1
14119	QVTPGSKK	0	7
14120	RAANASYE	0	6
14123	RDLTASQT	0	2
14126	RDTLASTK	0	7
14128	REIAAPNK	0	10
14130	RENSGAKL	0	6
14135	REPVASNG	0	9
14136	RERTASRV	0	5
14144	RETIGSNN	0	1
14153	RGQTPSIQ	0	2
14154	RGSTAPKP	0	9
14164	RQISASDR	0	10
14171	RVTTASKI	0	7
14177	SETNGSTK	0	7
14179	SETTVSDQ	0	6
14182	SKINAAIE	0	6
14187	TAASASIN	0	4
14188	TASAASRT	0	5
14189	TASTASKE	0	1
14191	TATNASIE	0	7
14192	TATTASKL	0	4
14194	TDRTTSYE	0	7
14199	TEDIASHD	0	1
14203	TESLAART	0	9
14206	TESTSARL	0	10
14220	TGVTASYT	0	1
14221	TQSTGSDE	0	8
14224	TTSTASAT	0	5
14225	TVTTGSDK	0	7
14226	VDVTASRQ	0	3
14229	WDTSGSRY	0	3
14230	WDTTGSEN	0	8
14237	YVTTASKT	0	2
14241	AHYNASTN	0	6
14247	EECTASLE	0	10
14262	EKTAASAK	0	6
14263	ELTTPSES	0	10
14272	HEGPASNV	0	8
14276	HGSNASKK	0	5
14277	HGTSGSRK	0	1
14278	HHPTAAVR	0	10
14284	IEATDSKR	0	1
14285	IEIAASKK	0	6
14292	IRASASYK	0	1
14294	KANTGPEK	0	7
14296	KASNAAVK	0	1
14303	KDGNASED	0	1
14318	KEAAASDT	0	4
14325	KEATASNQ	0	4
14331	KELGAPKK	0	10
14333	KENTASQQ	0	8
14341	KESSASSR	0	5
14345	KESTGAKV	0	8
14360	KETTATET	0	8
14362	KEVTAEKT	0	9
14365	KGITAPEI	0	1
14366	KGPCGSNR	0	10
14369	KGSAASNK	0	5
14371	KGSTASEH	0	6
14378	KPTNACVR	0	2
14386	KQTIATQT	0	1
14387	KQTPASKE	0	7
14388	KQTSAAYK	0	8
14391	KRPTVSKI	0	1
14397	KTSTASKS	0	9
14401	KVSAGSNN	0	5
14405	KVTPASTV	0	2
14412	LDPRASTK	0	5
14419	LETNASKI	0	10
14420	LETTSSGT	0	3
14422	LGTSASDN	0	9
14424	LPPRASIE	0	5
14429	MGATASIR	0	9
14432	NATRASEK	0	2
14434	NDPKASLK	0	1
14437	NEARASTK	0	5
14446	NGANASQK	0	1
14450	NQRTASVL	0	5
14451	NVHNAERR	0	4
14458	PEGTASVK	0	9
14463	PEVTASWA	0	10
14464	PGATASGI	0	7
14465	PGLTAPKK	0	5
14466	PGTMASMK	0	3
14469	PHGPGSKN	0	8
14471	QATTASTQ	0	7
14472	QDTSGSKK	0	3
14475	QENIGAEL	0	5
14484	QETRASLR	0	3
14489	QGTNVEKK	0	5
14492	QGTTASSR	0	10
14494	QPTGGVKN	0	2
14507	RATTASYE	0	10
14509	RDPDASKI	0	2
14517	REGIASNT	0	6
14526	RETNAADK	0	3
14529	RETTASVR	0	7
14533	RGPTAADK	0	6
14534	RGPTAASV	0	7
14536	RGTSGSYI	0	7
14542	RHTTASKN	0	1
14543	RLRAAPNK	0	1
14546	RQSTASIE	0	4
14555	RVPIASIK	0	4
14559	SDSTPSNK	0	1
14563	SESTATKL	0	7
14570	TEPGGSVK	0	7
14573	TESIATIR	0	6
14574	TESTATNR	0	10
14575	TETAGSNK	0	6
14576	TETIASQN	0	8
14584	TTTTACVK	0	7
14586	TYGTASKK	0	9
14588	VESTDAKN	0	9
14594	AEPIASDR	0	3
14597	AGSSAAET	0	2
14599	CDSTDSQK	0	10
14603	DDSTRATV	0	5
14610	DRPTASER	0	8
14612	EAPTASEK	0	10
14613	EAPTASNN	0	9
14617	EDPGVSKA	0	1
14618	EDTTASQT	0	1
14626	EGTSGSKK	0	2
14629	EQTSPAKN	0	5
14633	FRPTGSQK	0	7
14634	FYTGDGNT	0	4
14635	GESSAAEQ	0	2
14637	GETTAAKK	0	3
14638	GETTGSAN	0	5
14643	HEAWASKI	0	2
14644	HEPTASVK	0	4
14649	HLTTAPEI	0	9
14650	HPCTAPEK	0	3
14656	IELAASKR	0	2
14665	IETSDAHI	0	9
14668	IGATASTT	0	10
14672	IQTTVPHH	0	7
14677	KARTASNK	0	6
14685	KATTASEG	0	1
14688	KDGYGSLK	0	2
14689	KDIAASKK	0	3
14690	KDPAGSTW	0	2
14696	KDTPASRK	0	1
14699	KDTYAPRK	0	10
14703	KEAIGSNK	0	2
14705	KEAPASNN	0	5
14707	KEASASDT	0	10
14709	KEATASAI	0	7
14711	KEDPGSQR	0	1
14715	KEIPASYK	0	6
14716	KEISASNK	0	2
14717	KENPGSKR	0	1
14720	KEPKASMR	0	9
14725	KEPSVSVE	0	6
14732	KERTVSTI	0	8
14747	KETNARIR	0	7
14752	KETSAAIN	0	9
14755	KETTAPTQ	0	9
14764	KETTPSQT	0	4
14766	KEVRASNN	0	9
14772	KGSTASIQ	0	2
14776	KGTLASYK	0	5
14777	KGTPASNN	0	1
14783	KKVDASQH	0	1
14787	KPATAAER	0	8
14789	KPSAASHK	0	7
14790	KPTTASHK	0	1
14791	KQAPASEK	0	1
14796	KQLTASKK	0	3
14797	KQRTASKK	0	10
14809	KVPTASEE	0	10
14811	KVTIASSV	0	6
14820	LENAASSN	0	5
14821	LETTDAEK	0	3
14822	LETTGAKI	0	9
14825	LQTTASIQ	0	1
14826	MEGSASLK	0	2
14828	MERSASQK	0	5
14834	NATTGSSM	0	3
14835	NDAAASKK	0	6
14839	NEPAASKS	0	3
14844	NETAASVQ	0	8
14846	NETNAAHK	0	10
14848	NETPASKT	0	8
14854	NETTDSRK	0	3
14858	NHTRASKK	0	7
14862	NQTDASVR	0	1
14867	PATTASHE	0	8
14877	PETTASLV	0	8
14879	PGPTSSKM	0	10
14880	PGSAASKK	0	5
14881	PGSSASKK	0	4
14885	PRTTAPNK	0	9
14887	PTATVEKK	0	5
14888	PVPTAAES	0	5
14889	QAMTGCQE	0	4
14890	QANSAPQK	0	1
14891	QASSASRS	0	6
14897	QATSGSII	0	8
14899	QDRFASQP	0	5
14900	QDTRGSER	0	7
14909	QESPASEK	0	9
14911	QESTASYG	0	3
14928	QGPTAADK	0	8
14929	QGQTASRK	0	7
14930	QGSTASKL	0	9
14932	QGTKASQN	0	4
14934	QKRSASRK	0	8
14936	QKTAASLK	0	3
14938	QPTSAWNK	0	9
14939	QQAARSDK	0	9
14940	QQHAAYMS	0	3
14942	QQTAASVD	0	3
14943	QQTSVPTT	0	8
14945	QRASAPKK	0	1
14946	QVANASNQ	0	5
14947	QVPTASKG	0	6
14951	QYTAASYG	0	10
14952	RAGSGSTK	0	9
14954	RASSRSKV	0	7
14961	RDTTAART	0	9
14963	RDVNASLK	0	5
14964	REAAASTI	0	6
14969	REISGSKK	0	8
14972	REPTASTR	0	2
14997	RLGRASSM	0	8
15001	RQCRASKK	0	7
15003	RQMGASKQ	0	6
15005	RVITALKI	0	1
15006	RVKTGSYI	0	2
15015	SGTVASTK	0	10
15016	SNTKASKK	0	9
15020	TEATAAEE	0	2
15021	TEKTASKD	0	5
15024	TETNASNK	0	7
15026	TETSASNT	0	4
15029	TETTVSKD	0	1
15032	TGTIASKK	0	9
15033	TGTPASTN	0	3
15038	TQIIAAKI	0	9
15039	TQMISPCK	0	9
15046	TRATSSIK	0	3
15047	TSAIASQR	0	2
15050	TVPTASNT	0	2
15051	TVTKASIK	0	10
15052	VEPTGSKI	0	1
15053	VKSTAPNR	0	7
15054	VQAIAGLQ	0	4
15059	WQPPASLK	0	10
15063	YLPAARSG	0	5
15064	YVTNASEI	0	2
15069	DATRASKK	0	1
15070	DEPSASAI	0	8
15076	EDTSASFR	0	7
15079	EEPPASKQ	0	8
15084	EETIASSK	0	7
15098	EVPRASNR	0	8
15100	GDSTAWKK	0	1
15107	HDPSASEN	0	3
15112	HRPTASMG	0	1
15117	IELAASKL	0	3
15119	IGTTAAKQ	0	8
15120	IITAASRI	0	2
15124	KAAIGTKK	0	1
15137	KDPAASKI	0	4
15138	KDPNASTK	0	2
15140	KDSSASTG	0	4
15142	KDTAACIK	0	2
15145	KDTTASKV	0	4
15146	KDTTASRN	0	3
15147	KDTTGAIK	0	3
15148	KDTTGSNK	0	1
15151	KEANASKQ	0	10
15158	KEATSSYR	0	1
15159	KEATVSKK	0	1
15166	KEMAASAK	0	1
15170	KEPTSEQN	0	1
15171	KERIAVTK	0	10
15173	KESAASRR	0	5
15174	KESSASHI	0	6
15184	KETAAAMN	0	1
15187	KETASSIK	0	5
15190	KETIAAKT	0	3
15191	KETIAPKK	0	8
15196	KETNASNN	0	10
15207	KETTAPGE	0	9
15212	KGPIASNH	0	6
15213	KGPSASET	0	9
15220	KGTSDSQK	0	9
15225	KLGSASDK	0	6
15226	KNTTASAR	0	9
15227	KPKSASNN	0	5
15229	KPRASSNK	0	1
15230	KPTGAKAT	0	8
15231	KQANASKK	0	1
15232	KQITAAKK	0	9
15237	KQTTASIT	0	5
15239	KRKTASSR	0	8
15240	KRTTPSKS	0	1
15243	KVAWGVKK	0	3
15244	KVTAGSAS	0	2
15258	LESIASRK	0	5
15261	LETFAEVT	0	1
15262	LETSASYV	0	7
15265	MASSVTKI	0	9
15270	NDTGASKN	0	8
15279	NETTASRN	0	4
15280	NGTNGSIK	0	4
15284	NQTSASLK	0	5
15285	NTSTASAT	0	6
15288	PATSASKQ	0	7
15307	PGTPASYK	0	8
15315	PVATASDK	0	1
15317	QAGCAEDK	0	4
15320	QATTASKC	0	1
15321	QATTASQE	0	2
15322	QDATASTK	0	4
15323	QDNAASYP	0	10
15331	QESAASTT	0	9
15340	QETAAPQK	0	1
15353	QETTGAKK	0	10
15357	QGANASIK	0	10
15362	QHSPRSES	0	9
15363	QMNIAAKL	0	9
15364	QNASASKL	0	6
15366	QQETAVKL	0	4
15369	QVTPASPK	0	2
15373	RASSASRS	0	2
15375	RATTATNK	0	6
15384	RESTASTR	0	10
15389	RETNASKT	0	2
15391	RETPASTT	0	5
15396	RETTAPIK	0	1
15405	RGTSGSEN	0	10
15410	RLTWAAQN	0	7
15414	RQTAASAK	0	10
15415	RQTCASRK	0	10
15416	RQTSASTK	0	4
15418	RQVTASNI	0	9
15420	RVRIGSKK	0	2
15422	RWPTAEKD	0	7
15424	SDTPACKK	0	10
15431	SETSGSIK	0	7
15434	SGTSAEYR	0	4
15435	SRPPGSQT	0	2
15436	TAAGASES	0	1
15438	TATIAETW	0	10
15439	TATSASQA	0	7
15446	TEMAASSK	0	5
15464	TQTLACKD	0	8
15466	TQTYASKK	0	4
15468	TRTTASKL	0	10
15469	TSAAAAYT	0	9
15472	TVTRASKI	0	1
15476	TVTTSSKK	0	9
15479	WEMPGSRI	0	5
15480	YEATSSGS	0	3
15482	YQCTRSLK	0	1
15486	AYTIAANK	0	4
15488	CQTTASEK	0	5
15489	CVCTAAKT	0	6
15490	DDTTAAKR	0	7
15493	DGIAASKE	0	4
15495	DRPVASKN	0	9
15500	EDTPGSHN	0	2
15503	EEPMACRI	0	3
15514	EGIVAAYK	0	6
15515	EGPTSSKM	0	6
15517	EGTTASEI	0	3
15523	EHTTASTV	0	8
15524	ELTKAYLK	0	8
15525	EPAITAET	0	5
15526	EPPAASKK	0	3
15527	EPSNARQR	0	7
15528	EQQTDSRK	0	3
15529	EQTPASQQ	0	9
15530	ERTAASKQ	0	4
15532	ETAPASIK	0	3
15534	EVSGASTK	0	6
15539	GEAAASIK	0	1
15547	GGTSATKK	0	5
15549	GPTNADKI	0	1
15550	HAPPASNK	0	8
15556	HEPSCSKM	0	9
15557	HESSASIK	0	5
15564	HLPAASKT	0	10
15565	HPSTGSHT	0	2
15566	HVMTASNK	0	4
15573	IDPAASTR	0	2
15574	IDTTDSKT	0	3
15575	IEATASTN	0	3
15577	IEPSASNR	0	3
15578	IESSDANN	0	9
15591	IGTIASNK	0	9
15593	IKRTASKT	0	7
15595	IPMAAAIK	0	1
15596	IPTTASKN	0	4
15597	IVNTAPIK	0	5
15598	IVSAATNK	0	5
15605	KADTASKP	0	6
15606	KAHSDSIE	0	3
15607	KAIAASQV	0	4
15610	KAPSASNK	0	10
15612	KAPTASKN	0	10
15613	KARDGSNK	0	3
15614	KARFGSKT	0	4
15615	KARLASRL	0	5
15619	KASTPSKI	0	9
15623	KATGGSKI	0	6
15636	KATTLADK	0	1
15638	KDALAEKK	0	6
15639	KDAPASNK	0	1
15640	KDAPGSEP	0	4
15642	KDITASGK	0	4
15645	KDPTASER	0	3
15646	KDPTASKQ	0	9
15647	KDPTASQT	0	10
15650	KDSAASIK	0	9
15652	KDSPASTK	0	4
15653	KDSTASHS	0	2
15655	KDSTGSKQ	0	2
15657	KDTAGSIG	0	3
15662	KDTTAPYT	0	3
15665	KDTTATNR	0	7
15667	KDTTGSIK	0	5
15668	KDTTGSKN	0	4
15669	KDTTRSKK	0	7
15671	KEAAASYK	0	7
15673	KEAMRSQE	0	4
15676	KEASASYD	0	7
15678	KEASNSDI	0	8
15683	KECAASII	0	4
15684	KEDSASLL	0	3
15686	KEGFAEKK	0	7
15688	KEGTGSKQ	0	3
15689	KEIAASKE	0	10
15696	KENHASEE	0	5
15697	KENMASCI	0	10
15700	KENTASKI	0	10
15701	KENTASLQ	0	10
15703	KENTASTE	0	10
15704	KENTASTG	0	5
15713	KEPTGSRE	0	9
15716	KERTATKQ	0	6
15721	KESNASKT	0	2
15724	KESSAALK	0	4
15726	KESTASQT	0	8
15730	KESTGANN	0	4
15731	KETAASHT	0	2
15737	KETAGSRK	0	8
15747	KETNGSIK	0	3
15755	KETSASSI	0	6
15760	KETSGSEK	0	2
15772	KEVTASKN	0	10
15775	KEYTAATK	0	4
15776	KGAAAPYT	0	4
15781	KGATDSKK	0	4
15783	KGGLASKD	0	4
15784	KGIAASQQ	0	1
15786	KGPTAPEK	0	4
15788	KGSAASTK	0	7
15803	KHTNASKQ	0	8
15804	KHTPGSRI	0	6
15809	KLATASTI	0	8
15814	KPANASHR	0	8
15815	KPPTASLK	0	5
15817	KPSTASLH	0	9
15818	KPTTASMK	0	2
15822	KQDRASRK	0	7
15823	KQGAASIR	0	7
15824	KQGTASKT	0	9
15825	KQGTVTQL	0	6
15826	KQIAQSVN	0	6
15828	KQIRVQVT	0	5
15832	KQPTASRK	0	8
15837	KQTSAAQK	0	9
15839	KQTSGSIK	0	8
15841	KQTTAFKH	0	1
15844	KQTTVSKT	0	9
15845	KRTDAVKK	0	10
15846	KRTPSAKN	0	9
15847	KRTTAAKY	0	4
15860	KVNDCASP	0	3
15861	KVNSASEK	0	2
15864	KVPTASNK	0	3
15868	KVSTASTI	0	6
15882	LESSASIK	0	8
15886	LESTGSKK	0	3
15892	LGPTGSKT	0	6
15894	LLAGATQK	0	6
15895	LPRTASQK	0	8
15896	LQTAASPL	0	9
15898	LRTTASYH	0	10
15900	MANAASMK	0	3
15903	MESAASKQ	0	5
15911	NAASASKE	0	9
15913	NATKASRT	0	9
15920	NDATASKT	0	9
15921	NDTLAAKK	0	2
15923	NEAAASKT	0	2
15926	NEATASMI	0	3
15928	NEGPCSKQ	0	8
15930	NESNCSIK	0	8
15931	NESRASGI	0	1
15938	NETIGAYE	0	1
15947	NETTASLE	0	1
15951	NGPTSSKM	0	8
15952	NGRIASYT	0	10
15953	NGRRNSRQ	0	8
15958	NKGVSSHT	0	1
15959	NPRAASEK	0	1
15964	NQPTASKE	0	3
15969	NRTTASYH	0	7
15970	NSPTAGIK	0	6
15972	NVPTAGNK	0	5
15980	PEASASDD	0	8
15985	PEPNPSHE	0	3
15987	PEPTASMK	0	2
15988	PEPTASRK	0	5
15993	PETRFAMV	0	9
16000	PGAPASSK	0	6
16002	PGPRASTK	0	4
16004	PGTNASAM	0	2
16006	PGTSESKK	0	2
16013	PPATASKK	0	6
16014	PPATASKN	0	5
16023	QATAASYQ	0	8
16025	QATTASRN	0	10
16030	QDLTGSKK	0	3
16031	QDPTASGQ	0	1
16032	QDSPVSEV	0	2
16033	QDSTASIK	0	8
16034	QDTSPSKL	0	5
16037	QEASASLK	0	5
16040	QEHFASIV	0	2
16041	QEIAAPHT	0	5
16045	QENTASIE	0	1
16046	QEPAASRK	0	5
16047	QEQSASKT	0	5
16048	QERTASTK	0	2
16051	QESIASQN	0	6
16052	QESKGPRN	0	2
16055	QESTAAIK	0	10
16063	QETNASKN	0	1
16064	QETPAAIP	0	10
16066	QETPASKE	0	5
16082	QETTDSTK	0	7
16085	QGATASYD	0	8
16086	QGDTASKT	0	8
16091	QGTSGSKK	0	9
16096	QITAAPRT	0	9
16098	QKTSARTK	0	7
16100	QLTKVELK	0	6
16101	QPRCASKE	0	6
16102	QPTNASKI	0	6
16103	QPTSVPRK	0	3
16105	QQGTGSNK	0	2
16110	QQYSAANN	0	6
16112	QSTSASKK	0	3
16114	QVPTVSNE	0	4
16117	QVTPASSK	0	9
16118	QVTSASNQ	0	9
16123	RAHRGSEP	0	9
16125	RAKNDSNK	0	7
16127	RAPTASIK	0	6
16128	RASGASEE	0	1
16133	RATTGSRN	0	9
16136	RDSTASYK	0	8
16139	RDTTASDT	0	1
16149	RECSASYI	0	3
16154	REHTESDE	0	2
16155	REKTASKD	0	6
16157	RENDAESI	0	4
16159	RENSGAKR	0	5
16162	REPGGSVK	0	3
16163	REPNASVK	0	1
16165	RESAAATK	0	7
16169	RESIASQN	0	3
16173	RETAASCM	0	1
16176	RETFRAKK	0	3
16179	RETNASMV	0	4
16181	RETPCSKK	0	8
16184	RETSASCE	0	8
16189	RETSGSTK	0	1
16190	RETSGVRQ	0	3
16191	RETSSSDE	0	4
16197	REVGASIT	0	8
16198	REWTAANT	0	1
16199	REYPGSYK	0	9
16200	RGALVSKK	0	5
16201	RGNPTSRI	0	7
16215	RHANAATK	0	10
16216	RLTKVELK	0	5
16218	RPATAAPK	0	8
16219	RQLPGSKK	0	6
16220	RQRVAPYK	0	2
16221	RQTTASHQ	0	5
16222	RQTTTSTK	0	5
16223	RRSPASVN	0	1
16229	RVTPASTV	0	10
16230	RVTPGSKK	0	4
16231	RVTTAAIK	0	4
16234	SAGSGSIK	0	4
16238	SDMTGSRK	0	3
16239	SDSRGSKR	0	8
16241	SEHPGSAY	0	2
16246	SETSASVQ	0	8
16252	SNTSAKGK	0	1
16253	SQTPASQR	0	1
16255	TASAASKI	0	3
16256	TATNPSKQ	0	1
16258	TATTASKI	0	10
16260	TDLTASEI	0	2
16261	TDTGASKN	0	7
16271	TEITVAYK	0	4
16276	TEPVASKR	0	9
16278	TESAASIK	0	5
16293	TGARASKI	0	1
16295	TGLVASYK	0	7
16301	THAIALNK	0	1
16305	TPNTAAKK	0	7
16306	TPTTGSNK	0	2
16311	TQRVAPYK	0	8
16313	TQTAAAKK	0	7
16318	TRTTASYH	0	5
16319	TVASGSHT	0	7
16320	TVAWGVNN	0	6
16322	TVTSAAEA	0	7
16323	TVTSASGK	0	3
16324	TVTSATIK	0	9
16332	VETTGSEK	0	6
16333	VPQPASKK	0	3
16335	VRSSAAQQ	0	6
16339	WQTTASEK	0	10
16347	YGTVASTK	0	3
16356	CSRSASKK	0	6
16357	DESVASHK	0	10
16359	DGATASEE	0	1
16362	EDATASEN	0	7
16363	EDPTAANK	0	3
16371	EETKVAKH	0	3
16375	EGSMASKT	0	6
16382	EVSSASLE	0	7
16383	GANVASEK	0	7
16388	GETNPSKK	0	5
16392	GGTTGSKI	0	2
16394	HDSAGSQD	0	3
16397	HEAIASKL	0	6
16399	HEKNASSK	0	8
16400	HEPTASKA	0	8
16407	HETTPSYK	0	2
16408	HGATASKR	0	3
16414	IDPGVSKA	0	6
16417	IEATTAQK	0	6
16419	IENRASDI	0	2
16429	IETTASAR	0	3
16432	IGTLASSK	0	8
16455	KDAAASNE	0	1
16456	KDASASVK	0	1
16459	KDDSGSTE	0	1
16473	KEATASEQ	0	6
16476	KEATASQI	0	10
16479	KEATPARI	0	7
16481	KECSASND	0	7
16482	KEGSPSRK	0	7
16490	KEPIASNK	0	10
16491	KEPNASTK	0	1
16495	KEPTASTQ	0	10
16511	KETAGSNK	0	9
16515	KETGGSQN	0	7
16518	KETIGSIK	0	10
16520	KETLAAMT	0	1
16540	KETTGAKR	0	9
16541	KETTGSCI	0	2
16546	KGALASKK	0	6
16561	KGVTASRS	0	3
16563	KKIADPKK	0	1
16570	KNIPAPKI	0	2
16571	KNIPAPKT	0	8
16572	KNIPASKK	0	1
16573	KPCIAPGK	0	8
16574	KPSPDPKK	0	9
16576	KPTSASER	0	10
16581	KPTTDSRV	0	7
16584	KQCPAPNI	0	3
16585	KQPTASNK	0	3
16586	KQRTASIK	0	3
16592	KQTANAKK	0	3
16599	KRSTGSKI	0	3
16601	KRTNASQK	0	4
16603	KRTTASYI	0	2
16606	KVGAASYD	0	3
16616	KYDTAATS	0	10
16621	LEASCAGN	0	7
16623	LEISASIS	0	10
16625	LERTASEL	0	8
16632	LETTCAQN	0	9
16634	LGASASNK	0	9
16635	LGPTVSKH	0	10
16638	LGVAASQI	0	5
16641	LSPGASKK	0	2
16646	MLSPAAKK	0	5
16651	MRTPDSKW	0	3
16652	MSCTASKK	0	9
16653	NATIAAKK	0	5
16656	NDITGSKK	0	1
16657	NDRCAPKK	0	10
16658	NDTTASKR	0	9
16663	NERTASNK	0	1
16664	NESAAPKV	0	8
16679	NPTIALSK	0	10
16681	NRTAASKQ	0	9
16683	NVAPASNN	0	9
16685	NVSPASKV	0	3
16691	PDTTASQE	0	4
16694	PEATVSPK	0	2
16695	PEPTASIK	0	1
16701	PETTASET	0	9
16707	PGPTDSEP	0	10
16714	PQSTVPNK	0	5
16715	PQTTASIK	0	3
16717	PRSPASKK	0	2
16718	PTTSASNK	0	5
16720	PVATASSK	0	1
16728	QASRDSFQ	0	8
16732	QATPASIK	0	10
16734	QATSAAEK	0	8
16738	QDATASGK	0	3
16744	QDTTDSEG	0	7
16745	QDWPGSLK	0	9
16749	QEMIASNK	0	1
16754	QERTASKT	0	2
16760	QETDASKN	0	1
16762	QETNASKT	0	5
16775	QGAPASNQ	0	2
16776	QGCSGSKS	0	6
16777	QGGTASDK	0	8
16778	QGNAGSKG	0	10
16779	QGPIASQQ	0	2
16781	QGRFAPIR	0	10
16787	QKASASRN	0	10
16788	QLATASKK	0	5
16789	QLTWAAQN	0	9
16790	QPPAASKQ	0	8
16793	QQAPASKK	0	5
16794	QQTIGKKE	0	8
16796	QQTTATYK	0	3
16798	QSNPAALQ	0	4
16799	QSTTAPKQ	0	6
16801	QVDTDSKT	0	1
16811	RASTASTN	0	6
16814	RDSRASQK	0	9
16821	RENSGANK	0	2
16840	RETNGSIK	0	9
16848	RETTASQS	0	5
16856	REVRGKSQ	0	9
16859	RGKTASHE	0	7
16860	RGPCGSNR	0	10
16865	RHPPASIK	0	10
16866	RPPRESEK	0	6
16867	RPTSASKR	0	3
16868	RQAAASVK	0	4
16870	RQPSGSNV	0	6
16873	RQTIAAIK	0	2
16874	RQTIASKK	0	10
16875	RQTPASIT	0	8
16876	RQTTAKDK	0	7
16877	RQTTASQD	0	7
16878	RRRTASKD	0	7
16880	RSSTASTK	0	5
16883	RVSNAAYK	0	4
16884	RVSRASQK	0	2
16885	RVSTAAVK	0	10
16886	RVTNAARL	0	3
16888	SATTGSLE	0	10
16892	SEDPASET	0	4
16894	SETKASQQ	0	7
16899	SKKVASNQ	0	1
16905	TATSASNK	0	8
16909	TEAPVSNK	0	3
16911	TEGSASRK	0	1
16912	TEMTASNR	0	7
16913	TEPAGSKQ	0	5
16914	TEPNPSHE	0	5
16916	TEPTGSSE	0	6
16917	TESPESIK	0	2
