sequence	label	source_row
RDTTAVKI	1	7220
IDPTASKV	1	2417
QVATASYA	0	12946
QGTTDPKL	1	6938
QESIASVK	0	12924
KESGDAVK	1	3327
KVTAGSAS	0	15244
RHNTAPKT	0	13735
EESNASKR	1	779
KGSAASTK	0	15788
IPMAAAIK	0	15595
KDTTAASI	0	10687
KDTPASRK	0	14696
RESSDAKR	1	7509
REGAGVKL	1	7237
QEIAAPHT	0	16041
NQPTASKE	0	15964
KTTHDVKR	1	5802
NQSTGSTT	0	13669
YGSAASNT	0	11267
QMNIAVKK	1	6962
NPTAASYQ	0	10229
KEHHASKK	1	2989
RESWGSKQ	1	7588
CGNSGSVV	0	9070
IPPTASNK	0	10752
KDASASEH	0	12592
MQITGSLK	0	13660
GGTTGSKI	0	16392
QEMSVWYN	0	9838
KETPASNT	0	13323
HGTAVSYK	0	9799
KLTSASKG	0	13963
HESWGLKK	1	2292
GQSRAAKK	1	2163
TDNPASKL	1	8207
QETDASKN	0	16760
TESAASIK	0	16278
EETTDSKT	1	1547
TDPGVSKA	0	11961
NVTPASKL	1	6400
EENNSSKL	1	533
PVISAEKK	1	6456
RESRAVDI	1	7470
KETIAPKK	0	15191
SATTGSLE	0	16888
EESTGAIK	1	1087
EVTQAIKK	1	2094
QAAVGSKK	0	11324
QVSPGVKK	1	7112
SDSSASKL	1	8101
EVSIRSKE	0	10606
TSAAAAYT	0	15469
REAAASTI	0	14964
EAATESKK	1	276
EETIASSK	0	15084
KGPSASCT	0	12638
KHTDAVKK	1	5050
KESKVSVK	0	11764
WGGTGSKK	0	10381
IGGAASKK	1	2524
KETSAVDI	1	4579
KENTASKI	0	15700
PDPTASQN	0	10564
QESEASIK	1	6579
RETTGSKN	0	12358
PGLAAAKI	0	12905
MHSRVPKK	0	12474
IDPGVSKA	0	16414
RGSTAPKP	0	14154
QGPGASKK	1	6917
TENSASVK	1	8215
PVPTASEE	0	8963
TRCISTKI	1	8377
SETSAVDL	1	8159
MASQAVKL	1	6193
QETSGTKR	1	6876
KETHEAKL	1	4186
PETMSTGT	0	14053
QESIAADA	1	6603
PECGASVK	0	10145
IENAASIR	0	10748
NESTAVKS	1	6314
EEITAPHK	0	12752
LQTHAAVL	1	6178
RINSAVKK	1	7906
QQHAAYMS	0	14940
QPNGGVKK	1	6975
KASVASVK	1	2635
NGPTAADK	0	8750
QESNDAKK	1	6653
KESEAASK	1	3254
LEPTASAQ	0	12870
RVGTAVKK	1	8080
PEITASKQ	1	6416
QESTASTR	0	13432
KETNSSDM	1	4411
EQSNEAKK	1	1845
RQNTASQI	1	7965
KTVNAVKK	1	5813
KGSPPSLK	0	9513
KYTTAAKQ	0	12665
KEIVASSK	0	13084
NDASASKI	0	9860
KPTTAAYD	0	13343
TERIASLK	0	13004
MEGSASLK	0	14826
KETVGSTK	1	4839
WQTSGSIK	0	11971
TAGTATYK	0	9546
KLTSGSKL	1	5145
TQPTATYQ	0	10040
QESTAPGR	0	11806
KGSWGSKK	1	4960
KVNDCASP	0	15860
KETAGTKL	1	4067
IQSWGSDL	1	2546
RDIPASRK	1	7173
KQTRSTKK	1	5650
KEANASKQ	0	15151
KEFTGAKL	1	2979
EERRASKL	1	564
KDTAASIR	0	12596
TADTVPSN	0	11958
PDRRASKL	1	6407
KESPASKS	0	11765
RESAGSLK	1	7308
RATTATNK	0	15375
NETAAAEK	1	6325
KQRVAPYK	0	11308
KERSASET	1	3164
RPTMAAKK	0	13464
KETTGAQI	1	4756
KEQTASYR	0	13313
RAVTDSYK	0	11435
REASGSQN	0	10784
KGNNAVKK	1	4891
EKSTAVKR	1	1710
PPTTATSQ	0	9543
LQSTAVKI	1	6167
KETSAVDM	1	4582
LASSASRS	0	8801
QGDTASKT	0	16086
RESAGSKL	1	7307
KEANGTKK	1	2950
EESRATKT	1	856
RSTIAAKS	1	8074
RGPTAASV	0	14534
YEATSSGS	0	15480
KESDAVDL	1	3238
NDPKASLK	0	14434
QQGTGSNK	0	16105
KTSSDAKK	1	5794
QDLTAAKG	1	6493
IGSEASKK	1	2525
KQIAASND	0	13346
RGTGASVK	1	7876
IKATASYK	1	2536
AGITAPEI	0	9136
EETSPSYT	0	13252
RATTGSRN	0	16133
LETTSSGT	0	14420
EEPTSEQN	0	9195
KQTSAAIK	0	9224
KEANASLK	0	13873
KQTEAVKK	1	5583
KGDAASQR	0	12636
TRATSSIK	0	15046
IGSEASKL	1	2526
EGAAASKL	1	1615
RSSTASTK	0	16880
PDTTASTQ	1	6410
RLRAAPNK	0	14543
RETAASCM	0	16173
KETTAPGE	0	15207
NESSDTKK	1	6303
PSRPASIK	0	9947
RESTGATL	1	7558
HGHTASKK	0	10423
EDTNAAQE	0	10955
LQTAASWK	0	8913
RDPRGSQK	1	7174
QEIGAADL	1	6546
NATTGSSM	0	14834
IDSTESTH	0	12005
KATPASSN	0	11632
EQTAGVKR	1	1924
KAAPASSK	0	8775
KKEPASFR	0	12646
KETVAVDM	1	4822
PENTASLQ	0	10842
QQYSAANN	0	16110
RQRVAPYK	0	16220
KEATASQI	0	16476
KAVTASRK	0	11375
IELAAAKL	1	2427
RDTMAVKL	1	7212
QPSSGVKR	1	6981
HESEASKK	1	2210
KEAIGSQI	1	2947
KQTSDSKL	1	5657
SGVTASKK	0	11957
TATIAETW	0	15438
KENNAVDI	1	3076
KRTTAAEQ	0	11529
EQTSPAKN	0	14629
QETRASLR	0	14484
LSPGASKK	0	16641
KETNAPTK	1	4361
RGPSASEK	0	12974
LAGSASNR	0	11114
KVAWGVNK	0	11531
TQTPASKK	0	12175
YELIAATT	0	11734
EQQTDSRK	0	15528
TETVASVL	1	8334
KRTADSRK	0	12862
NETNAAHK	0	14846
TETTGAKI	0	11355
IVTPASTV	0	8912
EETISSKL	1	1311
EESSDAKR	1	989
NDRCAPKK	0	16657
HRPTASMG	0	15112
KETIAARS	1	4224
KQTDAVYK	1	5560
KETRVSSE	0	11883
QAMTGCQE	0	14889
PETLASKQ	1	6431
QGSSRSVK	0	12504
KESTSVKK	1	3911
RDTNASKR	0	9562
SDTHASKR	0	9922
KETLAAMT	0	16520
QESIAVKL	1	6618
PEATASKI	0	11320
KAATASEQ	1	2561
AESHESKR	1	40
KGPTSSKM	0	9608
KRTDAVKK	0	15845
IEATASKI	0	9303
GSNSASND	0	9417
KADTASKP	0	15605
QLTKVELK	0	16100
LEPSASIT	0	9016
KENSAADL	1	3105
GETNPSKK	0	16388
QEVTASYK	1	6912
KVTPGSPI	0	9217
KESPASQQ	0	11500
KATTASRI	0	13852
GDPSASKH	0	13810
NVTSGSKQ	0	9837
HHSNVSNR	0	9232
QAASASKK	0	13159
THTNTSTN	0	9386
SGVIAAKK	0	12734
HETTGSRQ	0	12407
KAPAASHK	1	2571
PEGTASKK	0	13672
WDPTASER	0	11968
EETNGAKM	1	1371
TETPAANK	1	8295
KESSALKI	1	3724
EVSIAADL	1	2070
KDASASVK	0	16456
RESAAATK	0	16165
KEPTGSRE	0	15713
ETSSDAKK	1	2053
KESTGAKD	0	13909
KPSAASHK	0	14789
KDNPASQK	1	2763
KISHAAKL	1	5058
WDTTGSEN	0	14230
KESAVSTK	1	3216
RGTVAVKK	1	7897
MQASASQI	0	13382
RNSRAVKM	1	7923
GDSTAWKK	0	15100
RAGSGSTK	0	14952
KQITAPKL	1	5329
RGTSGSEN	0	15405
TVTSASGK	0	16323
RISYAADE	0	11950
LETTCAQN	0	16632
EQSWGSKL	1	1918
PEASASDD	0	15980
KDTYAPRK	0	14699
PEISATIK	0	11015
KSTIGSKK	1	5763
REVGASIT	0	16197
HEKAASKH	0	12205
EESAGAKK	1	600
EQTHASKI	1	1956
QETAGSLK	1	6759
TETAAADL	1	8267
EESMAAKR	1	752
THTSAAKK	1	8348
KGAAASKV	0	12454
LDTAACIK	0	9267
KNASDSRE	0	11894
SESYAAKL	1	8142
QVPTASKG	0	14947
KESRDTDL	1	3681
PGLTAPKK	0	14465
KQRSASRK	0	11108
EESSAAKP	1	892
KQTANAKK	0	16592
PAATASRK	0	11927
QDPAGSTK	1	6496
NGTYGSKE	0	14036
HESWAAKS	1	2280
PGTMASMK	0	14466
KPSTAADL	1	5241
RETTAAVT	1	7782
KDDTESMK	0	10969
KETSATRK	1	4577
ESAAGVKK	1	2021
KATGGSKI	0	15623
LESTVSKK	1	6039
RVSSDAKK	0	12360
RENDAESI	0	16157
RPTVASKK	1	7956
RGSIAVKL	1	7864
KKVDASQH	0	14783
REITVAYK	0	12710
KLNTASRK	1	5116
HERNASVA	0	12206
RAPTASIK	0	16127
KERKAVKI	1	3153
QVSIAAVE	1	7107
NETTAAIQ	1	6355
KPTTASLK	0	12067
PVTNASRK	0	9366
RHANAATK	0	16215
RGTGASKS	0	10035
KETSVPKK	0	12629
MDTEASKR	1	6197
RKSPASVK	0	11951
NGRTASNS	0	11317
QETIASDL	1	6800
LGTPASRK	0	11215
KQTSAAQK	0	15837
RPPRESEK	0	16866
RGNPTSRI	0	16201
EAPTASEK	0	14612
PEITAATR	0	9317
MESIAVKL	1	6204
KQTTDSKH	0	13631
QDTGASKN	0	12112
RVTPASTV	0	16229
KQTHAVKQ	1	5598
QACTASTK	0	13417
THAIALNK	0	16301
QESVASTK	1	6737
SPAQGSKQ	1	8177
EESSGSDL	1	1001
TETAAVDL	1	8268
VRISASKK	1	8427
KASWGSKR	1	2649
RHANASKN	0	11447
KEASGSST	0	11638
PATIGSKK	1	6401
KVNPASRK	0	9364
KEAMRSQE	0	15673
GDPPASRT	0	11742
PPSQAPKK	0	11017
QDPTGSKV	1	6498
KGTPASNN	0	14777
QDPAASKK	0	13164
QRTAASKQ	0	11813
RETIGSNN	0	14144
EERVASKK	1	574
EECSAETK	0	11983
KVAWGVKK	0	15243
KETIAIKK	1	4236
QGCSGSKS	0	16776
RETTGSTQ	1	7826
MVVGIWKK	1	6248
EDTTASQT	0	14618
KASSAAKI	1	2608
KGIAASQQ	0	15784
KEAHDSKR	1	2942
KEAAASYK	0	15671
CVCTAAKT	0	15489
KETIEAKL	1	4269
NETIGAYE	0	15938
NQSSDVKK	1	6387
EECTASLE	0	14247
KERTSSEL	0	10434
RVTQAIKK	1	8092
KRHTAVIH	0	13977
KVSPASRR	0	9132
PQATATEI	1	6448
EESIVVKK	1	724
KQTLAVKK	1	5623
NDATASKT	0	15920
KEGFSSEP	0	13304
KETASSKQ	1	4073
TETRAVDL	1	8300
RDTTASQN	0	10725
KESNASKT	0	15721
KGPAASVQ	0	13605
RQTSASQI	1	8043
LESIAAKI	1	5975
WQTTASEK	0	16339
KQPPASKI	1	5339
KERSASNT	0	10900
RQGTASTK	0	10476
IELAASKL	0	15117
NEATASMI	0	15926
IEPSGSTK	0	10426
NRTTASYH	0	15969
TGLVASYK	0	16295
PDTTASQE	0	16691
SPTSGVKL	1	8182
QEASASNT	0	13167
KDTTGAIK	0	15147
EVTSASKL	1	2097
KEAAASDT	0	14318
KECNAVKK	1	2968
KLGSASDK	0	15225
QQSRAAKI	1	7031
TDTGASKN	0	16261
QATSGSII	0	14897
RDTMANQP	0	12514
KESTASQT	0	15726
MEPPGSKN	0	11218
KETSASMS	0	12837
KGAPASNQ	0	13942
EQSTAADK	1	1877
LSCLSSLQ	0	11913
QQTRAAKL	1	7069
PDSTASEN	1	6408
PEVTASWA	0	14463
VRSSAAQQ	0	16335
KESNAVNV	1	3546
RVRIGSKK	0	15420
QQTHESKL	1	7060
EGPMASEK	0	10042
KETPASIE	0	11194
KDGYGSLK	0	14688
KDSNPAKL	1	2808
KATKSAKQ	1	2685
KESKDSKR	1	3421
RQAAASVK	0	16868
SETRVSSE	0	8933
RDPGVSKA	0	11338
KGGLASKD	0	15783
MDATASTE	0	11217
ELAAASKK	0	10670
QDATASLR	1	6492
MSCTASKK	0	16652
HERAVISK	0	12404
EEAVASKL	1	489
KVPHATET	0	13986
TQTVASRV	1	8376
AESDAVLK	1	31
KNGSAVKR	1	5166
KDSSAADK	0	12808
TERTGSVK	1	8217
HPTAASNK	0	11475
KEAAASGQ	0	10170
PLPTASYK	0	9657
RESSASLT	1	7492
NVHNAERR	0	14451
TQSTGSDE	0	14221
RESNASKH	1	7427
KDTTSVKK	1	2926
EYTPDSSV	0	11472
ELTSAAKK	1	1728
SATIAAKK	0	13742
KGSPASGP	0	12456
RVTPGSKK	0	16230
KDTTVAKL	1	2927
WQPPASLK	0	15059
QGSRPAKK	0	13699
QETRAADL	1	6846
EETTDAKS	1	1545
RPTLGVKK	1	7949
TETVASDK	1	8332
AESRASTK	1	60
RQTTTSTK	0	16222
PKTPGSIK	0	11422
KQTDDVKK	1	5562
QDTSGSIK	0	9646
KETRAVQK	1	4503
GPTRASSI	0	10963
QASSASKV	0	12911
KVSGASKL	1	5844
RATTASYE	0	14507
EQSRDAVL	1	1854
TVTRASKI	0	15472
NKGVSSHT	0	15958
KGITAVKK	1	4888
NGTSVPNQ	0	9887
AATRAVKK	1	11
IQATASYK	0	12794
TQSTASKL	1	8364
HETVASRK	1	2374
KEATASAI	0	14709
TAASASVS	0	12162
SERLAVKL	1	8109
REIGAAKK	0	12956
TATNPSKQ	0	16256
NVSAASVK	0	11012
KATTASSP	0	13854
EPQAASKV	0	10348
KQASGSKQ	1	5319
KQIAASKN	1	5327
HDSVAAKK	1	2186
RESVASVL	1	7575
KESWPSKK	1	4022
KQRFAADL	1	5344
KPTRLAEK	0	12066
EESSAAKR	1	894
NDPGVSKA	0	14018
EEGAASWT	0	10418
QDTMANQP	0	8767
PGPRASTK	0	16002
KETTAVDM	1	4707
IGTNASIK	0	12413
EATAAVKL	1	324
KETSAVIL	1	4588
REPVASNG	0	14135
PEDTASGM	0	11014
KEDPGSQR	0	14711
YELTASEY	1	8439
EESMAVKR	1	759
RAHRGSEP	0	16123
KPANAVKK	1	5200
KETSAVQL	1	4611
KMNIAVKK	1	5161
KEKNGAKL	1	3035
KRTKASSI	0	12863
QDTYATKL	1	6534
KDAPGSEP	0	15640
TASTVSKK	0	10587
EESAASTI	1	586
RDSRASQK	0	16814
NDSSAATK	0	10452
KLRTAVKL	1	5122
PEPAASRK	0	9477
RAPTGSNK	0	11815
KQTVAATK	1	5692
NTSTASAT	0	15285
EVSSAPQI	0	12401
IRASASYK	0	14292
REPNASVK	0	16163
KPKSASNN	0	15227
KQAPDSKL	1	5318
RQTIRSTI	0	8811
KEITVAYK	0	8616
EDPGVSKA	0	14617
LGASASNK	0	16634
KEASASYD	0	15676
RETSSSDE	0	16191
QESAPAKI	1	6573
QDTRASTQ	0	12113
KDPTASTN	0	11483
KETTGPKK	0	11100
KLPAASKN	1	5118
KPTAAPNV	0	11665
KQTTGEIC	0	12073
EGSSAAKK	1	1631
ELTTPSES	0	14263
KGGAGSKE	0	12637
RQSSGSKK	0	9385
LESGASKI	1	5971
ELTKAYLK	0	15524
KVTPASET	0	11783
QATPASIK	0	16732
KETGRSKL	1	4162
KQAPASEK	0	14791
TGSTASRR	1	8345
SDTTVWDN	0	12729
LEANASKQ	0	11409
TTTTACVK	0	14584
RVSHASQK	0	8998
MDIPGYES	0	9810
RQMGASKQ	0	15003
KASIAAKM	1	2581
TEKTASRK	1	8212
KVSPGVKK	1	5859
NEFRASKI	0	10091
KESIGSKI	1	3399
QQSADSKL	1	7017
RGTSDAKK	1	7888
LRTSATKK	0	13653
QQSRAVKI	1	7038
KECAASII	0	15683
KVSKGSRG	0	11901
KDITASGK	0	15642
RETTASVR	0	14529
NETTASEH	0	10141
EETAAVRL	1	1175
HETTGAKL	1	2368
QGTTASSR	0	14492
KGTPASGN	1	4995
KGVTDSKK	1	5031
KRSPASTQ	0	11210
TQAARSDK	0	8692
KETNCAKL	1	4381
NPSSASKL	1	6380
PECTASKE	1	6413
QETVAVKL	1	6905
KAINASNK	0	9361
NMITAPQK	0	11010
KEGNAVKL	1	2982
NGALASKQ	0	9786
KDSWGSKK	1	2849
KDSCASTA	0	10971
EETAASLC	0	9870
QERTASKT	0	16754
DDHMGVKL	1	206
KQNIASKK	1	5332
QAGCAEDK	0	15317
RGSTASQC	0	13463
KQRTASIK	0	16586
EGTTDPKK	1	1676
KEIAASKE	0	15689
SDPTARMN	0	12362
QGQTASRK	0	14929
KDASAAKP	0	9585
PSVTAAQI	0	12313
TRITCARK	0	9102
RETRGAKL	1	7749
RETRGSDL	1	7750
RESFAAKI	1	7323
EASTASSE	0	13519
RAVLASKK	0	9527
TETSAVRK	1	8311
QQTTGSRH	0	13443
IQISATNK	0	13275
KESVASVI	1	3945
NIPTDSKI	0	14037
KATAASSE	0	10427
TDPTVSLK	0	10341
SETRVSIE	0	13476
QEIADAGK	0	10570
QESSGAKL	1	6697
KETHDVKI	1	4184
KESAASTS	1	3197
IETTASAR	0	16429
KVSSAPIK	0	11902
NGPTSSKM	0	15951
QEIRGSKK	1	6547
KASTPSKI	0	15619
QEMIASNK	0	16749
KETAASTE	0	12254
EETIASDI	1	1280
KHSTAAVR	0	13961
IETTAWKK	0	13841
NQASASYT	0	13668
QGRFAPIR	0	16781
TEKGDSKK	0	13754
EESSAVRL	1	981
WGTSASRQ	0	11607
KTTGATDL	1	5799
TDPTASQT	0	9321
KSPAASNN	0	10056
ENTVAVKL	1	1756
QESRGSKK	1	6677
KDITVAYQ	1	2756
EGDTASKK	0	13527
KQTRETKQ	1	5649
KDTTRSKK	0	15669
HVISGQTP	1	2409
NDNPAPQN	0	12878
NAASASKE	0	15911
KLTRESKK	1	5137
KDSADAKK	1	2778
IETSAENK	0	13269
SGTSAEIK	0	12988
MDTTASLK	1	6198
LVTNDAQQ	0	13654
QESGDAVK	1	6598
TEITVSTQ	0	13753
QPTTGSNK	0	12702
EVHAAPKK	1	2065
KAPTNSKN	0	10813
QESWGSIK	1	6743
NPTAGSLK	1	6381
QVASASKH	0	12945
SNTKASKK	0	15016
KETHAAIK	1	4165
KVGSDAKL	1	5823
EETSDAKL	1	1469
IETPASNE	1	2507
QYNTASNR	0	10295
LEATDSNK	1	5949
QGATASYD	0	16085
AAPTAANI	0	13030
KEHSAADL	1	2994
RETLAIKR	1	7697
KETDASTV	0	13915
QVPTVSNE	0	16114
KASVAVKL	1	2638
TQIPDSYP	0	9767
KVAIGSKR	0	13353
KASPPSKK	1	2596
WVRPASTI	0	10952
KGSGASKD	0	12639
RDTMAVKK	1	7211
KQTDAVQK	1	5547
PGGTASVK	1	6438
TPTTGSNK	0	16306
KPNTAAKR	1	5213
GGIPASNI	0	13814
AVSTASKL	1	187
MQVSASKK	0	11793
KGRTGVKR	1	4904
LEISASIS	0	16623
TPNTAAKK	0	16305
QGATGSKN	1	6915
TETCASLK	1	8271
RVSHAVKK	1	8082
SAGSGSIK	0	16234
KQSPGSVQ	0	11402
IDPSGPKK	0	13052
HETTASYE	0	13827
PGTNASAM	0	16004
KARTASNK	0	14677
SGTSAEYN	0	10947
QEPGGSVK	0	13169
KDPTASER	0	15645
KDHMGVKK	1	2754
EESIGAVL	1	719
QESIATKA	1	6615
IGSSASKE	0	12011
QVSAASEK	1	7104
KASWAADL	1	2641
PESNAAKI	1	6421
KEVRASNN	0	14766
QATMALKV	1	6482
KESSASHI	0	15174
RETSGVRQ	0	16190
QQPAASHK	1	7012
EETFASSL	1	1218
RDPTAPRV	1	7175
IPTTASKN	0	15596
NESNCSIK	0	15930
RAANASYE	0	14120
EQTSDSKL	1	1983
EETYASTK	1	1607
QQTTAAGK	0	13441
KEGSPSRK	0	16482
APATHSKS	0	9820
RQIAAYKK	1	7962
QLTWAAQN	0	16789
KPTSVPRK	0	13626
KENKAVKK	1	3065
GADTASKK	0	9020
TQTAAAKK	0	16313
HAPPASNK	0	15550
QESTAPQT	1	6707
KGSIGTKL	1	4920
KDTNAVKK	1	2889
KVPTASES	1	5836
QDPTASRT	1	6497
KGVTASRS	0	16561
IHPTASEH	0	11749
QLTRATKK	1	6953
KEGHASIR	0	9875
KDTMANQP	0	10357
RPTVGVKL	1	7958
QEAPASDK	0	12316
QETAAPQK	0	15340
RGPTAADK	0	14533
TPTLAVKK	1	8357
AGGLASKD	0	9301
TDPPASEE	0	12735
LESTGSKK	0	15886
TDSSASKN	0	13482
KGITAPEI	0	14365
KEASGVKL	1	2958
QPPSASFV	0	11811
PQSTAIKK	0	10259
EGTSDAKK	1	1669
KEDAASRK	1	2973
KENNAVNL	1	3092
EETTVSDQ	0	10745
SGTSAETK	0	13479
KQAARSDK	0	10764
KESMASGK	1	3451
KATRAAKK	1	2697
PDPTASDK	1	6405
KQTIAAKA	1	5602
QESKASKR	1	6624
NGRRNSRQ	0	15953
QDTPASTK	0	14076
EEPAASAK	1	550
QGSTASKL	0	14930
EESSASPI	1	944
QETTGAKK	0	15353
QQTTVSHT	1	7079
EDPSGPKK	1	379
KESAASRR	0	15173
KGTQGVKK	1	4998
KQPPASQK	1	5341
EEPRASKL	1	553
RQTVAEKL	1	8059
QMNIAAKS	1	6960
KLTKVELK	0	10631
KESREADL	1	3687
PDITASLK	1	6404
TVARASEK	0	8736
KEASASDT	0	14707
LWTSASKR	1	6190
HEATASIT	1	2195
EVKLASKK	0	11988
RQTTHSKK	0	12152
EETSAVRE	1	1463
QTNAAPKR	0	10864
KERNAVKI	1	3156
KKSTASIR	1	5087
RQTTASQD	0	16877
KNSRAVKM	1	5178
KDSTGSKQ	0	15655
EETVASLK	1	1584
KREAGSIQ	0	11782
KETIAIKI	1	4235
QYGSGSQK	0	12136
HLPAASKT	0	15564
RETAATDL	1	7604
LPPRASIE	0	14424
EESSAPMQ	1	918
RTTAAVKK	1	8078
LHSAASTM	0	14000
RETNAADK	0	14526
QDTTASDT	0	9027
SDSRGSKR	0	16239
RETNASKT	0	15389
KETTGSCI	0	16541
KETEVVKK	1	4124
KESTGVPK	1	3903
KDTAGSIG	0	15657
EESRESVK	1	873
KATTAPTT	0	10683
RPATAAPK	0	16218
NEIMGSKK	1	6266
KHRTASNK	0	10361
KHTTASEN	1	5056
KDRPGSKQ	0	11286
TVTAGSKE	1	8383
KSTPASKI	0	13350
RHPPASIK	0	16865
NPTIALSK	0	16679
NGSRASKT	1	6370
NEGPCSKQ	0	15928
LETNASKI	0	14419
RATGASKQ	0	11568
KETNSSRE	1	4425
QDTRGSER	0	14900
QDTTDSEG	0	16744
EEGIGSKL	1	495
KHTNASKQ	0	15803
YETTASEL	0	13028
EESTGSDL	1	1099
RLTKVELK	0	16216
TETNASNK	0	15024
KERTATKQ	0	15716
KGNSALVQ	1	4892
GETAVSKL	1	2143
KGTTTSKN	0	13337
IGATASTT	0	14668
KEAPASNN	0	14705
QARLASRL	0	9203
CHSPVGQR	0	11843
HGTSGSRK	0	14277
KETRAVDK	1	4478
RETLAIKK	1	7696
RAAIGTKK	0	9288
EESIAADA	1	685
RETTGVKL	1	7829
QEATASRI	0	11558
EESEASDL	1	625
IDGTSSKR	0	13831
QVPAASVK	0	11149
QERTASTK	0	16048
QESMAVKR	1	6636
EPNSAVKR	1	1761
KEAIGSNK	0	14703
GERIAVKL	1	2121
EESNDAKK	1	816
KGGTASPK	1	4887
NGPTGSKN	1	6369
KASWGSKI	1	2646
REYPGSYK	0	16199
KEPTSEQN	0	15170
HESWGSIK	1	2294
KETRAAQL	1	4453
RETSASCE	0	16184
KEDNAVKK	1	2974
KQPTASNK	0	16585
EESTASDM	1	1044
IELAASIK	0	13543
EHSRSAKL	1	1693
EQSRAAKI	1	1849
KASIAAKR	1	2582
RVKTGSYI	0	15006
NETTASLE	0	15947
KDSHGTKK	1	2787
EESNGAKI	1	819
QQTVAVKK	1	7084
RQTPASIT	0	16875
EERSASKI	1	567
TEATVSSK	1	8210
PQATASQK	1	6447
EESFAVKR	1	655
RDSVAVKK	1	7205
PQANGSQK	0	9946
KVKSASKH	0	12284
QSTTAPKQ	0	16799
QGPTASSK	1	6919
IQTTVPHH	0	14672
SDMTGSRK	0	16238
EESSAAKV	1	897
KESNHAKK	1	3592
KETIAPLK	1	4239
KGALASKK	0	16546
RDLTASQT	0	14123
KGMSAENQ	1	4890
KATIGTKK	1	2682
SQTAASSK	1	8186
KATVAVKQ	1	2734
QATTAAKK	0	9674
RQPSGSNV	0	16870
HGTNASKY	0	12408
RPSTGVKL	1	7939
GEAAASIK	0	15539
KEPAAAAE	0	10979
KELAASKI	1	3051
QVVAASGL	1	7121
GETTGSAN	0	14638
AASNSAKL	1	2
LETTDAEK	0	14821
KESTPSLK	1	3906
SQSSGAKK	0	10481
KDPGVSKK	0	11754
STSTASAT	0	8582
KKTAPSRK	0	12458
KEPSSSRK	0	10617
VQPTASKN	0	11840
LESADVKK	1	5961
NGTTVQKK	1	6375
TVDTASQT	1	8381
YQTTASAL	0	9059
EESSALKI	1	914
IETGASTK	1	2496
GETTAVKI	1	2152
PGAPASSK	0	16000
QGPTSSKM	0	12332
IETADSQI	0	12788
LGVAASQI	0	16638
EPSNARQR	0	15527
KESTGAAL	1	3883
RGANASTI	0	12150
RESWGSKI	1	7585
KETKGSPK	0	9023
NVAPASNN	0	16683
KQTDAVSK	1	5552
TRTTASKL	0	15468
EETVASNL	1	1585
GATGGSKE	0	11741
KEASNSDI	0	15678
RATTACTK	0	10470
QEGTKSKK	0	10407
KYTHAAKS	1	5927
KQTAGSIK	0	11897
RASTASTN	0	16811
KEANAVKR	1	2949
TLPGASLQ	0	11457
KPTRASKN	0	9854
RLTTAQSK	0	12359
TEPVASKR	0	16276
KEATGSNN	1	2963
PETTVSDQ	0	10331
KQTPGVKK	1	5638
RPNTAAKK	1	7930
REPTASIK	0	10938
NESAASFQ	0	12478
RGSIASKL	1	7862
RETTASQS	0	16848
QTSTASAT	0	10932
QESFGSKK	1	6590
KETAASHT	0	15731
EQGTGVKR	1	1814
QASSASRS	0	14891
KAHSDSIE	0	15606
LPRTASQK	0	15895
PGTTATKK	0	11695
RVSTDSKK	0	13471
KSVLAANK	0	13351
KGACGSYK	0	9511
AESIAAKA	1	41
KEPIASNK	0	16490
RKRTASPT	0	12978
LKTTAANK	1	6149
KGHTGSYT	0	10547
QITAAPRT	0	16096
RDSFASKL	1	7184
TDAPGPIE	1	8206
EETNDAKL	1	1366
KETRAVVK	1	4511
PEPPASGK	1	6417
AAATAVKK	1	0
KVVAASGT	0	10831
RQTAASAK	0	15414
EESFAVVK	1	659
KPSIGVDL	1	5227
TGTPVSKL	1	8347
KEIVASKQ	1	3026
QETEASDL	1	6771
FRPTGSQK	0	14633
TASTAAKT	0	10525
KVNSASEK	0	15861
PATSASKQ	0	15288
KKTTVSGK	0	10826
IETTGAKI	0	12213
DEATGSKK	1	210
NESRASGI	0	15931
KENNASKL	1	3074
QQSADSKK	1	7016
LHSIASKL	1	6142
TGTPASTN	0	15033
RGALVSKK	0	16200
QGAPASNQ	0	16775
NVSPASKV	0	16685
KPTTDSRV	0	16581
KANTGPEK	0	14294
KESTGAVT	1	3890
NESSGSNI	0	12678
IELAASKK	0	9254
IETSDAKK	1	2515
MESTAEKR	0	10705
HESWASRL	1	2284
NVPTAGNK	0	15972
PATTASHE	0	14867
LETSDAKI	1	6098
KESNDAKR	1	3569
TGARASKI	0	16293
KERTASQK	0	13896
KPAHAVKK	1	5195
KESNASRE	1	3500
LGTPGSNT	0	13376
QDSVAVKK	1	6517
KQTSASDL	1	5652
MRTPDSKW	0	16651
IQSSASII	0	11628
TATSASQA	0	15439
RASSASRS	0	15373
ERSHPAKL	1	2016
RVATAANK	0	12532
KEIAAADL	1	3011
NETRASRL	0	10561
KETSASSI	0	15755
EENNAVKS	1	531
KETSDVRK	1	4638
RKNSGSKK	1	7907
TESTATNR	0	14574
DEPSASAI	0	15070
NATRASEK	0	14432
KEHDAAKK	1	2988
PGTPASYK	0	15307
KQTKDSDL	1	5618
DVATASGS	0	11981
YSTREVKR	1	8458
RQTSASTK	0	15416
RETTAVRE	1	7811
TGSSGSIK	1	8344
PQSTVPNK	0	16714
KVTTATKN	1	5907
GATTASNI	1	2114
QDHTASKK	0	13685
KDTFESKK	1	2864
RQTHAVKL	1	8036
DDHMGVKK	1	205
TDTPVSQR	0	11825
KATNAVDL	1	2688
EGPMASKL	1	1619
QRPTASYK	0	10931
ESSGAWEH	1	2024
RESFGAKL	1	7367
TASAASKI	0	16255
EETNGAKS	1	1372
AETMAAKK	1	119
KMNIAAKL	1	5160
KQTDAVIK	1	5527
KGAYGSNN	0	13603
PEAAASKA	1	6411
EESPVSKQ	0	10485
NDITGAKK	0	10917
PQATATKK	1	6449
EPTGAADL	1	1781
KPSAASPN	0	10995
QVSSAVKL	1	7115
EAPTASNN	0	14613
HLTTAPEI	0	14649
ETTRAAKK	1	2059
IVSAATNK	0	15598
TESIATIR	0	14573
QETTVSDQ	0	9500
KQSIAVNI	1	5393
NETTGAKI	0	13141
KVTNAVKL	1	5887
IITAASRI	0	15120
QESGDADL	1	6594
DHTPSAEK	1	261
QESNAVRE	1	6650
AHLPASTK	1	169
RDTRAVKK	1	7215
RNSRAVKK	1	7922
EATNASNI	0	13789
AESSGTKR	1	80
PQITDSNK	0	9355
QERSATKL	1	6566
RATTCPKK	1	7163
PSLTASKK	0	9173
NVTPGSKK	0	8980
QQSAASLK	1	7015
PGTDGDQT	0	12108
EESVASKT	1	1122
EEHTATKK	1	508
QKTSARTK	0	16098
KESVGSKQ	1	3965
KETTGTKL	1	4763
KETNEAKR	1	4388
EEAIGPYK	0	13246
KLTNAVKL	1	5134
EEGIGSRK	0	9636
KESVAAVT	1	3932
KEPPASYR	0	10690
AESRGSKN	0	12184
QVGEASKR	0	14118
HVMTASNK	0	15566
WDQAASLQ	0	12384
IELAASKR	0	14656
NEAAASKT	0	15923
QPTSAWNK	0	14938
QKASASRN	0	16787
IETTGSTQ	0	11857
KASTTSEL	1	2624
QDANASNK	1	6491
VPQPASKK	0	16333
QESTDAKL	1	6719
PEATASKE	0	14049
EQASASIE	0	11987
QGTNVEKK	0	14489
QESPASER	0	14087
KHTSVSMK	0	12062
QRASAPKK	0	14945
HEGPASNV	0	14272
KQTTPSGN	0	9656
PPTTDSKN	1	6446
EHATAANK	0	12565
QSSSGQIG	0	14117
RETRAVDL	1	7737
HETTPSYK	0	16407
RESIASQN	0	16169
QESRAANL	1	6663
RETTGSLH	0	13730
ALTTDARL	1	170
KESAESTK	1	3207
REHVGVKR	1	7251
KGNSASSK	1	4893
RVSRASQK	0	16884
QAPSASDL	1	6461
DDSVSSKL	1	208
RETPASTT	0	15391
NETPGSKT	1	6342
KETASSIK	0	15187
RQTSASIK	0	11953
KEHLAAKK	1	2991
ADTGAPRE	0	11842
IGPTASIQ	0	10355
QDTTAEIK	0	10333
KQATASSR	1	5320
NEPTASIK	0	13385
KTSTASAT	0	9689
KESFAVRL	1	3301
TQRVAPYK	0	16311
QETSGVRQ	0	9075
NGANASQK	0	14446
TAAGASES	0	15436
KDTTAPYT	0	15662
RQSTATKL	1	8001
SGAAAAKK	0	12536
KEATVSKK	0	15159
HEATASTM	0	10964
TDTRGSVK	0	10208
KESFAVSK	1	3302
KEDADSKK	0	11640
KESAASTI	1	3194
MANAASKL	1	6192
TGIMSERD	0	13497
EATKSAKQ	1	347
AHTIAPQK	0	13785
KEAAAADL	1	2935
QAHMASLT	0	12493
HDPSASEN	0	15107
KTTGATKL	1	5800
KLKTASSK	0	9622
SENMASCI	0	9398
LKTEGAKV	0	11540
KLISATKK	0	12647
TEGSASRK	0	16911
RETTVSDQ	0	9443
IRTIAAKT	1	2551
KASKAAHQ	0	13283
KESTGAIE	0	13908
KVATDSNK	1	5819
EESFAVNK	1	657
KESIDSKR	1	3396
SPSRAVKL	1	8179
RDTTTSKK	1	7228
SESTATKL	0	14563
KLTHHAKL	1	5132
NETSASAT	1	6349
KESDASKT	0	13898
TLTSEVKK	1	8351
IESWGSKS	1	2490
KEPIASQQ	0	9050
AELTASKS	0	13783
REIGAAKL	1	7252
KPTTASMK	0	15818
PEYTAVKK	1	6437
QATTASKI	0	10291
QDTVAANL	1	6532
LETISAKL	1	6070
RETAASIA	0	12963
QVAPATKK	0	12336
EGTSAAKL	1	1666
IQSWGSKL	1	2548
PVPTAAES	0	14888
KLAAAVKK	1	5108
EESRATKS	1	855
MVSTASNK	0	14014
KETNGSKT	0	13584
LETFAEVT	0	15261
IVTNASKN	0	12014
TSAIASQR	0	15047
KEATDSKK	0	13880
RERADSNK	0	9483
EETTDAKI	1	1542
RENKASEL	0	13195
KVTTAEYQ	0	9453
QDATASTK	0	15322
PDGTGSVN	0	14045
LRASASER	0	9969
QWTIASKN	0	11337
NEAPASNT	1	6264
KQNNAVKK	1	5335
QETSGAKT	0	10859
IATTAAKL	1	2416
KETIVVKK	1	4291
EHTTASTV	0	15523
NETKGSEK	0	13140
TQSTSLTK	0	12741
TEAPVSNK	0	16909
EASEAVKK	1	281
KSSRGSKK	1	5740
QATNASNN	0	13684
TRKPAARH	0	11733
HEPTASKA	0	16400
KQSRDAVL	1	5423
EETRDAKK	1	1422
GPTNADKI	0	15549
TGTTGSQN	0	10596
KESESSVK	1	3272
HRANGATK	0	10279
DDTTAAKR	0	15490
RGTNASQK	1	7880
IDSTASKI	0	12004
EKNSGSKL	1	1703
KVGAASYD	0	16606
KDTAACIK	0	15142
LGSTDAKK	1	6135
NDSSASIK	1	6258
GAIASSLH	1	2113
KDTLAVKK	1	2883
KEDAASGK	1	2972
KGFPASIQ	0	9832
KEHVGVKR	1	3010
QEPSGVTI	0	12921
SKKVASNQ	0	16899
HETAASVK	0	13824
TLTTAAKD	0	13016
QESIASQN	0	16051
QAPIGSKI	0	14068
LEASCAGN	0	16621
KETVASEL	1	4798
LATPVANK	0	13365
SVTTAPKK	0	11056
KTTRAAKI	1	5805
EETVASVL	1	1587
TRTAASKQ	0	13019
EQANASKL	1	1812
NQSVAAKK	1	6389
QVSAGSCN	0	12135
EVHAAPKL	1	2066
TESPESIK	0	16917
EESNAVDM	1	787
KENNAVRL	1	3095
PQTPASGK	1	6454
LDPRASTK	0	14412
KETREAKL	1	4521
TQSAATKK	0	13230
KQTHAAVL	1	5594
KERTVSTI	0	14732
KETHAAKS	1	4169
ALANATTR	0	9271
NPATGSKM	0	10710
PESRDSVV	0	14051
EESSASHG	1	927
KDPAGSTW	0	14690
KATQGVKL	1	2696
KVINPPSQ	0	13985
EADTASKL	1	277
KESGDADL	1	3323
SGTSAENK	0	12161
LETSDAKK	1	6099
QEATGSSQ	1	6538
EEFTAAKK	0	13247
KPTTASEN	0	12459
PRSPASKK	0	16717
KETYDSKK	1	4867
KASTDVKK	1	2622
LKSAASKK	0	11912
KDTQASDK	0	9157
LETYASIK	0	9782
KEITAQKK	0	10320
KGTIGSKI	1	4982
EESSSTKK	1	1015
KERFDATR	1	3144
EQNSAVKL	1	1816
RESRAANL	1	7462
SENTPSIR	0	9517
KQPSGSIE	0	11667
KVTTGAKS	0	12079
KETHEANR	1	4188
AQSKAVKL	1	176
KAATGVKK	1	2564
DGIAASKE	0	15493
KPGSGVKL	1	5207
RGPTSSKM	0	12151
KGTIGSKR	1	4985
EQTSAVKI	1	1980
IGATASKE	1	2523
KENMASCI	0	15697
RTSTASAT	0	11722
LDPGVSKA	0	13994
KDDSGSTE	0	16459
QEHSAADL	1	6543
RETRASNL	0	12715
PKNSASKL	1	6441
KVYSAPRR	0	12080
KGPSASET	0	15213
QSPTASVI	0	14116
KRTDAVDL	1	5709
EESKFAKK	1	735
PEPTASRK	0	15988
KEPGASKD	0	11493
KAPKASIK	0	12586
PVTTVGTS	1	6459
EATRASQV	0	13243
TDTIASRR	0	12543
KELAAVKK	1	3053
IQPSASVI	0	10079
QDPAASKI	0	13421
QAIPASMK	0	10844
YDTTAARK	0	10529
EESKATKR	1	732
EEAAASGK	1	478
KVSDASTK	1	5842
KENTASTG	0	15704
RDPDASKI	0	14509
KKNSGSKL	1	5065
IEATTAQK	0	16417
KAVTHAEI	0	9324
MGTSAPTK	0	11003
KVSTASTI	0	15868
MHNSASKI	1	6241
KGGPAPEK	0	13328
KGTCASIK	1	4968
KAIAASQV	0	15607
NDTLAAKK	0	15921
KETTCSTK	0	11512
LGPTGSKT	0	15892
KQSSAAKP	1	5431
KATSASSI	0	13555
KVTSAEKH	0	10186
RESFAVIR	1	7341
KDSTASHS	0	15653
RQTIASKK	0	16874
KRTPDAIE	0	12464
KAPTASNE	0	11479
NGTTGSKR	1	6374
KVPTASNK	0	15864
QASIAADL	1	6464
QNSRAVKM	1	6963
EESSASDM	1	925
QDSPVSEV	0	16032
QESRESKK	1	6676
EETRAARL	1	1395
LGTSASDN	0	14422
QQSAVVKL	1	7018
KKGNGTKR	1	5063
AETPASTI	0	9370
EEPMACRI	0	15503
KETNSSEL	1	4412
QASNACDN	0	11020
KAAIGTKK	0	15124
KGFNAAKK	1	4885
KAPIAAKL	1	2572
GEAPASKR	1	2118
QEASASLK	0	16037
KESSASND	1	3743
GEADASKI	0	9140
RGTRVVKL	1	7883
KSTTAALK	1	5776
KEGTGSKV	0	12237
KVRSGSPK	0	12285
EASIAVKK	1	289
RDCSGSKC	1	7170
KDAVGVKK	1	2748
NQTSASLK	0	15284
KAATSSIN	1	2566
DDSTRATV	0	14603
KNIPAPKI	0	16570
QAATASIE	0	14067
RETAASQS	0	12350
RETNASMV	0	16179
KENNSVKK	1	3101
QGTSGSKR	1	6937
QGASASKK	0	11808
QEAPASEI	1	6537
KESSAVRR	1	3765
LQSAVVKL	1	6157
PEAIASKQ	0	14048
KNTTASPE	0	9178
IDPAASTR	0	15573
KVSNGSKK	1	5857
KAPTASKN	0	15612
IENRASDI	0	16419
KETAAAMN	0	15184
LETSASYV	0	15262
KESHDSKK	1	3347
YVTTASKT	0	14237
EDTCCAIK	0	11982
DRPTASER	0	14610
RANTASGK	1	7126
KVTPASTV	0	14405
PEVAASST	0	12685
RETTGTKL	1	7828
RACTASTK	0	8606
KESNASRL	1	3501
EGTTVSKI	1	1680
KAERASVI	0	12585
KLTSAAKM	1	5141
QEPNATVL	0	12920
TETNAKKK	1	8288
KASIAAKI	1	2578
GETTVSKE	0	11275
KATPGWKK	0	12420
KGSTVVKK	1	4954
EESSVSDL	1	1018
KPTDARKL	1	5253
EETSVVKK	1	1487
RESAGAKL	1	7306
EEHEASKK	1	500
KNIPAPKT	0	16571
KPTNACVR	0	14378
KCANAANN	0	13292
LGTTAEKK	1	6138
KATGATKL	1	2656
KETADSNT	0	12833
LQSNASKL	1	6162
LESISSRL	1	5983
QESTGSIK	0	9974
NDGTGSLE	0	10120
KENAGVKL	1	3058
KVTSGSNN	0	9351
KDVNASQK	1	2933
SNTSAKGK	0	16252
KQAVESAQ	0	10020
KENTGSKE	0	11762
METIDSKL	1	6227
EEKTASKL	1	519
KESTAADM	1	3810
KDRQGSKE	0	12807
TGTIAANK	0	13499
TETPVSYK	0	10527
IATKASSN	0	11853
KATNGAKK	1	2692
KPRASSNK	0	15229
NPANASHR	0	9394
KATIGSNK	0	10010
REASGSST	0	9110
RETIAATI	1	7659
KPATAAER	0	14787
RAHSDSIE	0	9081
QGANASIK	0	15357
EVSKAAKI	1	2074
IEATASTQ	1	2423
KVSSSTKK	1	5868
SEHPGSAY	0	16241
LESCAERK	0	10555
QATPESSK	0	11801
KASPASSK	0	9169
VDVTASRQ	0	14226
KGSIAAKM	1	4912
RKATGPKT	0	11048
RDTTGVKK	1	7227
KANSAAIQ	0	9653
KETIAAKP	1	4215
QENAGVKL	1	6553
KEATSSYR	0	15158
REPGGSVK	0	16162
KETVASTQ	1	4816
LETMAVKR	1	6075
TGSTGSIK	1	8346
TETTSSKE	0	11731
KQSTASIQ	0	9673
EDPTAANK	0	16363
TETTPSGI	0	13770
QGNAGSKG	0	16778
KEVTAEKT	0	14362
KPSSGVKL	1	5239
EAASAVKL	1	273
RQSSDSSK	1	7993
QESPASEK	0	14909
RGTSGSYI	0	14536
PEAAASNQ	0	10143
KENTASQQ	0	14333
PDPTGSKK	1	6406
REPTASTR	0	14972
EEPPASKQ	0	15079
KPSTASLH	0	15817
EETNGSKT	0	12759
LETTGAKI	0	14822
RQTCASRK	0	15415
QEITVAYK	0	12118
RPTRASNK	0	13737
EATVAADL	1	364
REMTVAQN	0	10032
KESNAADK	1	3465
QETISSKL	1	6811
KEIAASVQ	0	10106
EDSVAANI	1	426
KVTTAANE	1	5904
HEAIASEQ	1	2193
IELAAADL	1	2426
SGTSAEYR	0	15434
MESAASKQ	0	15903
HEPTASVK	0	14644
EEADASKL	1	480
PETTGAKI	0	11798
TETIASQN	0	14576
RVSTAAVK	0	16885
KQTHAVKR	1	5599
TALAGSIQ	0	11959
QGPSASKK	0	11025
RVDNAAEK	0	11594
NSTTSSKQ	0	13398
CQTTASEK	0	15488
EESSAAKA	1	887
QATTASTQ	0	14471
AATAASKT	1	6
TETTVSDQ	0	10664
QENIGAEL	0	14475
KQVIGPKK	0	13976
IGTDASGQ	0	12012
KETMDAKI	1	4353
KEPCASNS	0	13309
TACTASTK	0	12991
PVTTSSKK	0	10332
RAKNDSNK	0	16125
IVIKASYK	0	13548
EGSIGTKK	1	1627
KESTAATM	1	3824
TGVTASYT	0	14220
EENNAVDL	1	527
QVTPASPK	0	15369
QPTCGVKK	1	6983
EETKVAKH	0	16371
RQTTASHQ	0	16221
KETSASSL	1	4570
DETTASDL	1	253
TQSWGSKK	1	8367
QDITASKK	0	13420
PPATASKN	0	16014
RATKASTK	1	7156
LVASASIK	1	6187
KEITAANK	0	13305
KVRTASKL	1	5838
EETKDSKK	1	1322
LQTPASIK	0	10838
KETAGVKR	1	4071
EVPRASNR	0	15098
NAITASME	0	13134
KGSTEVKK	1	4950
KEDSASLL	0	15684
EEPTASEQ	1	555
HEVSASKK	0	12000
LLAGATQK	0	15894
IKRTASKT	0	15593
PESTASRV	0	9074
TDRTTSYE	0	14194
QKTTAAKK	0	9235
QLNTAVTK	1	6951
HERTVSTI	0	9292
SGTSAEYT	0	12989
IQPHASIK	1	2542
VEPTGSKI	0	15052
KVTSASDL	1	5903
EDSEGTKR	1	389
QGITASKE	1	6916
LQSSALEK	0	13131
EQTYAAKI	1	2012
REFTAPTK	0	10001
RVRIVATN	0	12983
QATSASNI	0	14070
ETSSDAKL	1	2054
QEPAASRK	0	16046
KCTPASIK	0	9420
RETRSTKK	1	7753
KENNAVDM	1	3078
QQTSVPTT	0	14943
KEHTGTKK	1	3008
NRTAASKQ	0	16681
QETVAVKV	1	6906
HEATASNQ	0	11624
KESSGSKT	1	3794
QENSAPEK	0	11137
IEATDSKR	0	14284
NQRTASVL	0	14450
QPTNASKI	0	16102
KPPTASLK	0	15815
QEVTAANQ	1	6911
AGIGGPGN	0	11166
KRTTPSKS	0	15240
KNPTASET	0	9515
ELRTDVKR	1	1724
KKWRGSSK	0	12064
QAHTASRK	0	12910
RESREAKK	1	7479
KVRIASNK	0	11406
KKSTAAYK	0	10994
QSNPAALQ	0	16798
KETTVVKL	1	4774
KPSSAWYE	0	9111
KLRTAVKQ	1	5123
NVRTASYR	0	12894
LETTVSDQ	0	12291
RPTGAADL	1	7941
KEGTASQK	0	10755
RETIAAVT	1	7662
RESTVAKL	1	7565
NGATASTQ	1	6368
KPTTVSQK	1	5313
KGLSASSK	1	4889
KDYIASML	1	2934
QANTASKI	1	6460
QASAASIK	1	6463
KDSSASDL	1	2814
KQTTGEKL	1	5680
KHSRSAKL	1	5044
TATTASKI	0	16258
RQSAVVKL	1	7969
KEGTGSKQ	0	15688
QLILAAKR	0	14110
TETRASCN	1	8299
KYDTAATS	0	16616
LHSIAVKL	1	6144
QDTSPSKK	0	10122
MPTTAAKE	0	9996
NESNAAKI	1	6283
SKTTGSKT	0	11453
KQNLAVKR	1	5334
QERNASIK	1	6564
TDSTALRE	0	9679
EESRESIR	1	871
QETVASTL	1	6901
KASSASRS	0	12016
KSTTGAEK	1	5782
DKTTASPK	0	11613
KATAASYQ	0	9003
KATPASTE	0	12590
KATTLADK	0	15636
KDAPASNK	0	15639
KPTPGAKR	1	5285
KQTTASNA	1	5662
TGTIGSIQ	0	11836
MATTDSRK	0	12873
VETFAAKL	1	8405
QQSAASTK	0	9660
HETISSKL	1	2333
KDTVASCK	0	11759
KGTTVSEQ	0	12852
KQTDPVKK	1	5569
TASTASLK	1	8200
EDTSASFR	0	15076
KNTTASAR	0	15226
KASVAAKK	1	2628
EQTNAVKL	1	1975
MANAASMK	0	15900
KETNSSQL	1	4424
KGTPASYE	0	12274
KDSSASTG	0	15140
KQPFAANK	0	11779
QDIGASKQ	0	12915
FDSIAAYE	0	13043
EPNTAAKR	1	1762
KENPGSKR	0	14717
RGSNDSKL	1	7866
KSTNAVKK	1	5767
MEATASSM	0	14007
RESEGAKL	1	7321
KDTTGSIK	0	15667
KLTWAAQN	0	12650
KECAASID	0	13881
REILAAKK	1	7253
KLTAAATV	0	11893
KRTPSAKN	0	15846
ESSPASKE	1	2027
KRTSASKM	0	10914
KETRAVLK	1	4497
KDAAASNE	0	16455
PVATASDK	0	15315
EENAASEI	0	9261
PHGPGSKN	0	14469
RYTSASSQ	0	11955
QGPTASIR	1	6918
QDTSPSKL	0	16034
TDSTASYE	0	12995
EDHMGVKK	1	376
QERAASYK	0	10197
KETSASIE	0	11505
LKSPASIS	1	6146
EVGHASDQ	0	11471
QVTSASNQ	0	16118
QVNAGSKK	0	8996
NLTTASVK	1	6376
QVPTASIE	0	11434
KETRAVDM	1	4480
KGSEPSEK	0	9512
KQINADRK	0	10996
KDIAASKK	0	14689
KDTTASID	1	2911
CSRSASKK	0	16356
KARLASRL	0	15615
TECAGSNT	0	11352
RASVGAKL	1	7144
QESTAAIK	0	16055
RERTASRV	0	14136
KETTAVDK	1	4705
KERAVSRW	0	10433
SDPAASKK	0	10479
HEMTASEK	0	13819
KESAPAKI	1	3213
EGGSVATK	1	1616
QDSAASIR	0	10846
KDSDGSKK	1	2782
REIAAPNK	0	14128
TEMTASNR	0	16912
KAYSATKK	0	9584
ERSRAAKL	1	2017
REHSASKR	1	7245
TETSNAWE	0	10880
NGRIASYT	0	15952
MMTTASTD	1	6242
RLTTAADK	0	11720
VDTPASRQ	0	12178
KERRASVK	1	3160
LETLAMGK	0	13372
KASIAPKK	1	2583
TKNSASKI	0	11066
YLPAARSG	0	15063
FYTGDGNT	0	14634
QEPTASTR	0	8844
EGTPASKC	0	10604
DESVASHK	0	16357
EETVASTL	1	1586
RDTTTSKL	1	7229
QVSAAVKR	1	7105
TGSIATDL	1	8340
QDSTASIK	0	16033
RETTAPIK	0	15396
EESHESKR	1	684
LQTLASKQ	0	11682
QEHSAVKL	1	6545
KQTMAVKK	1	5629
KGTSDSQK	0	15220
KASSASKR	0	13067
DVGTASKT	1	268
AGTEAVKK	1	167
KDTTASYN	0	11183
RETSRSEI	0	10299
KETTGAAK	1	4751
RGHTGSYT	0	8791
KETLDSKK	1	4333
KKSHAAKL	1	5069
KHATASTN	0	13959
KATMAAKS	1	2686
LQTAASPL	0	15896
QETTACWK	0	8896
KHSIAVKK	1	5037
RATSASIA	1	7161
QDPTASGQ	0	16031
AETSEAKK	1	139
TEPAGSKQ	0	16913
NETIAAKV	0	12095
PGPTDSEP	0	16707
HSIREVKR	1	2406
LQTTAQKK	1	6181
EETGDAKK	1	1223
RGTSASIT	1	7884
EESTSSKL	1	1106
TESLAART	0	14203
QGPSAVKK	0	13698
NATKASRT	0	15913
IEIAASKK	0	14285
SETTGAKI	0	12367
LNIGGSIK	0	10837
KDSWGSKR	1	2851
KETAGVKM	1	4070
RDTTAART	0	14961
HDSAGSQD	0	16394
AQSKAVKI	1	174
KYTTASWR	0	12868
KPTAGSIT	0	13342
KRSTGSKI	0	16599
RDSFAVKK	1	7185
QETNSSDL	1	6840
KQSASAKL	1	5363
SRTTASIK	1	8193
REATGSYK	1	7232
NQTDASVR	0	14862
HETRASNL	1	2346
RSAAASIK	1	8063
IETTVSDQ	0	11858
QESGDAKK	1	6596
RPTAATNI	0	12979
KQSRDAKK	1	5422
QESHASTL	1	6602
RQSTASIE	0	14546
KDSEGTKR	1	2784
KESVGSKH	1	3962
EETTGTKL	1	1560
EESEGADL	1	633
KESTGAKT	0	9617
TVTSAAEA	0	16322
ETRTAVKR	1	2050
QESWGSKS	1	6748
TRNAASKN	0	11263
EESVGSKQ	1	1134
DATRASKK	0	15069
KARFGSKT	0	15614
LESRAANL	1	6004
KETNSSDI	1	4409
KVHTGVKL	1	5830
EESFAVKQ	1	654
MDTTAPRL	0	14005
KDTTDSEG	0	8833
EVNMAVKR	1	2067
QPTGAADL	1	6985
GKTSASGM	0	10275
LDSAASKL	1	5943
KETSASSP	1	4571
KETTAWTK	0	9880
GLGIGSED	1	2158
KVIASSEK	0	12866
EPTFGVIK	1	1780
KEAAAVKK	1	2937
EDASASEL	1	374
LQTTASIQ	0	14825
KETNARIR	0	14747
QETMAVKI	1	6829
KATIATKR	1	2668
NQTIAAVK	0	9540
TTSTASAT	0	14224
RATTTSHK	0	13186
KEKIASHS	0	13306
RDDTASPV	0	13451
GGTSATKK	0	15547
NELSAPVK	1	6267
WGTTASRI	0	11970
IESSGSRK	0	12410
TESPASKS	0	9006
IQSWGSKK	1	2547
KHTPGSRI	0	15804
TLTIAAKV	0	10416
GQATASKH	1	2162
EETIASIA	1	1282
SETNGSTK	0	14177
TESSASKN	0	13006
QLATASTI	0	8920
KGVYGAIT	0	13619
KETHPPKL	1	4194
KQTNAVKK	1	5633
TATTASVE	0	9486
KRTTGSRQ	0	9992
KRTAASIQ	1	5707
NESAAPKV	0	16664
KETEAVVK	1	4119
PATIAAKK	0	12100
KASNAAVK	0	14296
HESWAAKI	1	2277
QLATASKK	0	16788
SETNATKK	1	8153
KVDSASKL	1	5820
QETIASKA	1	6801
EATIAANK	1	334
SQTYAVKR	1	8192
KDPGVSKA	0	8562
KETTATET	0	14360
QVTPASSK	0	16117
KVTGASNQ	0	12077
REAPASNN	0	9763
DQTVASKK	0	10129
PVTTASKT	0	11552
EQSRSSKL	1	1855
RDSTASYK	0	16136
KQTVAVKV	1	5699
EESLATKR	1	745
RESRASVT	1	7467
HATTESTK	1	2182
EPAITAET	0	15525
DRPVASKN	0	15495
EESFATKS	1	648
PETTASLV	0	14877
QGTTDPKK	0	9287
QENWGVKL	1	6559
EKTAASAK	0	14262
IDTSAAIK	1	2420
AHYNASTN	0	14241
NECPASST	0	12092
AETRAAVL	1	125
RVTIASSV	0	9237
EVSSASLE	0	16382
KNATASHQ	0	9439
QVSIASKK	0	9414
KETKASDN	0	12622
QQSQAADL	1	7027
RERSASKL	1	7285
QDSNASKI	1	6504
KGPTAPEK	0	15786
EGTTASEI	0	15517
KRSTASVV	0	10183
RDTTASDT	0	16139
KKNIAAET	0	10825
QIATASKK	0	12936
KQTTASIT	0	15237
TEPTGTAS	0	13218
KEGFAEKK	0	15686
KQTYAVKK	1	5701
MHTTASKN	0	8876
KTSTASKS	0	14397
TVHASAKK	0	11460
LGTGASKK	1	6136
EQTKDSKL	1	1967
EQRVAPYK	0	8757
QVTPGSKK	0	14119
KVPPASQR	1	5835
LQTTAQDN	0	12669
MESSGSKL	1	6217
LQSTASIR	0	12292
QANSAPQK	0	14890
QETLASTK	0	11022
PDITAANK	0	14046
EVAPAHRI	0	11172
KEHRASKN	0	12238
QGRTASKS	1	6920
LPKLASKE	0	10635
KQTSAAYK	0	14388
KQTIASVL	1	5608
RVTTAAIK	0	16231
KDTTGSKN	0	15668
QETGASTD	0	9086
EASKAAHQ	1	290
KDSPASTK	0	15652
TATTASDL	1	8201
AETTASDM	1	147
KPASASKL	1	5202
EESDASIK	1	612
HETNATKK	1	2337
KEPSASQQ	0	10107
NDGSASMQ	0	12477
QASVAVKK	1	6475
KPTTASHK	0	14790
KERNGSLK	0	12247
EESDSSKL	1	619
EESNAVTI	1	810
QASVAADL	1	6470
EVTTESIN	0	13809
HPSTGVKL	1	2386
EVSSDAKL	1	2085
KENVASNG	0	12819
HERNGSKL	1	2202
KETTAVDI	1	4704
NVPNASIN	0	12298
SQTVAAKL	1	8191
KPTGGVVL	1	5275
NENPASNK	1	6270
EETHEANR	1	1234
EETAAVRS	1	1176
TGPPGSTR	0	12173
KQPPGSKL	1	5342
ENCSAAKC	1	1741
TQSTASQK	1	8365
EESEGAKI	1	634
KGPTASRI	0	13609
KESIAAKE	1	3357
KSPAASYT	1	5723
HETTVSDQ	0	13829
KESTGAKH	0	12831
QETWATNQ	0	10642
IEANGSRI	1	2422
KRPTVSKI	0	14391
NESNGSKK	1	6289
HVSTAPMK	0	9770
KEAAASNQ	0	13080
SEATASEI	0	9765
EESRHSKI	1	880
NETNASEQ	0	14029
QETAVSTV	0	14088
QETYAVKI	1	6909
EETASAKL	1	1179
ESTSAAKL	1	2043
KECSASND	0	16481
QERPSSGN	0	11559
GERSASKL	1	2122
SETTVSDQ	0	14179
NEPAASKS	0	14839
KQTIATQT	0	14386
NTKTEVKK	1	6396
KPTTVPMR	0	11666
EESTVSKL	1	1109
KESTGAKV	0	14345
NGIVSSEK	0	9692
KERNAVKL	1	3158
KASVGAKK	1	2639
QDTSASAK	1	6527
ELGTGSKL	1	1720
CDAIATVA	0	9961
QQSTAADL	1	7041
KESIAAKA	1	3356
EEWTASKL	1	1611
RGTSAAKK	0	13731
SPSRAVKK	1	8178
QEPGASVK	0	12919
LESTASTQ	1	6032
QATTASKC	0	15320
QQATASRN	1	7010
KVAICSEH	0	12660
LGTSASTR	1	6137
KEGAASVI	0	12605
RTSSDAKK	1	8077
QETTAANL	1	6880
NGTSASKS	1	6372
NQYDASIK	0	12681
NGTTASVN	1	6373
KESSASVT	1	3751
KQTTDTKK	1	5676
KGPSASTI	1	4899
KDTRASNK	0	12425
RRSPASVN	0	16223
KQDRASRK	0	15822
KDGNASED	0	14303
RETTAARK	0	13728
KETTGTKI	1	4761
EESAATKR	1	592
NAHNASNS	0	14015
QESRDAKK	1	6672
KPCIAPGK	0	16573
TTTVGSKN	0	10309
IRATASRK	0	13277
KVPSGSEK	0	10553
QSTPRSLK	0	10468
NETHASSK	0	14028
IQSWASKL	1	2545
QSTAAAKL	1	7092
RGTSDAKL	1	7889
RESVAAKM	1	7571
YVTAASVC	0	13511
YEASASKR	1	8438
TVPTASNT	0	15050
QASPPSKK	1	6467
KESTGAKE	0	10494
SPTSGVKK	1	8181
KDTTGSNK	0	15148
IVTSVSTK	0	10612
KDPAASKI	0	15137
IGTTRSKK	1	2532
REWTAANT	0	16198
AEAVASKL	1	23
KLPIASQK	0	12855
NETAASVQ	0	14844
KENTASTE	0	15703
REVRGKSQ	0	16856
PESPASEK	0	11321
GVTTRAEN	0	9872
QKKAASKK	1	6945
QPTTASLI	0	10232
TETSAAQK	1	8307
QETRASDE	1	6850
LGPTVSKH	0	16635
KGSSASVK	0	13330
TAASASIN	0	14187
TETRAADL	1	8297
KQGTGVKR	1	5326
EHNTAAIE	0	11362
KEPTASTQ	0	16495
KGGTASDQ	0	13102
HESWAAKK	1	2278
NGTARSET	0	12889
METIASVL	1	6224
TESWGSKI	1	8263
QTSSDAKL	1	7095
LRTTASYH	0	15898
IETSDAHI	0	14665
EESSASDI	1	922
IESSDANN	0	15578
PETTASLE	0	14060
EESSGAKI	1	999
KETNAVNK	1	4379
KETHASVI	1	4176
HETLASIK	0	10891
LDNTASKE	0	13642
KETISSDL	1	4285
NASTAVKK	1	6249
QYTAASYG	0	14951
RVTYAAKL	1	8097
EVATARNG	0	13255
HESNASNT	1	2229
KAIIAAKS	1	2568
IPTTASEE	1	2541
KLRTDVKR	1	5125
VGVTDSNK	0	10598
EKTPAVKK	1	1714
IELAAVKK	1	2428
LETLAAKL	1	6073
PVRYATKQ	1	6458
PVPGASEK	0	12111
RPTTGSNK	0	13738
KDASGVKK	1	2743
KVHTGAKL	1	5828
PETSGSTT	0	10773
HERNGSLK	0	8985
QGPTAADK	0	14928
KCSFAAKK	0	11753
QVVAASGT	0	8840
DANSASEN	0	11738
RQTNASIH	1	8039
RQLPGSKK	0	16219
ADPTASNK	1	16
KEISAEKK	1	3019
RQISASDR	0	14164
KEAGASRR	0	12026
RETEAVRK	1	7632
KETTAPTQ	0	14755
KGTLASYK	0	14776
EGTTDPKL	1	1677
EGSTAAKS	1	1634
KQTCASRK	0	12280
QGTPASYK	0	13438
HAADASKK	0	13816
RQVTASNI	0	15418
KDPTASQT	0	15647
RDTLASTK	0	14126
GESSAAEQ	0	14635
PITAAAHG	0	12687
KQLTGAKK	0	10551
MLSPAAKK	0	16646
NDAAASKK	0	14835
RETPVSYK	0	11820
ETTRAAKL	1	2060
EDTTDSKL	1	471
NASTAIEQ	0	11686
KQTDAVLT	1	5543
HEATASGI	0	10008
EETIAIKR	1	1279
LESIGAKL	1	5982
KETAGIKL	1	4065
PDSTASYK	1	6409
IATRASIN	1	2413
QPSSGVKL	1	6980
RETCGSGK	0	13722
RQTRAAKL	1	8041
NDKLASYK	0	10839
KESTGANN	0	15730
KESSAALK	0	15724
HGATASKR	0	16408
TQIIAAKI	0	15038
EVSSASKL	1	2083
NPTTASQV	0	9189
KETSGVRQ	0	12839
REVPVAKK	0	12720
SPTTASRI	1	8183
TVTTSSKK	0	15476
IITTASKL	1	2535
KDPEASTH	0	12806
EQSTGVKR	1	1908
KDTFESKL	1	2865
KASPPSKL	1	2597
KEATASNQ	0	14325
EANTASKK	0	13788
KLATASTI	0	15809
NASTASAT	0	9728
KEAEASNT	0	10616
AETAATKR	1	94
EETTAVNL	1	1536
KKIADPKK	0	16563
LETSGSKT	1	6105
SETSGSDK	0	10660
KGSPAVKK	1	4925
KESPASSI	0	13088
VQAIAGLQ	0	15054
QKAFASKL	0	13704
MERSASQK	0	14828
TVESAANK	0	12554
EASTAPTH	1	308
RETNDAKL	1	7716
KGSTASIQ	0	14772
KDTSGVKL	1	2907
KQSWGSKR	1	5482
KVTHDAKK	1	5881
KELGAPKK	0	14331
KETVASRL	1	4813
KANIAAKL	0	13281
QMNIASKL	1	6961
EETDASKS	1	1191
KLQTPSIK	0	13110
TRTTASYH	0	16318
LESIASRK	0	15258
EATVAVKQ	1	371
RETASAKL	1	7615
EETRDAKL	1	1423
KETAAMKK	0	10052
CQTTASVK	0	13241
EEPAASDN	1	551
TESAASRR	0	12167
KENTGSMK	0	11092
KLRTDVKK	1	5124
MESNASVQ	0	12088
KESSVSKL	1	3807
KETTAVHK	1	4709
EETKSSKL	1	1324
KKTTASTK	0	12854
TETSASKL	0	12375
KASIAAKK	1	2579
QATNAVKI	1	6483
RDTSASCK	1	7218
KETAASHY	0	9090
KDPAGSHK	0	11635
KENSASTQ	0	11491
QENTASIE	0	16045
RESMDVKK	1	7417
KPTRQVKI	1	5288
QESIASTL	1	6613
RASGASEE	0	16128
TQTYASKK	0	15466
QYNTASKL	1	7122
REPGASKD	0	12521
NVTPASIK	0	9944
QGTTASKI	0	10861
EQSTAARL	1	1888
QERSASVK	0	9211
QNASASKL	0	15364
QESTASYG	0	14911
PEGTASVK	0	14458
KVHAAPKL	1	5827
TEPGGSVK	0	14570
REISGSKK	0	14969
PETTAPKK	0	12902
SQSPASEK	0	11255
KQRTASKK	0	14797
PPTRASKK	1	6445
QAMSAPKQ	0	13682
AVTTAAIK	0	8938
EQTTDAKS	1	1999
MGATASIR	0	14429
QATAASYQ	0	16023
RETNGSIK	0	16840
NETTVSDQ	0	11009
ENSRAVKM	1	1747
EDTTASDK	1	464
RPPRVEIR	0	13736
TETDAPIK	1	8272
KVTEGVKL	1	5879
EESISANL	1	723
KENSGADL	1	3110
KVRTASYT	0	13987
PGPTSSKM	0	14879
EETDARKR	1	1185
KEISASNK	0	14716
IGTTAAKQ	0	15119
EGIVAAYK	0	15514
KESAGSAK	0	13569
RETSGSTK	0	16189
RDTTGSIK	1	7226
GDTTAAKN	1	2117
EDCVGSKC	1	375
RDTAATTK	0	9842
KASIAPGI	0	11082
KPHAAVKK	1	5208
KETTPSQT	0	14764
KDTTASQN	0	9684
MVTPASNE	0	12475
LLPSASNE	1	6151
REHTESDE	0	16154
RESWGSKS	1	7590
LGVVAPKR	0	9644
KDTTASKV	0	15145
KKSNAVDI	1	5071
QATSAAEK	0	16734
KGNTAEKK	1	4894
KYIASAEK	0	12664
RETSNADI	1	7774
TLSDAVKK	1	8350
HGTTAPEI	0	12575
AESIAVKL	1	46
RETTAPGE	0	9299
KVDSASRQ	0	9470
RQTTAKDK	0	16876
KSTRESKK	1	5770
THASGSKK	0	10484
KQTIRSTI	0	11668
TETNATKK	1	8289
TEATAAEE	0	15020
KESAGSSK	0	11873
EESGASDL	1	665
KESSDTKR	1	3783
HPTTASIK	1	2387
KETASSVT	0	12045
QQTTATYK	0	16796
ENSRAVKL	1	1746
RDVNASLK	0	14963
QDSNAVKK	1	6505
TYGTASKK	0	14586
KKSWGSKK	1	5092
KGTTASLG	1	5017
RAASAVKK	1	7124
PEPTASMK	0	15987
QETPAAIP	0	16064
QECTGSLI	1	6541
TEAGASRR	0	8824
EGTIASDL	1	1656
QLGPASKK	1	6949
DDAAASWK	1	204
RESAPAKL	1	7310
KEATASEQ	0	16473
KVTAASGG	0	10366
IELAASRK	0	10610
KLCSGAKC	1	5114
QPSTASTE	1	6982
RAICGSKQ	0	10866
QPRCASKE	0	16101
KEITAKKK	1	3022
RENSGANK	0	16821
RAVLASKL	1	7168
RETGDAKK	1	7640
KESRESIR	1	3692
TEITVAYK	0	16271
MASSVTKI	0	15265
KQTTGSMK	0	11528
QESVASEK	1	6733
NHTRASKK	0	14858
TEPTGSSE	0	16916
EGSSASKL	1	1632
HEPSCSKM	0	15556
YDTSASNK	1	8437
VKSTAPNR	0	15053
RQTTDAKL	1	8052
QKTAASLK	0	14936
QDPGVSKA	0	10775
KVTRATKK	1	5902
EDATASEN	0	16362
EQTAAVKL	1	1923
PLTWAADL	1	6443
KETNSSIL	1	4413
LQITAAIE	0	9809
MESTATKL	1	6218
RQSWGSKK	1	8013
EGTSAAKK	0	8941
HVIMGSEH	1	2408
RRRTASKD	0	16878
KMSTDSRK	0	9223
RVSNAAYK	0	16883
KENNAVDL	1	3077
RSTNASVK	0	11052
RLTWAAQN	0	15410
TEITGSNK	1	8211
EENDAAKK	1	523
NDTPGSQR	0	13383
TETCASRT	0	10662
VEGIASAH	0	13506
YVTNASEI	0	15064
QYTMACMD	0	12137
KGNSGSVV	0	13946
KAKAASNI	0	11859
QETSDAKL	1	6871
RESRDTKL	1	7478
KESHDSKR	1	3348
YEKSGSNT	0	10742
KENNAADL	1	3066
RESGDAKK	1	7375
REPNASLK	1	7281
SESSASKG	0	11253
QESKGPRN	0	16052
TESTSARL	0	14206
GANVASEK	0	16383
EENTATKK	1	544
RENSGAKL	0	14130
KETHEANL	1	4187
KPSPDPKK	0	16574
NEASCSDK	0	13136
RVITALKI	0	15005
PGATASGI	0	14464
KGPTAADK	0	10548
NEANASAN	0	10558
QPPAASKQ	0	16790
KQTDATKL	1	5520
EGTADAKL	1	1649
TEDNASLQ	0	13486
KPSIGADL	1	5222
KPTGAKAT	0	15230
YVTKASNV	0	11736
VGTTASRI	1	8423
PEPTASIK	0	16695
KGSTASEH	0	14371
EGPTSSKM	0	15515
KETIGAKS	1	4273
KQTTVSKT	0	15844
KESTTVKK	1	3913
KQTSAATK	0	13973
KEKTDAKK	1	3048
QRNPASAK	0	13444
QETNASKN	0	16063
KETCESTE	0	11388
EDSVAANK	1	427
RGNTAVKM	1	7856
KHSRAPTT	0	10824
HESSAAKK	1	2247
QQAARSDK	0	14939
QQRAASKT	1	7013
AEPIASDR	0	14594
PETRFAMV	0	15993
PKTTASRK	0	9542
KDALAEKK	0	15638
EDTPGSHN	0	15500
SETKASQQ	0	16894
KGASAPRR	0	13601
RGQTPSIQ	0	14153
EGTNASNK	1	1660
REICAPKK	0	9367
EETTSAKK	1	1563
WDTSGSRY	0	14229
AETIGSKK	1	114
TETLAAKK	1	8286
QEDGASEI	0	10777
KQTRDVKK	1	5648
RPTRASKL	1	7950
IEATASVR	1	2424
PERTASKK	0	10330
PEATAAVK	0	13671
HGRAASKL	1	2377
KQPAGSKT	0	11896
KSTTAPHK	0	12076
RECSASYI	0	16149
EVSPASKL	1	2076
NDHIASYT	0	9970
YEQTASQK	0	13234
KESSDSVL	1	3780
KENRASKL	1	3104
QIASGVKK	1	6943
KVPTASEE	0	14809
EGTRASKL	1	1663
KDSVADKI	1	2843
YGAAASKV	0	8827
RHPTAPKT	0	12723
TASAASRT	0	14188
LETSDAKS	1	6102
EETSAFKK	1	1444
KQPTASRK	0	15832
KRKIASIK	0	13117
KESIVVKL	1	3406
KAAAGSNK	1	2556
EEDTASKL	1	492
PESAASRK	0	13673
KETNSSVT	1	4429
QESTATDN	0	10293
PGTVAAKK	1	6440
ETRSATKK	1	2049
PVATASSK	0	16720
ILSTASQK	0	8701
QATPASKQ	0	12912
SDTPACKK	0	15424
KESSDAVR	1	3774
GDSTAWKS	0	12771
KQTTGAKI	1	5679
QETPASKE	0	16066
RETTAAQV	0	11041
KEITGSKK	0	11090
HDTPGSIQ	0	11364
KKSTGAKK	1	5090
QDWPGSLK	0	16745
KGTTASIP	1	5016
TQTNAVKM	1	8372
KEAIAAKL	1	2944
ENSRAVKK	1	1745
RDSIASKN	1	7190
DDTTSSKI	0	10128
EESNASRE	1	781
KVSNAKLK	0	13988
DESSDAKR	1	231
KRTIASDN	0	13979
QASVAAKK	1	6471
PQSTAAIK	1	6452
RQSTATDL	1	7999
TETAGSNK	0	14575
YATAASIQ	0	13779
KETNASQD	1	4365
RESTGARE	1	7557
IGTTASST	0	13843
EESSSSDL	1	1012
KVTPASGT	0	11534
RESFASRL	1	7333
KVCAGSKG	0	9407
KEPPASHN	1	3126
QDTPASNK	0	14074
KEPTVAKK	1	3136
KENGASKT	1	3059
IGTIASNK	0	15591
LVSPASNK	0	14002
LETWAAKL	1	6128
KQIAQSVN	0	15826
LESRGSKK	1	6013
DPSTASLK	0	11614
KEPSAEKQ	0	11385
RQTMAAKL	1	8038
QETRASRR	0	13693
KGPIASNH	0	15212
HDASASKD	0	10889
RETIAAAI	0	9648
HATSGSKL	1	2177
VGTPVSKK	0	11265
KEATGSVN	0	10493
QLSTASQK	0	12937
NESKASLK	0	12677
RDTTDSKI	1	7224
KESIASQN	0	10819
KETIATKA	1	4249
RATKSAKQ	1	7157
KETNASNN	0	15196
IHTTASRK	1	2534
KEPKASMR	0	14720
KETNEAKL	1	4387
QEGIASKR	1	6542
KPTSASER	0	16576
KGTTAPST	0	13956
DAASASKK	1	201
RGTGAVKK	1	7877
EESIAASL	1	695
PGTSESKK	0	16006
DSSSAAKL	1	266
KAANASYI	0	13550
LQTLAIEQ	1	6180
AYTIAANK	0	15486
KESTGASL	1	3888
SVTRATKK	1	8194
QGTAASEE	0	13181
KCSPESKL	0	9076
RQTIASKR	1	8037
HERTASTV	0	13048
KEMAASAK	0	15166
KLRSGVKK	1	5120
EDTIAADL	1	444
CDSTDSQK	0	14599
SESNASKK	0	13474
KAATAADL	1	2559
RENSGAKR	0	16159
LENRARYQ	0	11536
EHALASKK	1	1682
RHATASVK	0	11344
QDNAASYP	0	15323
KGHSASTE	0	13329
KESVAAVV	1	3933
LGRSASTE	0	11911
KEPSATIK	0	10280
RETNGTKK	1	7719
QDATASGK	0	16738
RPTSASKR	0	16867
TDRTVAKK	0	10003
NELGAPKK	0	9408
KKPGASNK	1	5066
QRLTAPNI	0	12941
KQFIASGE	0	13968
KETGASTD	0	13579
KDPTASKQ	0	15646
QESGDAVL	1	6599
KESNEVKI	1	3574
GDNTAVKK	1	2115
MANAAAKL	1	6191
KTRSATKL	1	5789
NSPTAGIK	0	15970
TETTGSAN	0	8993
EECSGAKL	1	491
QTSSDADL	1	7094
KESTATKE	1	3841
KETIAASS	1	4226
KESPDWKK	1	3611
QGPAASYK	0	12503
QEMTAAKN	0	14085
KQPADAKK	1	5337
RETISSDL	1	7678
RESGGVKL	1	7377
REASASYD	0	9205
QGTKASQN	0	14932
KARDGSNK	0	15613
TEIPATNL	0	10877
RRTTASYH	0	12531
RRHGASTM	0	11593
EASTGVKK	1	312
EASIAADL	1	282
NERTASNK	0	16663
KEKTASRL	1	3044
QEANASLK	0	10335
RGAPASNQ	0	8982
KDGTASQK	0	9873
KETRESDL	1	4522
KDSAASRT	1	2775
EATPATKL	1	352
EERSAVKL	1	570
KESFDTKL	1	3305
RESTASTR	0	15384
LETFASAI	0	13646
KATTASEG	0	14685
IESAAATK	0	9032
RQTIAAIK	0	16873
EQTIATKK	1	1964
DAIIASRE	0	9680
IGTLASSK	0	16432
KETNSSRL	1	4427
QPTSVPRK	0	16103
NDTGASKN	0	15270
AGSSAAET	0	14597
KETTACWK	0	12266
NQASASRK	0	9476
RERTASKI	0	13454
KDSSAAKI	1	2813
KATTGSEK	0	10815
KVTIASSV	0	14811
KPTGAADL	1	5258
QHSPRSES	0	15362
HDTTASGR	0	10350
KLCSGAKL	1	5115
HETTPSQT	0	9652
KGATDSKK	0	15781
LATNASET	0	10254
TATSASNK	0	16905
KPANASHR	0	15814
KETARSDL	0	10903
SRPPGSQT	0	15435
LGSSASNA	0	11117
KESNAGKK	1	3485
KGGSVATK	0	9686
HPSTGSHT	0	15565
TEITASTN	0	9980
MANAASNK	0	9914
TDLTASEI	0	16260
MVTTASRM	0	9711
NETPASKT	0	14848
TEMAASSK	0	15446
KGSTAKIK	0	13951
RQCRASKK	0	15001
KQTSGTKK	1	5658
KERIAAKL	1	3148
TETSASNT	0	15026
KVNTASYR	0	9710
KQLTASKK	0	14796
QASRDSFQ	0	16728
PPATASKK	0	16013
NDAGASRE	0	12476
EVSPGVKK	1	2077
PEINGSKK	1	6415
KEAIASGI	1	2945
RDTDASSS	0	12139
HESWGSQK	1	2306
KESTGAKI	1	3886
NEARASTK	0	14437
KKATASEH	1	5061
RDRNASIR	0	9954
KETTAKTQ	0	11653
RDTGASKN	0	11713
KETSAVDQ	1	4583
EESTASDR	1	1045
KHTTDSYK	0	13962
RDVAAAKK	0	13192
IEATASTN	0	15575
KGLMAERK	0	10761
KEITAATR	0	12239
TVYSAPRK	1	8385
NGTNGSIK	0	15280
EQSTAPES	0	13532
TKTTAETK	0	11837
EHPAASKL	1	1683
SETSASVQ	0	16246
RASSRSKV	0	14954
IVTSASRQ	1	2555
PVPTASDL	1	6457
NDITGSKK	0	16656
KQAAASNI	1	5315
KETAGSNK	0	16511
KECPASNS	0	12604
AATRSSMK	0	13239
KATIAAIE	0	13285
IQTNESNH	0	10385
KETIAAKA	1	4210
QRTTASYH	0	12943
YENVASTK	0	13780
EETTASGD	1	1514
KENTASLQ	0	15701
LETSDAKL	1	6100
EETSAVDM	1	1452
IGTGAVKK	1	2529
KQIRVQVT	0	15828
KQTTASRQ	0	9855
EETISSKK	1	1310
NATIAAKK	0	16653
VAPSAWQV	0	12177
KNSRAVKI	1	5175
RPNSAVKR	1	7929
